Gene	Average shortest path length to known risk genes	FDR p-value (Average shortest path length)	Average cosine similarity with known risk genes	FDR p-value (Average cosine similarity)
VHL	4.569230769230769	7.876511529724683e-110	0.6342602	0.0
MUC4	5.0	1.0403022436148605e-57	0.64315027	0.0
PBRM1	4.492307692307692	2.6367587701207193e-120	0.6386424	0.0
SETD2	4.3076923076923075	1.6061002820099371e-146	0.64658093	0.0
BAP1	4.2153846153846155	4.1405980620575787e-160	0.6489853	0.0
MTOR	3.8153846153846156	1.5257723778376923e-221	0.65072465	0.0
DST	5.318181818181818	1.8111998406309878e-28	0.665367	0.0
PABPC1	4.9393939393939394	2.8876096295366594e-64	0.6614847	0.0
TP53	3.0153846153846153	0.0	0.62079453	0.0
PIK3CA	4.230769230769231	8.059527808269589e-158	0.6602767	0.0
PCLO	4.9393939393939394	2.8876096295366594e-64	0.6736751	0.0
ATM	3.8615384615384616	2.630959538683699e-214	0.67194104	0.0
SPEN	4.369230769230769	1.236276675205161e-137	0.67056274	0.0
KMT2D	3.787878787878788	6.691875806829089e-226	0.67328596	0.0
PDE4DIP	5.2272727272727275	7.038927224180759e-36	0.65436935	0.0
USH2A	8.075757575757576	1.0	0.6617497	0.0
PTEN	3.9076923076923076	4.197259100676777e-207	0.6386633	0.0
EGFR	3.4393939393939394	2.874829087237775e-281	0.65767103	0.0
FLG	4.212121212121212	1.3452563711804457e-160	0.67977446	0.0
SMARCA4	3.523076923076923	7.366257580348503e-268	0.66538024	0.0
MAP2K3	3.9545454545454546	7.665781365813323e-200	0.65570676	0.0
LRP1B	5.538461538461538	5.4785463505579006e-14	0.6800452	0.0
KCNJ12	5.636363636363637	3.1603395062496015e-09	0.654453	0.0
FBN2	7.515151515151516	1.0	0.69063157	0.0
BAZ2B	5.318181818181818	1.8111998406309878e-28	0.6791815	0.0
ZNFX1	6.2272727272727275	1.0	0.680474	0.0
SPTA1	4.590909090909091	6.15075884339598e-107	0.68025976	0.0
BRWD1	4.46969696969697	1.931907190857211e-123	0.5884103	0.0
HLA-DRB1	15.0	1.0	0.60866326	0.0
BRCA1	3.1818181818181817	0.0	0.098086886	1.0
COL5A3	7.196969696969697	1.0	0.6762417	0.0
MUC6	6.878787878787879	1.0	0.6704254	0.0
MYO3A	4.4393939393939394	1.1179237737721773e-127	0.6777026	0.0
NOS1	5.5606060606060606	8.070067712540837e-13	0.6843473	0.0
SVIL	4.242424242424242	4.2660456775394e-156	0.6293463	0.0
NF1	4.553846153846154	6.659889834497211e-112	0.65660006	0.0
AKAP9	5.092307692307692	2.6403467028671208e-48	0.68913066	0.0
BIRC6	4.166666666666667	2.1673241151360944e-167	0.68228406	0.0
MED13	6.4393939393939394	1.0	0.696938	0.0
ARID1A	4.507692307692308	3.44578142306204e-118	0.68588346	0.0
ZFPM2	4.0606060606060606	1.739805437553857e-183	0.67808527	0.0
ANK2	5.378787878787879	5.596677988813906e-24	0.6946766	0.0
UBN1	6.015151515151516	0.9432481883172866	0.66214985	0.0
LRP2	5.045454545454546	5.449835677091945e-53	0.68772864	0.0
WASL	4.212121212121212	1.3452563711804457e-160	0.6236381	0.0
RANBP2	4.6	1.002533276202518e-105	0.68223435	0.0
BLM	3.9242424242424243	1.4883845906973111e-204	0.67766905	0.0
MAGEC1	15.0	1.0	0.5286576	0.0
CRIPAK	4.333333333333333	8.36973431338001e-143	0.63214797	0.0
SOS1	4.045454545454546	8.293864890908537e-186	0.4091967	2.1426754604987705e-248
RYR3	5.545454545454546	1.2939466289206966e-13	0.6901654	0.0
PDZD2	5.409090909090909	7.050991745134946e-22	0.6925039	0.0
JAK2	3.8181818181818183	3.9384120538611244e-221	0.14058468	1.0
NRIP1	3.757575757575758	1.1434317634623256e-230	0.5503775	0.0
NFE2L2	4.2153846153846155	4.1405980620575787e-160	0.652711	0.0
ZBTB38	6.015151515151516	0.9432481883172866	0.6548723	0.0
PDGFRA	4.015151515151516	1.8150337481646768e-190	0.633632	0.0
SETBP1	5.123076923076923	2.494678278445991e-45	0.6127636	0.0
KIF20B	4.166666666666667	2.1673241151360944e-167	0.6855177	0.0
XPO1	3.893939393939394	2.855528363833788e-209	0.5338834	0.0
RYR1	4.938461538461539	2.301252785444753e-64	0.67273605	0.0
HLA-DRB5	15.0	1.0	0.55049795	0.0
SYNE2	5.507692307692308	1.0562905131544664e-15	0.613745	0.0
RARA	3.742424242424242	4.647503459395832e-233	0.22787578	6.604621866097707e-08
CACNA1S	5.545454545454546	1.2939466289206966e-13	0.68884784	0.0
KIAA0319	5.363636363636363	4.575487144392107e-25	0.62809074	0.0
COL11A1	6.0	0.8130487145366784	0.67289776	0.0
HERC2	5.106060606060606	5.774871996982557e-47	0.6860216	0.0
KIF1B	5.590909090909091	2.632737875380154e-11	0.69903964	0.0
DUOX1	15.0	1.0	0.6705584	0.0
ARHGAP5	4.590909090909091	6.15075884339598e-107	0.67681146	0.0
PTCH1	15.0	1.0	0.6546934	0.0
HSPA8	3.5606060606060606	6.279138206492591e-262	0.49124312	0.0
SALL1	3.878787878787879	1.2284127079251473e-211	0.6802893	0.0
SPHKAP	5.878787878787879	0.04703166165001248	0.6731072	0.0
COL1A2	6.318181818181818	1.0	0.67242235	0.0
PKHD1	7.045454545454546	1.0	0.6957324	0.0
CCNB2	4.292307692307692	9.110727559611072e-149	0.62766063	0.0
ADCY8	4.424242424242424	8.234322370316294e-130	0.67036396	0.0
CNTNAP4	6.166666666666667	1.0	0.68281054	0.0
ATP2A1	4.484848484848484	2.430993042715581e-121	0.66359717	0.0
RYR2	5.212121212121212	3.4266830986446446e-37	0.6762933	0.0
PTPRZ1	4.454545454545454	1.4842317088682658e-125	0.6848881	0.0
BCL6	4.03030303030303	3.9142803071732094e-188	0.6029208	0.0
CUL9	5.96969696969697	0.5313972993119761	0.68488663	0.0
CACNA1C	4.651515151515151	5.700658646082387e-99	0.7005587	0.0
ERBB4	4.3538461538461535	7.738251692197023e-140	0.6472294	0.0
PRX	8.227272727272727	1.0	0.54667944	0.0
DHX37	15.0	1.0	0.65813404	0.0
ATF7IP2	4.303030303030303	3.33264627763135e-147	0.63974583	0.0
ZMYM2	3.9696969696969697	1.7009092593290584e-197	0.6845425	0.0
PCDH7	4.515151515151516	3.593818462139579e-117	0.6749767	0.0
CDKN2A	4.454545454545454	1.4842317088682658e-125	0.5456285	0.0
BRCA2	3.712121212121212	7.49123416449061e-238	0.656836	0.0
HLA-DQB1	5.893939393939394	0.08040728585071569	0.5410681	0.0
STAG2	5.7846153846153845	0.00046538158348850416	0.6638716	0.0
ANKHD1	5.106060606060606	5.774871996982557e-47	0.6249147	0.0
MSR1	4.553846153846154	6.659889834497211e-112	0.6167034	0.0
SLC27A6	4.4393939393939394	1.1179237737721773e-127	0.63705295	0.0
IFT140	6.666666666666667	1.0	0.67681307	0.0
ITPR2	4.545454545454546	4.834723743239444e-113	0.70079434	0.0
SREK1	4.2727272727272725	1.2235597067539176e-151	0.48598757	0.0
NFAT5	5.545454545454546	1.2939466289206966e-13	0.6756137	0.0
AOX1	6.196969696969697	1.0	0.66562676	0.0
NPNT	7.446153846153846	1.0	0.62215906	0.0
EP300	3.272727272727273	9.02494680543969e-308	-0.088685565	1.0
PCNA	3.8636363636363638	5.309754525883307e-214	0.103274606	1.0
RHEB	4.030769230769231	4.6121262767503796e-188	0.59320784	0.0
PEG3	4.803030303030303	5.12655010797389e-80	0.68997407	0.0
GALNT11	6.0	0.8130487145366784	0.3271195	9.315441344892524e-111
KIF14	5.242424242424242	1.363714314520086e-34	0.68228817	0.0
SF3B1	4.123076923076923	5.75414058423669e-174	0.5996796	0.0
ANPEP	5.4	1.7048231136741284e-22	0.6138144	0.0
CDH18	15.0	1.0	0.6291116	0.0
STAT1	3.5757575757575757	1.664769427632275e-259	0.26172197	1.1371862529024546e-30
CPAMD8	8.833333333333334	1.0	0.6600658	0.0
GOLGA3	4.318181818181818	5.3259981484645446e-145	0.6894863	0.0
RRAD	3.787878787878788	6.691875806829089e-226	0.6290966	0.0
CSF1R	4.630769230769231	1.1305709706046192e-101	0.64414024	0.0
COL4A5	7.075757575757576	1.0	0.695862	0.0
CLTC	4.2	2.112884981269561e-162	0.6142204	0.0
MTUS2	5.666666666666667	5.7023465843776827e-08	0.6109917	0.0
SVEP1	3.8636363636363638	5.309754525883307e-214	0.70204556	0.0
CUX1	3.9846153846153847	3.6260126247709695e-195	0.6576163	0.0
RGS3	4.045454545454546	8.293864890908537e-186	0.62269527	0.0
ATRX	4.318181818181818	5.3259981484645446e-145	0.7022095	0.0
LRRCC1	4.9393939393939394	2.8876096295366594e-64	0.59956145	0.0
CPS1	4.378787878787879	2.851091925485961e-136	0.6924184	0.0
SI	4.590909090909091	6.15075884339598e-107	0.6884091	0.0
DNMT1	4.075757575757576	3.621754795530252e-181	0.6839242	0.0
REM1	4.121212121212121	2.993933330416968e-174	0.61993927	0.0
TBC1D1	3.787878787878788	6.691875806829089e-226	0.59921455	0.0
RAPGEF6	4.651515151515151	5.700658646082387e-99	0.6635653	0.0
THBS1	6.393939393939394	1.0	0.6284347	0.0
PPM1E	5.03030303030303	1.5255864629947634e-54	0.6291477	0.0
SAP130	4.090909090909091	7.431731658940583e-179	0.6681787	0.0
CCNB3	4.606060606060606	6.280766027761081e-105	0.69209516	0.0
NR2C1	3.8484848484848486	2.263719495264942e-216	0.6406715	0.0
NEBL	4.818181818181818	3.3485901111930753e-78	0.60612357	0.0
LAMC2	7.196969696969697	1.0	0.6869998	0.0
STK11IP	4.151515151515151	1.1446109044602285e-169	0.6651503	0.0
PLAU	6.712121212121212	1.0	0.62127703	0.0
DAXX	3.5	1.434207471176549e-271	0.4021047	8.923819571742253e-236
LAMA4	3.878787878787879	1.2284127079251473e-211	0.57116	0.0
TEC	4.303030303030303	3.33264627763135e-147	0.58298147	0.0
FLT1	4.287878787878788	2.0335762994395374e-149	0.6400544	0.0
THEG	5.378787878787879	5.596677988813906e-24	0.59048057	0.0
BOC	4.181818181818182	4.0396039921142017e-165	0.68238616	0.0
MCM7	4.606060606060606	6.280766027761081e-105	0.55383325	0.0
PI4KA	15.0	1.0	0.5764736	0.0
CLTCL1	4.257575757575758	7.351715149052645e-154	0.69837785	0.0
HLA-B	5.924242424242424	0.19929500119739843	0.5629995	0.0
TRIM51	5.181818181818182	6.9932454275569265e-40	0.5734729	0.0
IST1	5.151515151515151	1.1784022048920932e-42	0.583998	0.0
AGK	5.0	1.0403022436148605e-57	0.6000006	0.0
KLF8	5.181818181818182	6.9932454275569265e-40	0.571266	0.0
TFDP2	4.5	2.987526822932176e-119	0.62309575	0.0
ZNF804A	5.2	2.9441965020958447e-38	0.65715873	0.0
RREB1	5.575757575757576	4.742374516777844e-12	0.6707829	0.0
PROC	7.712121212121212	1.0	0.6265468	0.0
GABRG2	4.287878787878788	2.0335762994395374e-149	0.6232357	0.0
SPRED1	4.287878787878788	2.0335762994395374e-149	0.6061105	0.0
JMJD7-PLA2G4B	6.984848484848484	1.0	0.6240448	0.0
PPP2R2B	3.696969696969697	3.006258229506499e-240	0.6167467	0.0
CD300E	15.0	1.0	0.4360218	1.680230107333745e-296
PCNT	4.909090909090909	1.1939958588792523e-67	0.70653063	0.0
ATP1A1	5.03030303030303	1.5255864629947634e-54	0.5085652	0.0
CYFIP2	4.621212121212121	6.241076737412368e-103	0.6879587	0.0
SMC3	4.696969696969697	3.895072545540908e-93	0.6775748	0.0
KIAA0368	6.5	1.0	0.69471455	0.0
SMG6	4.833333333333333	2.107807229110395e-76	0.65036595	0.0
ABP1	5.636363636363637	3.1603395062496015e-09	0.5522165	0.0
TXNIP	4.461538461538462	1.4187092856698724e-124	0.5869886	0.0
FGFR1	4.242424242424242	4.2660456775394e-156	0.46316963	0.0
DMXL2	7.409090909090909	1.0	0.7006946	0.0
RP1	4.833333333333333	2.107807229110395e-76	0.6978194	0.0
SCAF11	4.681818181818182	4.566391540340071e-95	0.6887936	0.0
GBF1	4.363636363636363	1.9296931071479538e-138	0.7006618	0.0
COL6A3	7.590909090909091	1.0	0.6823844	0.0
MAN2C1	7.181818181818182	1.0	0.6308102	0.0
GRB2	3.727272727272727	1.8809940959048096e-235	-0.15132314	1.0
GRIN2B	4.0606060606060606	1.739805437553857e-183	0.5347964	0.0
BRD7	4.409090909090909	5.914786475214866e-132	0.62796515	0.0
GUSB	4.590909090909091	6.15075884339598e-107	0.593993	0.0
SUPT5H	4.333333333333333	8.36973431338001e-143	0.6842875	0.0
ACVR1B	5.378787878787879	5.596677988813906e-24	0.6174026	0.0
SUN1	7.03030303030303	1.0	0.4390227	6.711292177928416e-302
LAMA1	6.5	1.0	0.6956325	0.0
TAF7L	4.53030303030303	4.226910827537424e-115	0.6034626	0.0
DHX36	6.484848484848484	1.0	0.62996733	0.0
MTMR4	5.090909090909091	1.923470993656941e-48	0.6562442	0.0
SELE	4.378787878787879	2.851091925485961e-136	0.6517864	0.0
UBR1	4.621212121212121	6.241076737412368e-103	0.6999998	0.0
CDK3	4.045454545454546	8.293864890908537e-186	0.573753	0.0
DCN	6.545454545454546	1.0	0.5621147	0.0
HUWE1	4.0	8.378388133182956e-193	0.68919307	0.0
PAK6	3.696969696969697	3.006258229506499e-240	0.6445153	0.0
USP18	5.166666666666667	2.93824026063579e-41	0.49522862	0.0
JUN	3.4393939393939394	2.874829087237775e-281	-0.07455632	1.0
MMP2	6.590909090909091	1.0	0.57316464	0.0
ZNF423	4.0606060606060606	1.739805437553857e-183	0.6908741	0.0
GNAS	5.4393939393939394	7.15071135886857e-20	0.42685145	5.162690027078976e-280
PROX1	4.075757575757576	3.621754795530252e-181	0.66439843	0.0
VAV2	4.242424242424242	4.2660456775394e-156	0.6600145	0.0
TCEB1	6.507692307692308	1.0	0.36553752	2.868950638757675e-172
CFH	7.151515151515151	1.0	0.53397316	0.0
SUCLG1	9.424242424242424	1.0	0.46218392	0.0
PTPRC	4.2272727272727275	2.4241998747786866e-158	0.49086547	0.0
PTPRJ	3.9242424242424243	1.4883845906973111e-204	0.66551685	0.0
TRPV6	4.2727272727272725	1.2235597067539176e-151	0.64526576	0.0
CENPF	6.257575757575758	1.0	0.7031515	0.0
ABCA1	5.196969696969697	1.5845634300765288e-38	0.68120694	0.0
XPOT	4.833333333333333	2.107807229110395e-76	0.66476864	0.0
MAX	3.9545454545454546	7.665781365813323e-200	0.47599185	0.0
GLS	4.848484848484849	1.2797706148193189e-74	0.6060294	0.0
KLK6	7.803030303030303	1.0	0.47036427	0.0
CDH2	4.045454545454546	8.293864890908537e-186	0.6476293	0.0
DMD	6.090909090909091	1.0	0.660166	0.0
FLT4	4.569230769230769	7.876511529724683e-110	0.6906795	0.0
GMFB	3.712121212121212	7.49123416449061e-238	0.54858184	0.0
CPLX2	7.803030303030303	1.0	0.4467178	9.6361018e-316
OPRD1	5.015151515151516	4.0682418292930166e-56	0.590508	0.0
RNF10	4.7272727272727275	2.5869665633246372e-89	0.66253555	0.0
DIO2	5.590909090909091	2.632737875380154e-11	0.42562914	8.076153703340491e-278
RAPGEF2	4.121212121212121	2.993933330416968e-174	0.69580895	0.0
ZHX3	4.4393939393939394	1.1179237737721773e-127	0.6514843	0.0
GRIA1	4.318181818181818	5.3259981484645446e-145	0.6557245	0.0
SMAD2	3.015151515151515	0.0	-0.10605915	1.0
MADCAM1	5.121212121212121	1.65394062595959e-45	0.5367514	0.0
CUL3	4.348484848484849	1.2952202012909316e-140	0.66268677	0.0
MPO	15.0	1.0	0.6298872	0.0
CDK12	4.461538461538462	1.4187092856698724e-124	0.69437605	0.0
CNTRL	5.545454545454546	1.2939466289206966e-13	0.7004421	0.0
SLC22A6	6.2727272727272725	1.0	0.5362194	0.0
HSPA9	5.015151515151516	4.0682418292930166e-56	0.6068526	0.0
CHEK2	3.696969696969697	3.006258229506499e-240	0.454451	0.0
GLYAT	5.0606060606060606	1.868647141764226e-51	0.56283134	0.0
SLC4A8	5.878787878787879	0.04703166165001248	0.62691647	0.0
TGFBRAP1	4.484848484848484	2.430993042715581e-121	0.6619974	0.0
ACTG1	4.2272727272727275	2.4241998747786866e-158	0.4455712	1.11308398024e-313
APPL2	4.606060606060606	6.280766027761081e-105	0.61519295	0.0
RTN3	6.742424242424242	1.0	0.4508233	5.4e-323
KLK3	6.515151515151516	1.0	0.44153318	2.0472820632125983e-306
PLG	5.893939393939394	0.08040728585071569	0.532839	0.0
CCNA1	3.757575757575758	1.1434317634623256e-230	0.5395281	0.0
KIAA0930	4.181818181818182	4.0396039921142017e-165	0.5983126	0.0
AKT2	3.6363636363636362	7.240515644060204e-250	0.5787365	0.0
SRC	3.303030303030303	6.694465929179814e-303	-0.13210958	1.0
GATA2	3.6666666666666665	4.818447051986087e-245	0.6095891	0.0
TRAT1	4.2727272727272725	1.2235597067539176e-151	0.55335176	0.0
CAPN3	6.151515151515151	1.0	0.4566519	0.0
IL1RAP	5.03030303030303	1.5255864629947634e-54	0.6371425	0.0
SIK2	4.5	2.987526822932176e-119	0.65361476	0.0
RNF4	3.9545454545454546	7.665781365813323e-200	0.51926905	0.0
CCDC120	5.151515151515151	1.1784022048920932e-42	0.65860766	0.0
KLK10	5.045454545454546	5.449835677091945e-53	0.53814125	0.0
GOLGA5	4.7272727272727275	2.5869665633246372e-89	0.60657597	0.0
PALLD	4.863636363636363	7.461555813357348e-73	0.6610403	0.0
CSF2RA	4.651515151515151	5.700658646082387e-99	0.5957822	0.0
S1PR3	6.2272727272727275	1.0	0.5375889	0.0
NBPF3	7.636363636363637	1.0	0.41152158	1.5216367944518229e-252
BIN1	4.257575757575758	7.351715149052645e-154	0.5631894	0.0
GNA13	5.318181818181818	1.8111998406309878e-28	0.56930524	0.0
ATP1A2	6.863636363636363	1.0	0.53132915	0.0
PSEN2	4.106060606060606	1.5042150568912314e-176	0.53135675	0.0
GRIK2	5.212121212121212	3.4266830986446446e-37	0.6823487	0.0
C3	9.151515151515152	1.0	0.57006234	0.0
APOH	6.878787878787879	1.0	0.5524847	0.0
MED18	6.454545454545454	1.0	0.44620287	8.12966382e-315
SERPINB13	6.742424242424242	1.0	0.5349871	0.0
DTNA	6.2272727272727275	1.0	0.66695803	0.0
ADAM10	5.53030303030303	1.9631201286694676e-14	0.6326205	0.0
MAP4	4.090909090909091	7.431731658940583e-179	0.50100666	0.0
RPS3	4.318181818181818	5.3259981484645446e-145	0.47477844	0.0
PTPN13	3.8484848484848486	2.263719495264942e-216	0.6513048	0.0
BRK1	4.893939393939394	2.282999105755518e-69	0.48656458	0.0
ZFAND2B	5.651515151515151	1.3838745592303982e-08	0.45342043	0.0
ANKRD7	6.606060606060606	1.0	0.4602372	0.0
C1orf94	4.803030303030303	5.12655010797389e-80	0.5797002	0.0
SLC25A5	4.651515151515151	5.700658646082387e-99	0.525341	0.0
TERT	3.8333333333333335	9.335542196331431e-219	0.6717722	0.0
AEBP1	5.045454545454546	5.449835677091945e-53	0.6231502	0.0
TAF1A	3.9242424242424243	1.4883845906973111e-204	0.60587806	0.0
USP2	4.9393939393939394	2.8876096295366594e-64	0.6023097	0.0
SYNJ2	4.5	2.987526822932176e-119	0.6972931	0.0
HDAC1	3.409090909090909	4.198102680920517e-286	-0.100010596	1.0
GLB1	15.0	1.0	0.42978212	2.79714415637274e-285
THRAP3	4.318181818181818	5.3259981484645446e-145	0.65253675	0.0
S1PR4	5.409090909090909	7.050991745134946e-22	0.56749594	0.0
MTUS1	7.090909090909091	1.0	0.48950624	0.0
FKBPL	5.257575757575758	2.532355208930679e-33	0.542445	0.0
SAA1	7.4393939393939394	1.0	0.5075345	0.0
MOK	4.181818181818182	4.0396039921142017e-165	0.58970356	0.0
BCAR1	3.984848484848485	3.796242806180348e-195	0.23894282	1.1123897508053327e-13
EPS15L1	5.590909090909091	2.632737875380154e-11	0.5989663	0.0
FSCN1	3.893939393939394	2.855528363833788e-209	0.61594236	0.0
RBM39	3.9393939393939394	3.3887978519689985e-202	0.62386334	0.0
COL2A1	6.833333333333333	1.0	0.6934149	0.0
ANKS1B	6.045454545454546	1.0	0.6002081	0.0
LRIF1	4.045454545454546	8.293864890908537e-186	-0.051234808	1.0
NMT2	3.787878787878788	6.691875806829089e-226	0.5934062	0.0
ONECUT1	4.0	8.378388133182956e-193	0.606741	0.0
ALAS1	6.242424242424242	1.0	0.5006879	0.0
TLR8	4.893939393939394	2.282999105755518e-69	0.65815765	0.0
NCAPD3	6.242424242424242	1.0	0.66470784	0.0
SOX9	3.9696969696969697	1.7009092593290584e-197	0.6235761	0.0
PIK3R1	3.878787878787879	1.2284127079251473e-211	-0.06435544	1.0
TAF1	3.909090909090909	6.631144541376156e-207	0.47030842	0.0
ZNF655	5.515151515151516	2.804737320536277e-15	0.43193197	3.8072738837066904e-289
CWC25	5.5	3.7842004657943047e-16	0.55890816	0.0
NUP160	7.909090909090909	1.0	0.6499543	0.0
CD177	4.878787878787879	4.201267031456755e-71	0.55538815	0.0
MAML1	4.151515151515151	1.1446109044602285e-169	0.68947375	0.0
XPC	4.5606060606060606	5.400493616127032e-111	0.6621371	0.0
EMID2	4.53030303030303	4.226910827537424e-115	0.5459277	0.0
KLF3	5.318181818181818	1.8111998406309878e-28	0.5081206	0.0
ALK	4.287878787878788	2.0335762994395374e-149	0.70817316	0.0
CDC14A	3.9696969696969697	1.7009092593290584e-197	0.45832348	0.0
SETDB1	4.015151515151516	1.8150337481646768e-190	0.09743523	1.0
SRSF4	5.0	1.0403022436148605e-57	0.59913915	0.0
TP53I3	5.0606060606060606	1.868647141764226e-51	0.48390892	0.0
EIF4A2	5.681818181818182	2.220023745055577e-07	0.54933333	0.0
ELK1	3.515151515151515	3.8831092435112124e-269	0.380187	2.5683918721180758e-197
SPIB	3.6818181818181817	1.1853923178705118e-242	0.58104783	0.0
NES	4.03030303030303	3.9142803071732094e-188	0.6988301	0.0
LRP12	4.606060606060606	6.280766027761081e-105	0.6569253	0.0
TRAF5	4.575757575757576	5.853914984634287e-109	0.5555757	0.0
RPL30	4.7272727272727275	2.5869665633246372e-89	0.48841044	0.0
FOXP2	15.0	1.0	0.520086	0.0
HLA-C	7.151515151515151	1.0	0.45432004	0.0
KCNJ3	7.303030303030303	1.0	0.39816087	8.639452033840149e-229
VPS41	6.5606060606060606	1.0	0.59294623	0.0
HSP90AA1	3.227272727272727	4.62824489e-315	0.09081901	1.0
LACRT	6.393939393939394	1.0	0.4802001	0.0
DAB1	4.166666666666667	2.1673241151360944e-167	0.59127307	0.0
BRD1	4.606060606060606	6.280766027761081e-105	0.6675431	0.0
AKT1	3.0454545454545454	0.0	-0.06579801	1.0
THBS3	8.530303030303031	1.0	0.5941257	0.0
KLK13	8.303030303030303	1.0	0.43348375	6.167373304254768e-292
WWOX	3.5303030303030303	9.616322325664552e-267	0.44040194	2.217904822595979e-304
FBLN2	6.636363636363637	1.0	0.6554509	0.0
CENPB	4.666666666666667	5.190235199322125e-97	0.58560556	0.0
ASCC3	4.53030303030303	4.226910827537424e-115	0.43087116	3.0772947312305373e-287
RANBP3	4.742424242424242	2.0112480802320904e-87	0.58312684	0.0
SMURF2	3.803030303030303	1.6541955466014821e-223	0.2368258	1.9013797102754685e-12
TBL1XR1	4.5	2.987526822932176e-119	0.6106876	0.0
NDUFS1	15.0	1.0	0.50782883	0.0
EIF4G3	4.878787878787879	4.201267031456755e-71	0.5685447	0.0
MYO1E	4.96969696969697	5.9836842956166486e-61	0.65262884	0.0
HBB	7.575757575757576	1.0	0.30921102	4.697473765947062e-85
TMEM102	4.363636363636363	1.9296931071479538e-138	0.57989764	0.0
FZD4	5.651515151515151	1.3838745592303982e-08	0.6119865	0.0
ELF1	4.106060606060606	1.5042150568912314e-176	0.6374633	0.0
CFP	10.151515151515152	1.0	0.54108334	0.0
STXBP3	5.424242424242424	7.304939763549693e-21	0.6225519	0.0
MLXIPL	6.121212121212121	1.0	0.55589354	0.0
CDC42	3.757575757575758	1.1434317634623256e-230	-0.074718595	1.0
SLC22A4	5.863636363636363	0.026010289548509757	0.5974034	0.0
RAC1	3.772727272727273	2.8003122703195513e-228	-0.08379076	1.0
ATP6V1B1	5.5606060606060606	8.070067712540837e-13	0.58498955	0.0
WAC	5.166666666666667	2.93824026063579e-41	0.58091533	0.0
SLC2A3	6.803030303030303	1.0	0.5532236	0.0
RASGEF1C	4.96969696969697	5.9836842956166486e-61	0.5631868	0.0
CDH4	5.045454545454546	5.449835677091945e-53	0.6198591	0.0
LIPE	3.9393939393939394	3.3887978519689985e-202	0.6848717	0.0
EDIL3	6.045454545454546	1.0	0.55448484	0.0
STXBP2	5.424242424242424	7.304939763549693e-21	0.6210305	0.0
MYO1F	5.242424242424242	1.363714314520086e-34	0.63422084	0.0
FZR1	4.545454545454546	4.834723743239444e-113	0.53903735	0.0
BIRC2	4.424242424242424	8.234322370316294e-130	0.62084675	0.0
POLR1C	5.0606060606060606	1.868647141764226e-51	0.4719614	0.0
CHD3	3.5454545454545454	2.4603959389348576e-264	0.19526246	1.0
CLSTN3	6.515151515151516	1.0	0.54706943	0.0
NUAK2	3.909090909090909	6.631144541376156e-207	0.6262099	0.0
OGT	3.9545454545454546	7.665781365813323e-200	0.6885161	0.0
DFNB31	15.0	1.0	0.57620114	0.0
PRKCZ	3.3181818181818183	1.5140200550259545e-300	0.06610577	1.0
ZNF329	4.090909090909091	7.431731658940583e-179	0.5839745	0.0
CWC22	7.2272727272727275	1.0	0.60715735	0.0
MACF1	6.9393939393939394	1.0	0.6672898	0.0
SRA1	5.045454545454546	5.449835677091945e-53	0.43452522	8.285552520659614e-294
GTF2E2	4.2272727272727275	2.4241998747786866e-158	0.49903446	0.0
RND1	4.590909090909091	6.15075884339598e-107	0.5140806	0.0
MYBL2	4.015151515151516	1.8150337481646768e-190	0.58180344	0.0
NCOA4	3.984848484848485	3.796242806180348e-195	0.6367899	0.0
TRAPPC11	15.0	1.0	0.5191229	0.0
SOHLH2	5.984848484848484	0.6713958573583418	0.5275609	0.0
ASAP2	4.409090909090909	5.914786475214866e-132	0.6899909	0.0
UPF2	6.090909090909091	1.0	0.6636166	0.0
FUS	4.075757575757576	3.621754795530252e-181	0.50639594	0.0
AMPH	4.303030303030303	3.33264627763135e-147	0.6059131	0.0
SNRPN	3.9242424242424243	1.4883845906973111e-204	0.48796776	0.0
WDR13	4.5	2.987526822932176e-119	0.57915413	0.0
KDR	4.106060606060606	1.5042150568912314e-176	0.40374765	1.0774737507149342e-238
NAT9	4.848484848484849	1.2797706148193189e-74	0.5086812	0.0
GGT7	15.0	1.0	0.4331632	2.3249268655118278e-291
NDUFA13	6.9393939393939394	1.0	0.46683666	0.0
NEURL4	5.7727272727272725	0.0002205579338264052	0.66265565	0.0
CEACAM3	4.303030303030303	3.33264627763135e-147	0.48393205	0.0
UBR5	3.9696969696969697	1.7009092593290584e-197	0.69952667	0.0
C10orf2	4.757575757575758	1.4989734955504187e-85	0.45733795	0.0
CLK1	4.96969696969697	5.9836842956166486e-61	0.5703495	0.0
ITGA6	4.878787878787879	4.201267031456755e-71	0.6849706	0.0
TICAM1	4.484848484848484	2.430993042715581e-121	0.5592843	0.0
TCF3	4.045454545454546	8.293864890908537e-186	0.28826448	2.7829019325884314e-58
ISL1	6.515151515151516	1.0	0.33727464	2.815169339465857e-126
FHOD1	4.833333333333333	2.107807229110395e-76	0.66277564	0.0
BCAS2	3.984848484848485	3.796242806180348e-195	0.52059984	0.0
TCF20	3.9393939393939394	3.3887978519689985e-202	0.70295006	0.0
MYF6	4.575757575757576	5.853914984634287e-109	0.51327795	0.0
F2	7.2272727272727275	1.0	0.46050966	0.0
IL15RA	4.878787878787879	4.201267031456755e-71	0.5176475	0.0
APC	3.8333333333333335	9.335542196331431e-219	0.5933772	0.0
CHST9	7.409090909090909	1.0	0.3436144	2.886976743743336e-136
UQCRFS1	7.909090909090909	1.0	0.33601493	2.5560950823597653e-124
PILRB	4.681818181818182	4.566391540340071e-95	0.51962817	0.0
ZEB2	4.696969696969697	3.895072545540908e-93	0.6668148	0.0
APLP1	4.515151515151516	3.593818462139579e-117	0.5829632	0.0
TCF12	4.2727272727272725	1.2235597067539176e-151	0.6189577	0.0
SLC17A1	7.848484848484849	1.0	0.50837106	0.0
BCL2A1	4.5	2.987526822932176e-119	0.4501152	7.56e-322
PAPSS1	5.015151515151516	4.0682418292930166e-56	0.5936572	0.0
PPIL4	5.015151515151516	4.0682418292930166e-56	0.5410934	0.0
JUNB	3.6818181818181817	1.1853923178705118e-242	0.5378265	0.0
TXLNA	6.287878787878788	1.0	0.5620936	0.0
TRIM16	5.015151515151516	4.0682418292930166e-56	0.5732709	0.0
CSK	4.015151515151516	1.8150337481646768e-190	0.25904	2.4932696013165956e-28
JMJD1C	4.0	8.378388133182956e-193	0.71079385	0.0
NTRK1	3.8333333333333335	9.335542196331431e-219	0.4778462	0.0
GRID2	6.212121212121212	1.0	0.618767	0.0
DNAJB4	6.848484848484849	1.0	0.44314098	2.624996629169284e-309
CTNNA2	5.181818181818182	6.9932454275569265e-40	0.58768547	0.0
RBBP5	4.333333333333333	8.36973431338001e-143	0.6188415	0.0
IL33	5.2272727272727275	7.038927224180759e-36	0.47821963	0.0
PPAP2C	5.2272727272727275	7.038927224180759e-36	0.46167597	0.0
FHL5	4.0606060606060606	1.739805437553857e-183	0.51658547	0.0
TNS1	4.924242424242424	5.985953570968111e-66	0.7002311	0.0
SPG21	6.393939393939394	1.0	0.38375247	1.6678547426163264e-203
SIGLEC10	4.863636363636363	7.461555813357348e-73	0.60611856	0.0
CLDN2	6.0	0.8130487145366784	0.4405621	1.1433932223256955e-304
SORBS3	3.772727272727273	2.8003122703195513e-228	0.53498715	0.0
HCK	4.136363636363637	5.900348408278667e-172	0.095027626	1.0
KPNA4	5.409090909090909	7.050991745134946e-22	0.5627982	0.0
LINGO1	5.621212121212121	6.787535082773471e-10	0.59974486	0.0
HNRPLL	5.742424242424242	2.8116884309810437e-05	0.51616997	0.0
GAP43	4.257575757575758	7.351715149052645e-154	0.53751683	0.0
ABTB2	5.287878787878788	7.485477606395389e-31	0.625888	0.0
HLA-A	7.166666666666667	1.0	0.3956688	2.1661064766084165e-224
CNOT1	4.454545454545454	1.4842317088682658e-125	0.7104425	0.0
DEDD	4.196969696969697	7.408854155105656e-163	0.55694246	0.0
BHLHB9	5.151515151515151	1.1784022048920932e-42	0.56842726	0.0
PIGQ	15.0	1.0	0.36407328	8.378135052135437e-170
CCDC33	4.848484848484849	1.2797706148193189e-74	0.6102894	0.0
SCG2	5.409090909090909	7.050991745134946e-22	0.568113	0.0
MAPK9	3.606060606060606	1.151654573846843e-254	0.30343068	2.789790590500622e-77
APBB2	3.984848484848485	3.796242806180348e-195	0.52512205	0.0
PIK3R5	5.393939393939394	6.482752192123682e-23	0.5259334	0.0
PDLIM4	4.484848484848484	2.430993042715581e-121	0.49671966	0.0
CARD11	4.292307692307692	9.110727559611072e-149	0.6912024	0.0
UBA5	6.96969696969697	1.0	0.38408852	4.3368075413816156e-204
NPHP1	4.46969696969697	1.931907190857211e-123	0.6536627	0.0
HMGN2	3.787878787878788	6.691875806829089e-226	0.45818105	0.0
SPRY2	4.606060606060606	6.280766027761081e-105	0.54630595	0.0
KCNV2	15.0	1.0	0.50886726	0.0
PPARGC1A	3.893939393939394	2.855528363833788e-209	0.5434793	0.0
BDP1	4.03030303030303	3.9142803071732094e-188	0.7108335	0.0
SCARB2	7.378787878787879	1.0	0.5224412	0.0
PRPF8	5.287878787878788	7.485477606395389e-31	0.69930524	0.0
DHX9	4.287878787878788	2.0335762994395374e-149	0.6927652	0.0
MKKS	5.121212121212121	1.65394062595959e-45	0.55926204	0.0
YTHDC1	4.166666666666667	2.1673241151360944e-167	0.64511955	0.0
PARD6B	3.893939393939394	2.855528363833788e-209	0.5440881	0.0
IL2RA	4.318181818181818	5.3259981484645446e-145	0.522343	0.0
SLC25A4	3.878787878787879	1.2284127079251473e-211	0.5356811	0.0
GRM5	4.075757575757576	3.621754795530252e-181	0.67427933	0.0
MYO16	4.484848484848484	2.430993042715581e-121	0.7011288	0.0
HDAC6	3.8484848484848486	2.263719495264942e-216	0.66734326	0.0
PLAUR	6.015151515151516	0.9432481883172866	0.49329364	0.0
IFNA1	5.0	1.0403022436148605e-57	0.4242531	2.3965385708471685e-275
TNK1	4.848484848484849	1.2797706148193189e-74	0.60006833	0.0
UBE3C	5.53030303030303	1.9631201286694676e-14	0.6292649	0.0
LSM14B	6.136363636363637	1.0	0.41338354	7.163992657575669e-256
NAB1	4.681818181818182	4.566391540340071e-95	0.5122006	0.0
ERP27	5.393939393939394	6.482752192123682e-23	0.46291324	0.0
NKRF	4.333333333333333	8.36973431338001e-143	0.64146304	0.0
CREM	3.5303030303030303	9.616322325664552e-267	0.40840018	5.646945023534468e-247
PRSS1	15.0	1.0	0.23553015	1.0108971819335952e-11
AKAP17A	4.984848484848484	2.5536481937036903e-59	0.6311633	0.0
ORC4	5.348484848484849	3.543656868901738e-26	0.5480925	0.0
ABCD4	4.2727272727272725	1.2235597067539176e-151	0.58781123	0.0
CD82	5.696969696969697	8.135574001437365e-07	0.4265774	1.6039040096140787e-279
SMARCB1	3.727272727272727	1.8809940959048096e-235	0.5360347	0.0
PAPOLA	3.8333333333333335	9.335542196331431e-219	0.51905286	0.0
IFNB1	5.03030303030303	1.5255864629947634e-54	0.46564817	0.0
PSMA4	5.166666666666667	2.93824026063579e-41	0.42681462	6.010415902493548e-280
PTPN18	4.196969696969697	7.408854155105656e-163	0.55547553	0.0
LUC7L2	4.333333333333333	8.36973431338001e-143	0.4537235	0.0
IRAK1BP1	4.2272727272727275	2.4241998747786866e-158	0.5039014	0.0
TAF1C	4.5	2.987526822932176e-119	0.65041506	0.0
MPHOSPH10	15.0	1.0	0.33364487	1.1662679997764274e-120
BARD1	3.696969696969697	3.006258229506499e-240	0.5507373	0.0
KIAA1549L	5.151515151515151	1.1784022048920932e-42	0.6936491	0.0
ZP4	15.0	1.0	0.48833528	0.0
PILRA	4.742424242424242	2.0112480802320904e-87	0.5120635	0.0
ANK3	7.257575757575758	1.0	0.69141996	0.0
KCNB2	15.0	1.0	0.5409757	0.0
DSCAML1	5.257575757575758	2.532355208930679e-33	0.7116827	0.0
HRAS	3.8636363636363638	5.309754525883307e-214	-0.0044784886	1.0
PCBP2	4.424242424242424	8.234322370316294e-130	0.5085271	0.0
DDX18	4.621212121212121	6.241076737412368e-103	0.60356796	0.0
KIF4A	4.742424242424242	2.0112480802320904e-87	0.67969435	0.0
RBM8A	6.0606060606060606	1.0	0.33339533	2.8192422235206882e-120
SPSB1	4.7272727272727275	2.5869665633246372e-89	0.5048238	0.0
CHN1	4.2727272727272725	1.2235597067539176e-151	0.5452276	0.0
PRLR	4.4393939393939394	1.1179237737721773e-127	0.5395856	0.0
CENPA	5.181818181818182	6.9932454275569265e-40	0.35117888	1.8830179139215103e-148
NCOA3	3.621212121212121	2.8697289860358173e-252	0.3156112	5.661165423786788e-94
PSMA6	5.166666666666667	2.93824026063579e-41	0.45515364	0.0
GALNT5	8.06060606060606	1.0	0.5283985	0.0
MBP	3.772727272727273	2.8003122703195513e-228	0.5057504	0.0
SPTB	4.833333333333333	2.107807229110395e-76	0.7130341	0.0
SYNJ1	4.287878787878788	2.0335762994395374e-149	0.6392561	0.0
SLU7	5.5	3.7842004657943047e-16	0.5027973	0.0
ITGAL	5.545454545454546	1.2939466289206966e-13	0.67669564	0.0
CKS2	4.303030303030303	3.33264627763135e-147	0.40517855	3.083604531770088e-241
TOP1	3.772727272727273	2.8003122703195513e-228	0.65036976	0.0
DNAJB1	4.121212121212121	2.993933330416968e-174	0.543726	0.0
AGFG1	5.03030303030303	1.5255864629947634e-54	0.5731023	0.0
PODXL	5.9393939393939394	0.29042308693009067	0.50124645	0.0
FBLN1	5.984848484848484	0.6713958573583418	0.63723534	0.0
HIF3A	4.606060606060606	6.280766027761081e-105	0.5025577	0.0
HLF	4.2727272727272725	1.2235597067539176e-151	0.51492536	0.0
DENND4A	4.363636363636363	1.9296931071479538e-138	0.6997554	0.0
PCDHA6	6.166666666666667	1.0	0.65145403	0.0
TAZ	4.318181818181818	5.3259981484645446e-145	0.47694254	0.0
GJA5	4.46969696969697	1.931907190857211e-123	0.4814439	0.0
TP63	3.803030303030303	1.6541955466014821e-223	0.55982006	0.0
APPL1	4.015151515151516	1.8150337481646768e-190	0.6309516	0.0
NBR1	5.454545454545454	6.638801559632507e-19	0.5390461	0.0
CHMP1B	8.424242424242424	1.0	0.29264814	1.4901014921029968e-63
TINF2	5.318181818181818	1.8111998406309878e-28	0.47371912	0.0
MAP3K5	3.712121212121212	7.49123416449061e-238	0.4957244	0.0
DCAF11	5.7727272727272725	0.0002205579338264052	0.49577448	0.0
CTSB	7.545454545454546	1.0	0.26214504	4.772042746916525e-31
PHF17	5.424242424242424	7.304939763549693e-21	0.4153623	2.081686362632577e-259
L1CAM	4.424242424242424	8.234322370316294e-130	0.69684833	0.0
GPM6A	4.4393939393939394	1.1179237737721773e-127	0.49541923	0.0
KIF2A	5.181818181818182	6.9932454275569265e-40	0.63676095	0.0
GCC1	4.924242424242424	5.985953570968111e-66	0.6597221	0.0
PRKAG2	15.0	1.0	0.3799589	6.365957880069762e-197
CTDSP2	4.0606060606060606	1.739805437553857e-183	0.47047603	0.0
CEACAM5	5.106060606060606	5.774871996982557e-47	0.5719104	0.0
CDKN1A	3.6363636363636362	7.240515644060204e-250	0.046834577	1.0
KRT2	11.030303030303031	1.0	0.50714755	0.0
RNF14	3.8181818181818183	3.9384120538611244e-221	0.55655515	0.0
ELK3	4.0	8.378388133182956e-193	0.57088405	0.0
CHFR	4.545454545454546	4.834723743239444e-113	0.57424134	0.0
TRIM28	4.5606060606060606	5.400493616127032e-111	0.6386448	0.0
NAP1L4	3.9242424242424243	1.4883845906973111e-204	0.5449174	0.0
C14orf1	4.318181818181818	5.3259981484645446e-145	0.042348504	1.0
ZNF653	4.9393939393939394	2.8876096295366594e-64	0.56627506	0.0
ZNF83	3.9545454545454546	7.665781365813323e-200	0.5156313	0.0
FEZ1	4.4393939393939394	1.1179237737721773e-127	0.19319275	1.0
WDR25	4.7727272727272725	1.0830356453634325e-83	0.500834	0.0
KIT	4.090909090909091	7.431731658940583e-179	0.13790481	1.0
ESM1	5.96969696969697	0.5313972993119761	0.38836974	1.4561985956632935e-211
SERF2	4.681818181818182	4.566391540340071e-95	0.3724753	4.73765310932675e-184
RXRG	4.03030303030303	3.9142803071732094e-188	0.46041602	0.0
FBN1	7.166666666666667	1.0	0.7043511	0.0
YY1AP1	4.863636363636363	7.461555813357348e-73	0.5884189	0.0
LIMA1	4.348484848484849	1.2952202012909316e-140	0.6186676	0.0
SCP2	7.5	1.0	0.23067068	3.325871195031347e-09
EMILIN1	15.0	1.0	0.55653137	0.0
NDUFAF3	7.0606060606060606	1.0	0.3165777	2.3996022688840526e-95
FAM188A	8.5	1.0	0.34019172	7.571916174237415e-131
CD3E	4.5	2.987526822932176e-119	0.43155566	1.808100564669733e-288
VWA8	6.2272727272727275	1.0	0.6332211	0.0
PICK1	4.212121212121212	1.3452563711804457e-160	0.3735636	6.508598910759343e-186
AASDHPPT	4.924242424242424	5.985953570968111e-66	0.5077883	0.0
IL9R	4.333333333333333	8.36973431338001e-143	0.5183166	0.0
TXN	4.075757575757576	3.621754795530252e-181	0.4134145	6.308853870653362e-256
SOX5	4.484848484848484	2.430993042715581e-121	0.6361943	0.0
DDX20	5.0	1.0403022436148605e-57	0.5836161	0.0
TMEM230	5.742424242424242	2.8116884309810437e-05	0.21974106	9.67459958309494e-05
GNG3	7.045454545454546	1.0	0.24885464	2.9911853445143643e-20
KRT15	4.575757575757576	5.853914984634287e-109	0.13545114	1.0
DOCK2	4.424242424242424	8.234322370316294e-130	0.71174765	0.0
GABRR1	4.196969696969697	7.408854155105656e-163	0.5732335	0.0
EPN2	4.0606060606060606	1.739805437553857e-183	0.56779546	0.0
PHKG1	15.0	1.0	0.31492758	5.254455928815135e-93
AAGAB	5.242424242424242	1.363714314520086e-34	0.5033827	0.0
NFKBIZ	4.46969696969697	1.931907190857211e-123	0.6000656	0.0
OTX1	5.2272727272727275	7.038927224180759e-36	0.51554275	0.0
SPRY4	4.378787878787879	2.851091925485961e-136	0.5092573	0.0
RUNX2	3.5606060606060606	6.279138206492591e-262	0.4014438	1.3276572881160304e-234
CABLES1	3.772727272727273	2.8003122703195513e-228	0.5483867	0.0
GSK3A	3.621212121212121	2.8697289860358173e-252	0.55490136	0.0
MTCH2	3.984848484848485	3.796242806180348e-195	0.50599533	0.0
CYB5R1	5.363636363636363	4.575487144392107e-25	0.44747943	4.1304634e-317
PFN2	3.909090909090909	6.631144541376156e-207	0.3160471	1.3644752378696864e-94
FIGF	5.03030303030303	1.5255864629947634e-54	0.5342699	0.0
CDC27	3.8484848484848486	2.263719495264942e-216	0.6467352	0.0
SPP1	5.333333333333333	2.600528747744788e-27	0.5213544	0.0
CRELD1	4.378787878787879	2.851091925485961e-136	0.5677687	0.0
SYTL2	6.015151515151516	0.9432481883172866	0.6581983	0.0
CCL2	9.151515151515152	1.0	0.29540965	5.730377011882061e-67
NEDD9	4.03030303030303	3.9142803071732094e-188	0.277335	5.613784363194197e-46
MYH11	4.590909090909091	6.15075884339598e-107	0.69937426	0.0
COPS2	3.893939393939394	2.855528363833788e-209	0.50030035	0.0
CCDC47	6.287878787878788	1.0	0.41689247	3.7888404658629533e-262
SNAPC1	4.303030303030303	3.33264627763135e-147	0.56142163	0.0
RPS27A	3.8333333333333335	9.335542196331431e-219	0.41471085	3.042335883148043e-258
NUPL2	15.0	1.0	0.3959888	5.913287126374538e-225
SHARPIN	6.2272727272727275	1.0	0.5662244	0.0
CDKN2C	3.909090909090909	6.631144541376156e-207	0.415271	3.0258667130630926e-259
TMPRSS6	6.575757575757576	1.0	0.6382055	0.0
KIF1A	3.876923076923077	6.696690533047904e-212	0.70262134	0.0
MTSS1	4.363636363636363	1.9296931071479538e-138	0.64150774	0.0
PKIA	4.53030303030303	4.226910827537424e-115	0.35201627	8.124263225917832e-150
F12	7.121212121212121	1.0	0.5365407	0.0
EPS8	4.136363636363637	5.900348408278667e-172	0.6632433	0.0
KHDRBS2	4.2727272727272725	1.2235597067539176e-151	0.5232785	0.0
NOX4	6.03030303030303	1.0	0.52700114	0.0
CD4	4.909090909090909	1.1939958588792523e-67	0.39138457	7.537549590017136e-217
TUB	4.136363636363637	5.900348408278667e-172	0.6002008	0.0
MAP2K5	4.106060606060606	1.5042150568912314e-176	0.58285624	0.0
STAT2	4.242424242424242	4.2660456775394e-156	0.6664384	0.0
RNASE1	8.878787878787879	1.0	0.23625039	4.018050176107381e-12
LSP1	4.5	2.987526822932176e-119	0.49519372	0.0
GNL3L	5.590909090909091	2.632737875380154e-11	0.5038409	0.0
EPS8L2	5.045454545454546	5.449835677091945e-53	0.59219724	0.0
URM1	4.757575757575758	1.4989734955504187e-85	0.38659865	1.8231224232389743e-208
VPS25	15.0	1.0	0.27167282	4.194316171110623e-40
DTNBP1	7.5	1.0	0.4224405	4.280946705106321e-272
RBM11	5.53030303030303	1.9631201286694676e-14	0.46443444	0.0
SAT1	4.121212121212121	2.993933330416968e-174	0.014076396	1.0
LMO4	5.636363636363637	3.1603395062496015e-09	0.22881027	2.5010598270271374e-08
UBE2A	3.803030303030303	1.6541955466014821e-223	0.41097304	1.4518331452124243e-251
UBE2D1	5.0606060606060606	1.868647141764226e-51	0.34509683	1.2407824868097433e-138
TP73	3.4545454545454546	7.596371136203158e-279	0.29766232	8.31678470866126e-70
NRG1	5.166666666666667	2.93824026063579e-41	0.69520485	0.0
ATP7B	6.909090909090909	1.0	0.46724123	0.0
MARK1	4.318181818181818	5.3259981484645446e-145	0.64851207	0.0
TUBA4A	3.8181818181818183	3.9384120538611244e-221	0.23742573	8.633491274515047e-13
IFNA8	5.166666666666667	2.93824026063579e-41	0.36932105	1.1250114067360684e-178
ACP1	4.5	2.987526822932176e-119	0.43907928	5.310144375918543e-302
KIF3B	5.0	1.0403022436148605e-57	0.6320948	0.0
CDC25C	3.484848484848485	5.445536279761997e-274	0.5268548	0.0
DEGS1	4.4393939393939394	1.1179237737721773e-127	0.20073836	0.752545438158595
ADAP1	3.9545454545454546	7.665781365813323e-200	0.53680867	0.0
LATS2	5.0	1.0403022436148605e-57	0.6068934	0.0
UBE2D3	4.242424242424242	4.2660456775394e-156	0.40103203	7.126123373581929e-234
LTBR	4.984848484848484	2.5536481937036903e-59	0.5449238	0.0
HNRNPK	3.9545454545454546	7.665781365813323e-200	0.39547375	4.785853705178188e-224
HN1L	15.0	1.0	0.29566103	2.778361983652836e-67
HIST1H1A	5.151515151515151	1.1784022048920932e-42	0.38606644	1.5477454255738923e-207
MYCL1	4.863636363636363	7.461555813357348e-73	0.44172716	9.162079402305973e-307
GCM1	4.212121212121212	1.3452563711804457e-160	0.5836054	0.0
OAZ3	15.0	1.0	0.2520497	1.2089487376422456e-22
EIF2C2	7.848484848484849	1.0	0.55441785	0.0
PCSK9	6.909090909090909	1.0	0.46386185	0.0
PRKACB	4.878787878787879	4.201267031456755e-71	0.42188197	4.3037071307310634e-271
SGK1	3.8181818181818183	3.9384120538611244e-221	0.57553947	0.0
KLF9	4.7272727272727275	2.5869665633246372e-89	0.4382125	1.9255079325664672e-300
PBX2	5.5606060606060606	8.070067712540837e-13	0.34014985	8.810820411615391e-131
SHC1	3.8333333333333335	9.335542196331431e-219	-0.06896714	1.0
POLH	4.7727272727272725	1.0830356453634325e-83	0.6072513	0.0
CDH11	4.181818181818182	4.0396039921142017e-165	0.62472796	0.0
RBM14	4.242424242424242	4.2660456775394e-156	0.43300253	4.521211920707126e-291
PTPN6	4.015151515151516	1.8150337481646768e-190	-0.060937557	1.0
UBE4B	4.257575757575758	7.351715149052645e-154	0.7023343	0.0
ZCCHC17	5.96969696969697	0.5313972993119761	0.3682508	7.381994108064264e-177
HSPH1	3.9242424242424243	1.4883845906973111e-204	0.66684526	0.0
PHF12	4.409090909090909	5.914786475214866e-132	0.682382	0.0
GALNT13	7.166666666666667	1.0	0.47732392	0.0
PPP1R15B	4.515151515151516	3.593818462139579e-117	0.58436453	0.0
RALGAPA1	5.045454545454546	5.449835677091945e-53	0.7011643	0.0
EFEMP2	4.9393939393939394	2.8876096295366594e-64	0.41805586	3.1259279890263337e-264
RLIM	5.53030303030303	1.9631201286694676e-14	0.44779623	1.112131e-317
CCL3	7.212121212121212	1.0	0.26906362	1.6119205154783967e-37
TLN2	6.378787878787879	1.0	0.69250506	0.0
MTMR10	4.681818181818182	4.566391540340071e-95	0.61706066	0.0
PUM2	15.0	1.0	0.6037622	0.0
DRD3	4.863636363636363	7.461555813357348e-73	0.53752416	0.0
SP140	5.4393939393939394	7.15071135886857e-20	0.33246234	7.605339410822411e-119
DAPK2	4.318181818181818	5.3259981484645446e-145	0.49846983	0.0
CARS	5.090909090909091	1.923470993656941e-48	0.58517176	0.0
SEC24A	5.757575757575758	8.110867378945913e-05	0.51092434	0.0
BCLAF1	4.075757575757576	3.621754795530252e-181	0.65170765	0.0
OPRM1	5.848484848484849	0.01364731693088985	0.49785492	0.0
TAF13	4.53030303030303	4.226910827537424e-115	0.39990678	7.025425859732614e-232
SATB2	4.545454545454546	4.834723743239444e-113	0.5951055	0.0
CNTNAP2	6.575757575757576	1.0	0.6680159	0.0
EEF1A1	4.121212121212121	2.993933330416968e-174	0.00019017223	1.0
HSH2D	4.833333333333333	2.107807229110395e-76	0.5181424	0.0
PTPRR	3.9545454545454546	7.665781365813323e-200	0.64922684	0.0
DYDC1	15.0	1.0	0.21470658	0.00305511895900179
CSDA	3.9696969696969697	1.7009092593290584e-197	0.5289994	0.0
PRUNE2	5.2272727272727275	7.038927224180759e-36	0.7037378	0.0
SLC15A2	7.848484848484849	1.0	0.5912226	0.0
YWHAE	3.3181818181818183	1.5140200550259545e-300	-0.018661626	1.0
BCAN	7.590909090909091	1.0	0.62244564	0.0
ABLIM1	4.590909090909091	6.15075884339598e-107	0.5705404	0.0
DPYSL3	6.924242424242424	1.0	0.4259907	1.8108011548483696e-278
MARCH5	7.378787878787879	1.0	0.41877174	1.6333830931303227e-265
RHEBL1	3.6666666666666665	4.818447051986087e-245	0.46945983	0.0
RXRB	4.287878787878788	2.0335762994395374e-149	0.43132046	4.788665874310996e-288
ZDHHC16	4.484848484848484	2.430993042715581e-121	0.498199	0.0
ACSS2	6.9393939393939394	1.0	0.54994863	0.0
CCBL2	7.545454545454546	1.0	0.32981274	8.226566717019418e-115
RBPJ	4.287878787878788	2.0335762994395374e-149	0.568761	0.0
ABCB1	4.5606060606060606	5.400493616127032e-111	0.6730764	0.0
MAP1LC3A	4.0	8.378388133182956e-193	0.42252678	2.997413157805201e-272
SOX6	4.5	2.987526822932176e-119	0.6396185	0.0
CDH8	4.196969696969697	7.408854155105656e-163	0.6133564	0.0
HOOK3	6.5606060606060606	1.0	0.55755997	0.0
TFF1	5.878787878787879	0.04703166165001248	0.22852707	3.366839306442655e-08
PSENEN	4.742424242424242	2.0112480802320904e-87	0.36420104	5.110975157267018e-170
GRB7	4.257575757575758	7.351715149052645e-154	0.5669001	0.0
UBE2H	6.5	1.0	0.21666048	0.000879579864718223
BRD4	4.818181818181818	3.3485901111930753e-78	0.58446825	0.0
PELI2	4.893939393939394	2.282999105755518e-69	0.54539555	0.0
PHACTR4	4.303030303030303	3.33264627763135e-147	0.62174153	0.0
RASSF2	4.863636363636363	7.461555813357348e-73	0.49199504	0.0
MED17	6.454545454545454	1.0	0.5081261	0.0
IL3	4.666666666666667	5.190235199322125e-97	0.4210086	1.5860203134605423e-269
DNAJC7	3.984848484848485	3.796242806180348e-195	0.5517053	0.0
WIPF2	4.787878787878788	7.589866940626278e-82	0.5578215	0.0
SKP2	3.803030303030303	1.6541955466014821e-223	0.20824678	0.07972059850666101
CXCL11	8.833333333333334	1.0	0.28148922	1.6559346349653772e-50
USP6NL	4.590909090909091	6.15075884339598e-107	0.6517102	0.0
GEMIN7	5.575757575757576	4.742374516777844e-12	0.39088085	5.7735458645108177e-216
ALYREF	6.818181818181818	1.0	0.36056942	6.175260052759892e-164
CLIC6	5.53030303030303	1.9631201286694676e-14	0.5562935	0.0
UBLCP1	5.909090909090909	0.1300519624973496	0.43387312	1.230514603129151e-292
ZNF646	4.909090909090909	1.1939958588792523e-67	0.70736617	0.0
NFATC4	3.803030303030303	1.6541955466014821e-223	0.65747315	0.0
CSTF3	4.954545454545454	1.3430778973097058e-62	0.5959743	0.0
NHP2L1	4.757575757575758	1.4989734955504187e-85	0.3936212	8.787080800587307e-221
SERPINI2	5.348484848484849	3.543656868901738e-26	0.48908177	0.0
PGK1	4.303030303030303	3.33264627763135e-147	0.535079	0.0
TFAP2C	3.893939393939394	2.855528363833788e-209	0.53268254	0.0
DUSP3	3.893939393939394	2.855528363833788e-209	0.47122866	0.0
FGFBP1	5.0	1.0403022436148605e-57	0.35742328	1.0461060853171886e-158
HOXB1	6.045454545454546	1.0	0.35774508	3.0653886690399176e-159
ST6GALNAC2	4.090909090909091	7.431731658940583e-179	0.5138789	0.0
AP4B1	5.151515151515151	1.1784022048920932e-42	0.64453804	0.0
PRB4	15.0	1.0	0.3575402	6.698790540626647e-159
ITGB1BP1	5.696969696969697	8.135574001437365e-07	0.37274766	1.6206948124758029e-184
LCN1	9.045454545454545	1.0	0.23511197	1.713891878234148e-11
CHD4	4.107692307692307	2.6702175531855632e-176	0.7104498	0.0
SENP8	5.454545454545454	6.638801559632507e-19	0.34312898	1.709142858476919e-135
KLRC2	15.0	1.0	0.24551834	6.7946564124311064e-18
RAN	3.878787878787879	1.2284127079251473e-211	0.18111628	1.0
ZNHIT1	3.787878787878788	6.691875806829089e-226	0.41416883	2.8307582763564565e-257
PSG5	5.424242424242424	7.304939763549693e-21	0.4776602	0.0
EIF2AK2	3.5757575757575757	1.664769427632275e-259	0.3299947	4.359791893371502e-115
RBM23	4.833333333333333	2.107807229110395e-76	0.54857314	0.0
DOCK3	4.5	2.987526822932176e-119	0.71126634	0.0
STRN3	4.909090909090909	1.1939958588792523e-67	0.6224672	0.0
INHBA	6.242424242424242	1.0	0.5190557	0.0
CHRNB4	6.878787878787879	1.0	0.27812243	8.033044577198714e-47
KLRC1	15.0	1.0	0.24543652	7.722546612576537e-18
VEZT	8.121212121212121	1.0	0.60890347	0.0
DNAJC10	5.712121212121212	2.8086318893086953e-06	0.5575526	0.0
COL4A3	7.075757575757576	1.0	0.64200896	0.0
EXPH5	4.712121212121212	3.234126539505369e-91	0.7040962	0.0
PAIP2	4.924242424242424	5.985953570968111e-66	0.34972182	4.38817749766499e-146
KCNJ15	5.696969696969697	8.135574001437365e-07	0.4910902	0.0
ACTN2	4.545454545454546	4.834723743239444e-113	0.5346735	0.0
CAMK2G	4.075757575757576	3.621754795530252e-181	0.351599	3.8946132064194933e-149
SAP30	4.257575757575758	7.351715149052645e-154	0.2925541	1.939826646314395e-63
LAMTOR5	4.257575757575758	7.351715149052645e-154	0.43343666	7.493012104769602e-292
MAP2	4.2727272727272725	1.2235597067539176e-151	0.57789665	0.0
NUTF2	4.621212121212121	6.241076737412368e-103	0.39426735	6.400467615702702e-222
TOB2	4.333333333333333	8.36973431338001e-143	0.489812	0.0
SOX7	4.7272727272727275	2.5869665633246372e-89	0.5155286	0.0
GNG12	8.954545454545455	1.0	0.2502875	2.621209288303958e-21
PER1	5.0606060606060606	1.868647141764226e-51	0.70702004	0.0
FCAR	5.015151515151516	4.0682418292930166e-56	0.47310552	0.0
MS4A3	5.106060606060606	5.774871996982557e-47	0.3114355	4.054777378742863e-88
AQP1	4.803030303030303	5.12655010797389e-80	0.41848913	5.239303431081754e-265
POLR2B	5.0606060606060606	1.868647141764226e-51	0.6339512	0.0
PFDN4	4.5606060606060606	5.400493616127032e-111	0.38548326	1.61029141995724e-206
HSF4	3.984848484848485	3.796242806180348e-195	0.55129695	0.0
TGFB2	6.7727272727272725	1.0	0.523365	0.0
NOL11	6.606060606060606	1.0	0.52181983	0.0
PRKD1	3.727272727272727	1.8809940959048096e-235	0.58895737	0.0
ALAS2	7.212121212121212	1.0	0.38643298	3.5466299784600913e-208
GTF2H2	4.666666666666667	5.190235199322125e-97	0.51383317	0.0
NFASC	5.257575757575758	2.532355208930679e-33	0.4713454	0.0
MT1G	6.984848484848484	1.0	0.18338874	1.0
RPL4	4.909090909090909	1.1939958588792523e-67	0.4846746	0.0
LILRB4	4.7272727272727275	2.5869665633246372e-89	0.5530863	0.0
TNNT1	6.515151515151516	1.0	0.23219678	5.835399330299357e-10
FGFR3	5.575757575757576	4.742374516777844e-12	0.35662493	2.18636528673328e-157
GRIA4	4.257575757575758	7.351715149052645e-154	0.5796224	0.0
SPRR2A	11.030303030303031	1.0	0.24521175	1.0993967316126099e-17
WFIKKN2	15.0	1.0	0.35048807	2.504279275714814e-147
MRAS	4.2727272727272725	1.2235597067539176e-151	0.42625254	6.1421645198928465e-279
WT1	3.803030303030303	1.6541955466014821e-223	0.57665366	0.0
ALPPL2	15.0	1.0	0.31898093	8.620746139889372e-99
VPS37A	4.651515151515151	5.700658646082387e-99	0.48527145	0.0
SIAH2	5.46969696969697	5.8303237583507375e-18	0.40038207	1.011921221163717e-232
A1CF	15.0	1.0	0.37748918	1.1715144715990892e-192
RQCD1	4.878787878787879	4.201267031456755e-71	0.43423033	2.806828297001647e-293
MAP3K4	3.893939393939394	2.855528363833788e-209	0.6901598	0.0
NPAS4	4.696969696969697	3.895072545540908e-93	0.6166069	0.0
ALPP	15.0	1.0	0.31886736	1.2559443039432632e-98
FAS	3.9393939393939394	3.3887978519689985e-202	0.32349524	2.254634348472794e-105
CALM2	4.409090909090909	5.914786475214866e-132	0.26673004	2.8374333686805264e-35
FAM135B	4.484848484848484	2.430993042715581e-121	0.6785534	0.0
AVIL	4.96969696969697	5.9836842956166486e-61	0.6119002	0.0
TCTA	4.166666666666667	2.1673241151360944e-167	0.3815444	1.1421827290029876e-199
HEXDC	7.075757575757576	1.0	0.41220906	8.992453860607346e-254
MFAP2	7.575757575757576	1.0	0.37935016	7.196910857068594e-196
RPL28	5.196969696969697	1.5845634300765288e-38	0.26832175	8.465524296328657e-37
RIOK1	4.318181818181818	5.3259981484645446e-145	0.5111541	0.0
TMOD2	6.196969696969697	1.0	0.3119794	7.125594790807131e-89
CPSF4	15.0	1.0	0.24393226	7.965424255503986e-17
MAPK14	3.303030303030303	6.694465929179814e-303	-0.084177405	1.0
BTG1	4.424242424242424	8.234322370316294e-130	0.42363992	3.016556951846486e-274
PAPPA2	4.984848484848484	2.5536481937036903e-59	0.62558407	0.0
CDH7	15.0	1.0	0.5906378	0.0
RAD50	4.909090909090909	1.1939958588792523e-67	0.7012536	0.0
DDI1	5.196969696969697	1.5845634300765288e-38	0.50958085	0.0
NR4A3	4.196969696969697	7.408854155105656e-163	0.58003557	0.0
PRIM1	3.9696969696969697	1.7009092593290584e-197	0.31931496	2.841087176162212e-99
HEXA	15.0	1.0	0.31664348	1.9341243782624933e-95
ALS2	4.318181818181818	5.3259981484645446e-145	0.51193833	0.0
GTF2H1	3.727272727272727	1.8809940959048096e-235	0.4677374	0.0
SNX20	6.015151515151516	0.9432481883172866	0.299398	5.027135906923561e-72
FABP1	4.833333333333333	2.107807229110395e-76	0.39035952	4.747588283007575e-215
ZNF521	4.045454545454546	8.293864890908537e-186	0.6979329	0.0
CBX1	4.575757575757576	5.853914984634287e-109	0.30631107	4.0325567714692457e-81
PFDN5	4.136363636363637	5.900348408278667e-172	0.39833942	4.177983141353126e-229
PDYN	15.0	1.0	0.25345168	9.806149237759479e-24
GPRIN2	4.984848484848484	2.5536481937036903e-59	0.5330729	0.0
COL9A1	7.424242424242424	1.0	0.6068782	0.0
IL6ST	4.090909090909091	7.431731658940583e-179	0.50603294	0.0
IRF9	4.53030303030303	4.226910827537424e-115	0.49923754	0.0
PLA2G16	5.0	1.0403022436148605e-57	0.3748025	4.90720868459732e-188
ECHS1	6.075757575757576	1.0	0.32294297	1.4635023646894765e-104
FMOD	6.7727272727272725	1.0	0.47743073	0.0
FXYD1	5.954545454545454	0.4021808346106391	0.16430084	1.0
IDH1	4.590909090909091	6.15075884339598e-107	0.50363755	0.0
SUZ12	5.303030303030303	1.1955487594189794e-29	0.53321195	0.0
MAP3K10	4.045454545454546	8.293864890908537e-186	0.65431297	0.0
EIF4G2	4.803030303030303	5.12655010797389e-80	0.6449183	0.0
BTG2	4.2272727272727275	2.4241998747786866e-158	0.40438306	8.000008611686886e-240
NREP	5.4393939393939394	7.15071135886857e-20	0.2766259	3.1908959146226704e-45
VSIG4	10.151515151515152	1.0	0.4145374	6.2083620906519135e-258
SNX17	5.9393939393939394	0.29042308693009067	0.52723247	0.0
ARF6	4.863636363636363	7.461555813357348e-73	0.33596036	3.1043151479967295e-124
EPHA8	5.363636363636363	4.575487144392107e-25	0.6187585	0.0
CA9	4.166666666666667	2.1673241151360944e-167	0.5474749	0.0
LRP1	5.409090909090909	7.050991745134946e-22	0.64468163	0.0
NDUFA7	7.984848484848484	1.0	0.30971092	9.698535304736408e-86
ENY2	15.0	1.0	0.20587376	0.1922823814792962
TRHDE	15.0	1.0	0.408592	2.5685373061865092e-247
DDX4	5.0	1.0403022436148605e-57	0.5673586	0.0
GTF2F2	3.8636363636363638	5.309754525883307e-214	0.3613279	3.3515550336369235e-165
RGL1	4.333333333333333	8.36973431338001e-143	0.61748993	0.0
CASP7	3.6666666666666665	4.818447051986087e-245	0.12685005	1.0
RCC1	4.5	2.987526822932176e-119	0.50194436	0.0
EGR1	3.6818181818181817	1.1853923178705118e-242	0.5790301	0.0
NF2	3.830769230769231	3.931428888653721e-219	0.5808172	0.0
PCDH1	4.015151515151516	1.8150337481646768e-190	0.6327978	0.0
TTBK1	4.545454545454546	4.834723743239444e-113	0.68870944	0.0
PDCL	5.409090909090909	7.050991745134946e-22	0.3974426	1.6034994349321953e-227
IL4	5.136363636363637	4.541988465132742e-44	0.37857953	1.5428772216685757e-194
SMYD2	3.9696969696969697	1.7009092593290584e-197	0.2066467	0.1469911652553187
STAC2	5.151515151515151	1.1784022048920932e-42	0.49548993	0.0
C6orf62	5.924242424242424	0.19929500119739843	0.26662943	3.530149987841122e-35
S100A10	5.166666666666667	2.93824026063579e-41	0.2794902	2.6423647780011663e-48
RBMX	4.53030303030303	4.226910827537424e-115	0.3720496	2.5291339614352263e-183
NRXN3	5.136363636363637	4.541988465132742e-44	0.5621109	0.0
LTA4H	6.151515151515151	1.0	0.40480125	1.444713085976974e-240
NR5A2	4.651515151515151	5.700658646082387e-99	0.5699303	0.0
GRIA2	4.424242424242424	8.234322370316294e-130	0.66772056	0.0
RIF1	4.166666666666667	2.1673241151360944e-167	0.69295645	0.0
PSG3	4.636363636363637	6.063285131315225e-101	0.48527196	0.0
BTRC	3.8181818181818183	3.9384120538611244e-221	0.4666787	0.0
BID	3.9393939393939394	3.3887978519689985e-202	0.36563736	1.9470495489723846e-172
RARB	4.378787878787879	2.851091925485961e-136	0.5948003	0.0
MTAP	15.0	1.0	0.24208397	1.2744002095628345e-15
EDN3	5.893939393939394	0.08040728585071569	0.3076622	6.036265808088158e-83
IKZF3	4.136363636363637	5.900348408278667e-172	0.5801737	0.0
BRF1	3.9242424242424243	1.4883845906973111e-204	0.45594686	0.0
GNG11	6.196969696969697	1.0	0.27612033	1.0937354910157029e-44
CDK2	3.606060606060606	1.151654573846843e-254	-0.06240537	1.0
TNFSF14	5.7272727272727275	9.160567380971782e-06	0.35150743	5.489917290649972e-149
ZUFSP	5.833333333333333	0.0067181671876451274	0.41129202	3.9114547314951283e-252
GRIK1	4.833333333333333	2.107807229110395e-76	0.66646224	0.0
PRNP	4.666666666666667	5.190235199322125e-97	0.12849216	1.0
RTN4IP1	5.893939393939394	0.08040728585071569	0.45153147	0.0
SERPINI1	6.742424242424242	1.0	0.49553537	0.0
SRSF1	4.378787878787879	2.851091925485961e-136	0.30260357	3.4301858852621925e-76
FAM71C	6.954545454545454	1.0	0.29592776	1.287768149643606e-67
KRAS	4.2727272727272725	1.2235597067539176e-151	0.38415304	3.349187984707447e-204
DNAJC3	4.409090909090909	5.914786475214866e-132	0.5704624	0.0
GABRB1	4.5	2.987526822932176e-119	0.5288443	0.0
RGS9	15.0	1.0	0.28161657	1.1951512704408966e-50
PPP1R1B	3.9545454545454546	7.665781365813323e-200	0.461003	0.0
INSIG1	4.575757575757576	5.853914984634287e-109	0.43749964	3.6874762132111385e-299
LSM7	6.4393939393939394	1.0	0.20608285	0.17910092033018854
CD28	4.5	2.987526822932176e-119	0.39700904	9.358183736546984e-227
PLEKHJ1	4.484848484848484	2.430993042715581e-121	0.40136138	1.8588251045192603e-234
CABIN1	4.106060606060606	1.5042150568912314e-176	0.7123622	0.0
RAB18	4.803030303030303	5.12655010797389e-80	0.3731893	2.846138011485045e-185
HSFX1	5.151515151515151	1.1784022048920932e-42	0.49745035	0.0
POLL	4.5	2.987526822932176e-119	0.5625551	0.0
DIS3	6.2272727272727275	1.0	0.6726401	0.0
IL15	4.984848484848484	2.5536481937036903e-59	0.37652737	5.3093811507236585e-191
RUNX1T1	4.181818181818182	4.0396039921142017e-165	0.47633862	0.0
SPOCK1	7.590909090909091	1.0	0.5008035	0.0
ARF1	4.9393939393939394	2.8876096295366594e-64	0.2116939	0.016417710677057294
RABGEF1	4.696969696969697	3.895072545540908e-93	0.5640004	0.0
FASLG	4.106060606060606	1.5042150568912314e-176	0.4390126	6.994423563010866e-302
PPP2R5B	4.106060606060606	1.5042150568912314e-176	0.5642588	0.0
WIPI2	4.818181818181818	3.3485901111930753e-78	0.5008451	0.0
CCL27	9.181818181818182	1.0	0.26301345	7.898790864826113e-32
TACC1	5.590909090909091	2.632737875380154e-11	0.4426796	1.77478028205118e-308
RPS13	4.7272727272727275	2.5869665633246372e-89	0.40698895	1.8498425320500906e-244
HDAC9	4.121212121212121	2.993933330416968e-174	0.5439278	0.0
LAMTOR1	5.0606060606060606	1.868647141764226e-51	0.38920763	4.962007942556261e-213
SNAP23	6.2727272727272725	1.0	0.2466248	1.1657612005540966e-18
TP53INP1	3.9545454545454546	7.665781365813323e-200	0.32867545	4.2954523556844425e-113
PARVG	4.848484848484849	1.2797706148193189e-74	0.24220757	1.0626453350548776e-15
MFAP5	6.984848484848484	1.0	0.36867914	1.3849785922869016e-177
SNX18	5.0	1.0403022436148605e-57	0.6442487	0.0
RPL31	5.242424242424242	1.363714314520086e-34	0.32947332	2.6832783525249287e-114
TNFRSF17	5.045454545454546	5.449835677091945e-53	0.39482123	6.771030230492972e-223
PAIP1	4.96969696969697	5.9836842956166486e-61	0.4991084	0.0
AVPR2	6.075757575757576	1.0	0.34587863	6.94042449575633e-140
ALS2CR11	5.348484848484849	3.543656868901738e-26	0.5205421	0.0
CBR1	6.333333333333333	1.0	0.29183313	1.4675114382055107e-62
BCL10	4.257575757575758	7.351715149052645e-154	0.35114667	2.1242075995117674e-148
CHAD	7.833333333333333	1.0	0.42578012	4.3242335803449946e-278
YME1L1	4.757575757575758	1.4989734955504187e-85	0.6049808	0.0
CCNE1	3.6666666666666665	4.818447051986087e-245	0.24005526	2.367515745373918e-14
NUCB1	6.075757575757576	1.0	0.49042985	0.0
MED27	6.454545454545454	1.0	0.30570334	2.63977609380907e-80
ZNF165	5.196969696969697	1.5845634300765288e-38	0.5592398	0.0
MC2R	15.0	1.0	0.27984738	1.0751992479869055e-48
SECISBP2	4.757575757575758	1.4989734955504187e-85	0.5933687	0.0
TPST1	9.151515151515152	1.0	0.33722496	3.3637410820071145e-126
TSPAN6	4.515151515151516	3.593818462139579e-117	0.39928696	8.790960367600187e-231
FGF7	5.196969696969697	1.5845634300765288e-38	0.43156084	1.770637340789465e-288
UNKL	3.909090909090909	6.631144541376156e-207	0.4398758	1.9621330693633065e-303
FANCE	4.378787878787879	2.851091925485961e-136	0.5741171	0.0
SRSF11	5.181818181818182	6.9932454275569265e-40	0.550169	0.0
GYPC	5.2727272727272725	4.464690473874677e-32	0.34205213	8.738234236382886e-134
CCR5	6.212121212121212	1.0	0.2291654	1.716446616935467e-08
NOM1	4.515151515151516	3.593818462139579e-117	0.6043393	0.0
PTGFR	15.0	1.0	0.22978708	8.784125762358994e-09
MTMR8	15.0	1.0	0.4762257	0.0
ATG3	6.924242424242424	1.0	0.2669277	1.8426134155425596e-35
DCTD	5.5	3.7842004657943047e-16	0.3866959	1.2331154238020419e-208
GFI1B	5.196969696969697	1.5845634300765288e-38	0.13952634	1.0
PRKACA	3.590909090909091	4.482079897318998e-257	-0.13736585	1.0
NPY	15.0	1.0	0.16752565	1.0
IRAK1	4.03030303030303	3.9142803071732094e-188	0.29216444	5.797653854588124e-63
NONO	4.363636363636363	1.9296931071479538e-138	0.5506246	0.0
SUV39H2	5.954545454545454	0.4021808346106391	0.22548644	7.001187274717326e-07
GJB6	5.575757575757576	4.742374516777844e-12	0.26566684	2.850561504598174e-34
SSH2	4.954545454545454	1.3430778973097058e-62	0.6865559	0.0
STON2	4.96969696969697	5.9836842956166486e-61	0.6498169	0.0
SORD	6.984848484848484	1.0	0.37016743	4.092701303710295e-180
NAT2	15.0	1.0	0.27027595	1.0387828888362258e-38
TRIM22	5.318181818181818	1.8111998406309878e-28	0.5206682	0.0
NSUN4	5.121212121212121	1.65394062595959e-45	0.46961853	0.0
RPH3A	6.075757575757576	1.0	0.44841897	8.4558e-319
TRIM62	4.015151515151516	1.8150337481646768e-190	0.53889656	0.0
RAB6B	4.484848484848484	2.430993042715581e-121	0.3958693	9.605164374901076e-225
AIFM1	4.96969696969697	5.9836842956166486e-61	0.5333969	0.0
FAM219A	5.136363636363637	4.541988465132742e-44	0.38501483	1.0562348515462287e-205
STC2	5.666666666666667	5.7023465843776827e-08	0.24519227	1.1332105464991867e-17
RELB	4.0606060606060606	1.739805437553857e-183	0.5386979	0.0
TIAF1	5.03030303030303	1.5255864629947634e-54	0.32732415	4.604286243510026e-111
C9orf16	6.196969696969697	1.0	0.25102744	7.278778760654141e-22
SEPT3	5.106060606060606	5.774871996982557e-47	0.41573983	4.393551114171053e-260
AR	3.0606060606060606	0.0	-0.13643685	1.0
ATP5A1	4.181818181818182	4.0396039921142017e-165	0.5616533	0.0
ATF1	3.742424242424242	4.647503459395832e-233	0.42903277	6.202826612060618e-284
S100A12	6.893939393939394	1.0	0.20269036	0.48787494029456546
NPHP3	5.46969696969697	5.8303237583507375e-18	0.6476601	0.0
ASCL3	4.575757575757576	5.853914984634287e-109	0.4061498	5.753620211796213e-243
GALT	5.757575757575758	8.110867378945913e-05	0.3818177	3.8333249548760105e-200
RAD51	3.803030303030303	1.6541955466014821e-223	0.3088754	1.350727845772072e-84
MOB4	4.53030303030303	4.226910827537424e-115	0.39834946	4.012244940257671e-229
LAT2	4.681818181818182	4.566391540340071e-95	0.4893346	0.0
FNTB	4.696969696969697	3.895072545540908e-93	0.49382973	0.0
CCNK	5.075757575757576	6.148878058809979e-50	0.53081185	0.0
PYDC2	7.121212121212121	1.0	0.17686094	1.0
TADA2A	4.590909090909091	6.15075884339598e-107	0.55362844	0.0
FGF6	5.242424242424242	1.363714314520086e-34	0.35725054	2.020967372394785e-158
SAT2	4.348484848484849	1.2952202012909316e-140	0.40490532	9.439005005450104e-241
CDK8	5.015151515151516	4.0682418292930166e-56	0.522775	0.0
SPAG8	4.696969696969697	3.895072545540908e-93	0.520743	0.0
CNPY2	15.0	1.0	0.15678865	1.0
NKX2-2	5.2727272727272725	4.464690473874677e-32	0.3135021	5.337927900905724e-91
BCL2L10	4.4393939393939394	1.1179237737721773e-127	0.43823773	1.7363322639204468e-300
UNC119	4.257575757575758	7.351715149052645e-154	-0.10985313	1.0
SHMT1	4.303030303030303	3.33264627763135e-147	0.5251295	0.0
ARHGDIB	4.378787878787879	2.851091925485961e-136	0.43677434	7.435004838537202e-298
PRKAR1A	4.7727272727272725	1.0830356453634325e-83	0.380033	4.7414753938573194e-197
NIF3L1	5.2272727272727275	7.038927224180759e-36	0.36093736	1.5037900926563573e-164
RNF25	4.363636363636363	1.9296931071479538e-138	0.5204748	0.0
ARHGAP35	4.3076923076923075	1.6061002820099371e-146	0.69123685	0.0
PDZD3	6.863636363636363	1.0	0.4908679	0.0
KCNQ2	4.378787878787879	2.851091925485961e-136	0.56739193	0.0
ATXN7L1	15.0	1.0	0.33348522	2.0515528783985677e-120
RNF144A	5.96969696969697	0.5313972993119761	0.32437956	1.116147268640119e-106
EXOSC5	6.2272727272727275	1.0	0.38376963	1.5575955967499298e-203
EIF1	7.090909090909091	1.0	0.2800057	7.209927937576959e-49
SOX4	4.242424242424242	4.2660456775394e-156	0.5302009	0.0
NOS1AP	4.696969696969697	3.895072545540908e-93	0.54320866	0.0
RPA2	4.257575757575758	7.351715149052645e-154	0.26619762	9.043924205191053e-35
ENO1	6.212121212121212	1.0	0.32599804	4.410819681930691e-109
CELF3	5.0606060606060606	1.868647141764226e-51	0.506835	0.0
CAPZA2	6.2272727272727275	1.0	0.25237525	6.778082225250025e-23
RPL11	4.257575757575758	7.351715149052645e-154	0.40206453	1.0512604811938172e-235
MLLT10	5.075757575757576	6.148878058809979e-50	0.305144	1.4785070758000962e-79
IMPA2	6.984848484848484	1.0	0.26889944	2.33001227181405e-37
RAC3	4.0606060606060606	1.739805437553857e-183	0.4225436	2.7975372569724358e-272
MOCS2	6.2727272727272725	1.0	0.17454681	1.0
ZFYVE9	3.893939393939394	2.855528363833788e-209	0.7033809	0.0
CASP10	4.2727272727272725	1.2235597067539176e-151	0.4629745	0.0
MYO18A	9.651515151515152	1.0	0.6109794	0.0
SRSF2	4.636363636363637	6.063285131315225e-101	0.3246219	4.886999802940413e-107
CCDC89	5.757575757575758	8.110867378945913e-05	0.3792718	9.829370172632713e-196
MYL2	5.803030303030303	0.0013690958295525335	0.35187006	1.4069628359743768e-149
RALB	4.757575757575758	1.4989734955504187e-85	0.43543527	1.9116018487449887e-295
LYST	6.621212121212121	1.0	0.6782619	0.0
MEOX1	5.2272727272727275	7.038927224180759e-36	0.29697824	6.117575826933656e-69
AHSA2	4.2272727272727275	2.4241998747786866e-158	0.36339715	1.1461540308456848e-168
NPPA	5.333333333333333	2.600528747744788e-27	0.2866574	2.1409644247418836e-56
KLF10	4.424242424242424	8.234322370316294e-130	0.52490693	0.0
BMP7	6.0	0.8130487145366784	0.47584063	0.0
LY6E	5.393939393939394	6.482752192123682e-23	0.3496495	5.748109625265313e-146
MSX2	4.333333333333333	8.36973431338001e-143	0.42502287	9.920075663245278e-277
MSC	4.666666666666667	5.190235199322125e-97	0.4126674	1.364618644399372e-254
PLXNB1	5.515151515151516	2.804737320536277e-15	0.7145808	0.0
MYL9	6.045454545454546	1.0	0.39458987	1.7301450049673965e-222
CNTNAP1	4.257575757575758	7.351715149052645e-154	0.70641273	0.0
GCNT1	4.7727272727272725	1.0830356453634325e-83	0.49509898	0.0
PLEKHB1	4.348484848484849	1.2952202012909316e-140	0.4467565	8.21718836e-316
SNRPB	5.106060606060606	5.774871996982557e-47	0.32699156	1.447866802057639e-110
RAP2B	4.818181818181818	3.3485901111930753e-78	0.36121485	5.177165918589732e-165
PLAG1	4.090909090909091	7.431731658940583e-179	0.54574984	0.0
RAB3A	6.409090909090909	1.0	0.26215574	4.669302547316357e-31
ZBTB16	3.484848484848485	5.445536279761997e-274	0.026950913	1.0
CNGB1	15.0	1.0	0.2775674	3.1663435816651752e-46
FGD1	4.636363636363637	6.063285131315225e-101	0.65662473	0.0
ROBO2	6.212121212121212	1.0	0.6713025	0.0
MTF1	5.7727272727272725	0.0002205579338264052	0.488233	0.0
FAU	4.818181818181818	3.3485901111930753e-78	0.33510154	6.640244428309275e-123
MITF	3.8181818181818183	3.9384120538611244e-221	0.55222565	0.0
SERPINB1	7.333333333333333	1.0	0.3734003	1.2386666404787937e-185
SMUG1	5.2727272727272725	4.464690473874677e-32	0.3424434	2.0946556038251865e-134
MED10	4.681818181818182	4.566391540340071e-95	0.29592124	1.31185311970324e-67
NYNRIN	6.196969696969697	1.0	0.6609013	0.0
KLK2	6.893939393939394	1.0	0.33684003	1.3356875208868477e-125
ARL8B	4.348484848484849	1.2952202012909316e-140	0.37522864	9.094400163633254e-189
ZMYM5	4.606060606060606	6.280766027761081e-105	0.5368321	0.0
LSM1	6.0606060606060606	1.0	0.1762015	1.0
ING4	3.8333333333333335	9.335542196331431e-219	0.44240153	5.614177133714426e-308
COQ6	4.484848484848484	2.430993042715581e-121	0.5153089	0.0
C2orf88	5.7727272727272725	0.0002205579338264052	0.21050267	0.029540121247435516
G3BP2	4.363636363636363	1.9296931071479538e-138	0.5452182	0.0
RAB8B	4.46969696969697	1.931907190857211e-123	0.41534603	2.2250835389619153e-259
PKN2	3.772727272727273	2.8003122703195513e-228	0.67703384	0.0
RPS26	5.712121212121212	2.8086318893086953e-06	0.18120064	1.0
PRPS2	8.878787878787879	1.0	0.23496203	2.0673653872422432e-11
ZYG11B	6.484848484848484	1.0	0.4487054	2.58416e-319
RER1	4.712121212121212	3.234126539505369e-91	0.39900342	2.7929945056284687e-230
GGNBP2	15.0	1.0	0.36979643	1.7507774120389136e-179
KAT7	4.184615384615385	1.0659922624933061e-164	0.5253518	0.0
EIF5	4.5606060606060606	5.400493616127032e-111	0.48913524	0.0
PTOV1	5.0606060606060606	1.868647141764226e-51	0.44135228	4.333069322805833e-306
TMSB4X	4.46969696969697	1.931907190857211e-123	0.23736101	9.40684742362751e-13
STX7	7.015151515151516	1.0	0.30279312	1.93248320827137e-76
LRRC1	4.666666666666667	5.190235199322125e-97	0.5631795	0.0
TEKT4	5.5606060606060606	8.070067712540837e-13	0.44908017	5.48e-320
PPM1J	4.378787878787879	2.851091925485961e-136	0.55009794	0.0
PSME3	3.772727272727273	2.8003122703195513e-228	0.40774915	8.169259177518184e-246
SLC8A3	4.151515151515151	1.1446109044602285e-169	0.6622628	0.0
KCND3	8.075757575757576	1.0	0.34178725	2.2947947010082178e-133
HPCAL1	5.121212121212121	1.65394062595959e-45	0.3555907	1.11281505998941e-155
AKIP1	4.590909090909091	6.15075884339598e-107	0.37399942	1.1680963393961216e-186
TBL1X	4.484848484848484	2.430993042715581e-121	0.59094906	0.0
RIMS2	5.545454545454546	1.2939466289206966e-13	0.61531645	0.0
SUMO2	3.9242424242424243	1.4883845906973111e-204	0.07969816	1.0
FBXO9	5.863636363636363	0.026010289548509757	0.40039396	9.644048480799122e-233
PCBD2	4.863636363636363	7.461555813357348e-73	0.3171246	3.9776662991366664e-96
PAAF1	5.7727272727272725	0.0002205579338264052	0.3329208	1.5090463330686752e-119
MYL1	4.833333333333333	2.107807229110395e-76	0.40112144	4.9472248280070307e-234
SNX15	6.212121212121212	1.0	0.2755748	4.1030638768742195e-44
GOSR1	5.954545454545454	0.4021808346106391	0.37106308	1.2214398180591047e-181
SHMT2	4.318181818181818	5.3259981484645446e-145	0.5126574	0.0
MC3R	15.0	1.0	0.250642	1.4218896689395048e-21
MAPK3	3.196969696969697	6.496e-320	-0.113056354	1.0
SLAMF7	5.5	3.7842004657943047e-16	0.3606084	5.318023095029589e-164
ZFAND5	4.696969696969697	3.895072545540908e-93	0.42956072	6.986693435830354e-285
UBE2E2	5.787878787878788	0.0005657379213339365	0.31871194	2.1012158562727444e-98
CROCC	5.0606060606060606	1.868647141764226e-51	0.6917854	0.0
CDK5RAP2	4.2727272727272725	1.2235597067539176e-151	0.67671937	0.0
RPL22	5.454545454545454	6.638801559632507e-19	0.21272793	0.00953053812148477
ARCN1	6.348484848484849	1.0	0.3738464	2.1365388076165028e-186
TALDO1	7.878787878787879	1.0	0.3188643	1.2683646255209509e-98
SST	9.333333333333334	1.0	0.15638317	1.0
B2M	6.606060606060606	1.0	0.1203188	1.0
CACNG3	15.0	1.0	0.23882437	1.3089910559833073e-13
JAK3	4.03030303030303	3.9142803071732094e-188	0.30988812	5.539838402284351e-86
ALPL	4.96969696969697	5.9836842956166486e-61	0.56553483	0.0
CALD1	4.409090909090909	5.914786475214866e-132	0.5839501	0.0
GHRH	15.0	1.0	0.17612483	1.0
RPS11	5.045454545454546	5.449835677091945e-53	0.35973352	1.5248469665949972e-162
MAGEA4	5.090909090909091	1.923470993656941e-48	0.29263464	1.5474128535949612e-63
NPPB	7.333333333333333	1.0	0.2093464	0.050058305495205194
NDE1	3.696969696969697	3.006258229506499e-240	0.4288748	1.1924508135949118e-283
FAM101A	5.045454545454546	5.449835677091945e-53	0.29001567	2.2932684154271616e-60
IFITM2	6.03030303030303	1.0	0.25395173	3.950618459314456e-24
LY96	5.696969696969697	8.135574001437365e-07	0.33883065	1.0393761075616623e-128
ORMDL3	5.121212121212121	1.65394062595959e-45	0.34591195	6.138654185140863e-140
NKAP	5.515151515151516	2.804737320536277e-15	0.44761756	2.3311015e-317
PTS	5.045454545454546	5.449835677091945e-53	0.047948737	1.0
CDK4	3.6666666666666665	4.818447051986087e-245	0.2004338	0.7983251102732632
HSPB3	5.136363636363637	4.541988465132742e-44	0.17546001	1.0
FAM162A	4.2272727272727275	2.4241998747786866e-158	0.36621088	2.093950285584823e-173
AP1G1	5.378787878787879	5.596677988813906e-24	0.5343335	0.0
PEPD	5.151515151515151	1.1784022048920932e-42	0.5084528	0.0
SH3BGR	6.075757575757576	1.0	0.24495625	1.6386773875701252e-17
PEX3	10.166666666666666	1.0	0.34615433	2.509160229794425e-140
HADHB	5.348484848484849	3.543656868901738e-26	0.50264114	0.0
NR2F2	3.9696969696969697	1.7009092593290584e-197	0.48253155	0.0
NTRK3	3.8181818181818183	3.9384120538611244e-221	0.5845144	0.0
PTPRU	6.075757575757576	1.0	0.696522	0.0
SSSCA1	5.424242424242424	7.304939763549693e-21	0.35549724	1.586292941001302e-155
OPTC	9.93939393939394	1.0	0.24058597	1.1166574876010738e-14
ARL2	4.863636363636363	7.461555813357348e-73	0.3203973	7.692937425567405e-101
CD1D	6.5	1.0	0.3239957	4.1161327978378895e-106
PRKCD	3.378787878787879	6.379369191543004e-291	-0.042283908	1.0
GUCA2A	8.863636363636363	1.0	0.20021653	0.831850394555075
BIRC3	4.318181818181818	5.3259981484645446e-145	0.6050399	0.0
C10orf62	5.045454545454546	5.449835677091945e-53	0.423424	7.356464655189699e-274
POLR2A	4.090909090909091	7.431731658940583e-179	0.28658274	2.615318329757691e-56
ABI2	5.545454545454546	1.2939466289206966e-13	0.5130401	0.0
KCND2	6.075757575757576	1.0	0.3105178	7.533037196284082e-87
BRE	6.196969696969697	1.0	0.35537615	2.511025387753061e-155
ACP5	5.287878787878788	7.485477606395389e-31	0.29064155	4.060825600989011e-61
RRS1	6.2727272727272725	1.0	0.33408836	2.4250345309553786e-121
XCL1	15.0	1.0	0.13918233	1.0
RBPMS	4.424242424242424	8.234322370316294e-130	0.042455405	1.0
UBE2Q1	4.53030303030303	4.226910827537424e-115	0.4556156	0.0
TRPC7	7.075757575757576	1.0	0.50792503	0.0
PRRX1	4.378787878787879	2.851091925485961e-136	0.41337544	7.403626757898805e-256
AHCYL1	5.575757575757576	4.742374516777844e-12	0.50472003	0.0
PTPRCAP	4.621212121212121	6.241076737412368e-103	0.39949724	3.733731695053054e-231
MMP8	8.530303030303031	1.0	0.46254194	0.0
GJA8	6.015151515151516	0.9432481883172866	0.3912553	1.2709423728320499e-216
HOXB6	4.166666666666667	2.1673241151360944e-167	0.43968984	4.23370199049805e-303
HIST1H2AJ	4.863636363636363	7.461555813357348e-73	0.29587388	1.503758444093421e-67
RFC5	4.666666666666667	5.190235199322125e-97	0.4395358	8.01642412211859e-303
PPP2CA	3.5303030303030303	9.616322325664552e-267	0.06557125	1.0
RBCK1	5.787878787878788	0.0005657379213339365	0.48049158	0.0
BACH1	5.636363636363637	3.1603395062496015e-09	0.4116075	1.0687874461006651e-252
PDPN	8.0	1.0	0.21462543	0.0032087482375986417
WASF2	4.2727272727272725	1.2235597067539176e-151	0.421254	5.7634296714298765e-270
ANGPT1	5.333333333333333	2.600528747744788e-27	0.54262066	0.0
TOPBP1	4.242424242424242	4.2660456775394e-156	0.71179926	0.0
SMPD2	5.393939393939394	6.482752192123682e-23	0.42728338	8.645056415991464e-281
NKIRAS2	4.651515151515151	5.700658646082387e-99	0.39006615	1.5538173409766667e-214
INCENP	5.636363636363637	3.1603395062496015e-09	0.40319723	1.0248922811281486e-237
PLAT	6.015151515151516	0.9432481883172866	0.5565855	0.0
M6PR	6.484848484848484	1.0	0.37835875	3.7107430060809244e-194
GLS2	4.909090909090909	1.1939958588792523e-67	0.61800075	0.0
CAMKK2	4.545454545454546	4.834723743239444e-113	0.5288706	0.0
PSKH1	5.409090909090909	7.050991745134946e-22	0.45200968	0.0
UXT	5.121212121212121	1.65394062595959e-45	0.30717188	2.783161446976502e-82
HNF1B	4.121212121212121	2.993933330416968e-174	0.5708242	0.0
FLAD1	5.833333333333333	0.0067181671876451274	0.32728493	5.270193169090098e-111
SIRT1	3.787878787878788	6.691875806829089e-226	0.44855362	4.8424e-319
TXNL4A	4.606060606060606	6.280766027761081e-105	0.29786062	4.654102800073926e-70
ELF2	4.378787878787879	2.851091925485961e-136	0.54652625	0.0
HMG20A	5.4393939393939394	7.15071135886857e-20	0.35203245	7.64741950689703e-150
STMN2	4.363636363636363	1.9296931071479538e-138	0.3332466	4.770713761959583e-120
MSI1	5.545454545454546	1.2939466289206966e-13	0.34477612	4.040488955235212e-138
TCF21	5.045454545454546	5.449835677091945e-53	0.32756227	2.0251051617015253e-111
ABI1	4.196969696969697	7.408854155105656e-163	0.27675086	2.3511693316247126e-45
SSNA1	10.303030303030303	1.0	0.15976796	1.0
CD2AP	4.181818181818182	4.0396039921142017e-165	0.49360114	0.0
FCGRT	7.606060606060606	1.0	0.26817945	1.1621166466807017e-36
RHOQ	4.636363636363637	6.063285131315225e-101	0.39429274	5.776004629835412e-222
PPP4R4	5.2727272727272725	4.464690473874677e-32	0.23769939	5.995980006780726e-13
PRKCQ	3.6818181818181817	1.1853923178705118e-242	0.536438	0.0
SERPINF2	7.303030303030303	1.0	0.27424285	1.0021981384478814e-42
DDC	4.0606060606060606	1.739805437553857e-183	0.53702235	0.0
MCHR2	15.0	1.0	0.24001169	2.5170286373097562e-14
CSRP2BP	5.424242424242424	7.304939763549693e-21	0.5121538	0.0
FOXO1	3.4393939393939394	2.874829087237775e-281	0.4653093	0.0
INSC	4.924242424242424	5.985953570968111e-66	0.567022	0.0
MVP	4.848484848484849	1.2797706148193189e-74	0.49548253	0.0
FMR1	4.2272727272727275	2.4241998747786866e-158	0.5949443	0.0
B9D1	6.257575757575758	1.0	0.2935541	1.1507562491497725e-64
SUMO1	3.6363636363636362	7.240515644060204e-250	-0.09265129	1.0
EIF4E	4.393939393939394	4.1588243918237506e-134	0.2743081	8.583084953198635e-43
EXOSC8	6.2272727272727275	1.0	0.3262822	1.6631818507933902e-109
CASP14	4.4393939393939394	1.1179237737721773e-127	0.42698324	2.9957589080709293e-280
TRIM23	4.833333333333333	2.107807229110395e-76	0.5715069	0.0
NOTCH3	5.0606060606060606	1.868647141764226e-51	0.7074525	0.0
STRA13	3.909090909090909	6.631144541376156e-207	0.236479	2.9889959778936987e-12
TRADD	4.545454545454546	4.834723743239444e-113	0.33496267	1.0885883658218805e-122
ILKAP	4.848484848484849	1.2797706148193189e-74	0.38053975	6.293818279087455e-198
RPP21	15.0	1.0	0.267126	1.1932366243162012e-35
RGS18	6.045454545454546	1.0	0.38918814	5.365918818822408e-213
ASUN	6.515151515151516	1.0	0.41350827	4.293235080000665e-256
FNBP1	4.454545454545454	1.4842317088682658e-125	0.6089228	0.0
HIF1A	3.621212121212121	2.8697289860358173e-252	0.15454035	1.0
UBE2V1	4.863636363636363	7.461555813357348e-73	0.32054392	4.710452228780384e-101
EDA	5.424242424242424	7.304939763549693e-21	0.2851439	1.210668711595023e-54
PDC	4.257575757575758	7.351715149052645e-154	0.45302144	0.0
ATP2A2	4.348484848484849	1.2952202012909316e-140	0.6715045	0.0
CDH12	15.0	1.0	0.5005559	0.0
ZNF276	5.015151515151516	4.0682418292930166e-56	0.54096156	0.0
GABRA4	4.803030303030303	5.12655010797389e-80	0.50141007	0.0
EIF5A	5.606060606060606	1.3777219093908933e-10	0.29951906	3.5138223489794307e-72
PPP5C	5.393939393939394	6.482752192123682e-23	0.50425947	0.0
CHAF1A	5.409090909090909	7.050991745134946e-22	0.63444644	0.0
UBE2R2	4.0606060606060606	1.739805437553857e-183	0.4309101	2.6199022475002784e-287
GPATCH8	5.151515151515151	1.1784022048920932e-42	0.67846787	0.0
GRAP2	4.2272727272727275	2.4241998747786866e-158	0.30397883	5.248646762451587e-78
NDUFA6	5.863636363636363	0.026010289548509757	0.17494328	1.0
TMSB4Y	4.833333333333333	2.107807229110395e-76	0.23809043	3.5477584471278684e-13
SRSF9	4.5	2.987526822932176e-119	0.3919385	8.019983978636902e-218
SYNJ2BP	5.5	3.7842004657943047e-16	0.24607077	2.8289932555200622e-18
CLDN4	6.0	0.8130487145366784	0.33453324	5.005946492516168e-122
APH1B	4.742424242424242	2.0112480802320904e-87	0.39780915	3.613073019480697e-228
POLR2I	6.787878787878788	1.0	0.20246032	0.5158408333102166
C7orf50	5.5	3.7842004657943047e-16	0.3758574	7.550038474612394e-190
PTGES	15.0	1.0	0.17362557	1.0
COX17	4.651515151515151	5.700658646082387e-99	0.28077278	1.031619382624211e-49
NAT8	4.090909090909091	7.431731658940583e-179	0.43047857	1.5639200279160525e-286
GNB1	6.045454545454546	1.0	0.20585693	0.19333646563485346
C1orf123	4.636363636363637	6.063285131315225e-101	0.33040574	1.038605136905245e-115
CEBPA	3.757575757575758	1.1434317634623256e-230	0.19043665	1.0
RIC8B	6.363636363636363	1.0	0.46069264	0.0
RALGPS2	4.181818181818182	4.0396039921142017e-165	0.5826815	0.0
PPIC	5.333333333333333	2.600528747744788e-27	0.39164767	2.6000307256431e-217
PMAIP1	4.681818181818182	4.566391540340071e-95	0.2564335	3.8823947949854446e-26
GADD45A	4.151515151515151	1.1446109044602285e-169	0.22417918	2.3578348872255608e-06
PHC2	5.863636363636363	0.026010289548509757	0.2366728	2.3219652021090498e-12
SNX3	5.893939393939394	0.08040728585071569	0.2540595	3.243908416591602e-24
TPPP	4.257575757575758	7.351715149052645e-154	0.40512353	3.8601266768955073e-241
MRPS26	4.454545454545454	1.4842317088682658e-125	0.38903424	9.984410708519746e-213
TRHR	5.681818181818182	2.220023745055577e-07	0.37616873	2.2003354921875518e-190
PAK4	4.075757575757576	3.621754795530252e-181	0.59934616	0.0
NUF2	4.606060606060606	6.280766027761081e-105	0.46801284	0.0
MICALCL	15.0	1.0	0.32537746	3.696615678425475e-108
RAMP1	15.0	1.0	0.17589144	1.0
HIST1H3H	15.0	1.0	0.15332048	1.0
RAB22A	5.5	3.7842004657943047e-16	0.26250485	2.2719667629589864e-31
SAG	5.96969696969697	0.5313972993119761	0.38550085	1.501080157389137e-206
RANGRF	4.878787878787879	4.201267031456755e-71	0.26952446	5.709584033231516e-38
SERPINB4	9.545454545454545	1.0	0.28155875	1.3858889670409727e-50
GCA	5.0	1.0403022436148605e-57	0.3695082	5.4073403225630405e-179
HAUS7	5.924242424242424	0.19929500119739843	0.27591842	1.7857751303141654e-44
CCKAR	5.863636363636363	0.026010289548509757	0.35973492	1.5172896563020741e-162
MAD2L1	4.742424242424242	2.0112480802320904e-87	0.33901072	5.433720134179551e-129
DPPA3	6.242424242424242	1.0	0.26912948	1.3906819939121743e-37
PTP4A2	5.46969696969697	5.8303237583507375e-18	0.22134387	2.718622316010544e-05
GTF3C5	4.924242424242424	5.985953570968111e-66	0.55437106	0.0
IKZF1	4.03030303030303	3.9142803071732094e-188	0.4157694	3.890990268908741e-260
SEPT11	6.742424242424242	1.0	0.3679745	2.1706970985678057e-176
TPO	15.0	1.0	0.5422258	0.0
HOXC8	4.106060606060606	1.5042150568912314e-176	0.4163226	3.9763256506628435e-261
CCND2	3.9545454545454546	7.665781365813323e-200	0.44454935	7.678953025267e-312
MPC2	5.575757575757576	4.742374516777844e-12	0.22874135	2.6894839797503273e-08
TXNDC17	7.5606060606060606	1.0	0.15252154	1.0
CHRM2	6.681818181818182	1.0	0.41825923	1.3508120502613933e-264
ZCCHC12	6.2727272727272725	1.0	0.3365697	3.5182923862384047e-125
FGF3	5.242424242424242	1.363714314520086e-34	0.3037537	1.0430421346620936e-77
HMOX1	15.0	1.0	0.18916944	1.0
MICAL1	4.863636363636363	7.461555813357348e-73	0.6493415	0.0
RAB4B	7.333333333333333	1.0	0.17883386	1.0
EXOSC2	6.954545454545454	1.0	0.42924637	2.5651942307221453e-284
STAMBP	5.242424242424242	1.363714314520086e-34	0.262267	3.7144917633985564e-31
C1orf216	5.515151515151516	2.804737320536277e-15	0.33995065	1.8131066530610537e-130
CSNK1A1	3.5303030303030303	9.616322325664552e-267	0.2571485	9.91508400509566e-27
ALCAM	4.4393939393939394	1.1179237737721773e-127	0.3287925	2.8610776500187684e-113
HOXC4	4.333333333333333	8.36973431338001e-143	0.49195948	0.0
CD209	6.015151515151516	0.9432481883172866	0.4550967	0.0
MPG	3.878787878787879	1.2284127079251473e-211	0.48341942	0.0
MIS12	5.484848484848484	4.837331664837387e-17	0.3564229	4.7158864102793346e-157
MLLT4	4.196969696969697	7.408854155105656e-163	0.47674277	0.0
SLC22A9	5.863636363636363	0.026010289548509757	0.5337536	0.0
SETD5	4.984848484848484	2.5536481937036903e-59	0.6961449	0.0
CCNH	3.712121212121212	7.49123416449061e-238	0.45265627	0.0
CGB	7.409090909090909	1.0	0.19048859	1.0
HUS1	4.636363636363637	6.063285131315225e-101	0.42840093	8.4914389358475e-283
FNBP1L	5.121212121212121	1.65394062595959e-45	0.5463988	0.0
SNX33	4.575757575757576	5.853914984634287e-109	0.5621543	0.0
EPHB6	4.545454545454546	4.834723743239444e-113	0.68269044	0.0
S1PR2	6.181818181818182	1.0	0.38269842	1.1357999515179256e-201
ZNF467	4.2272727272727275	2.4241998747786866e-158	0.5721773	0.0
CBLL1	4.742424242424242	2.0112480802320904e-87	0.4867544	0.0
CSNK2A2	3.484848484848485	5.445536279761997e-274	-0.041683353	1.0
HHEX	4.196969696969697	7.408854155105656e-163	0.45174325	0.0
C1orf114	4.515151515151516	3.593818462139579e-117	0.49718937	0.0
KRTAP4-12	5.015151515151516	4.0682418292930166e-56	-0.09144191	1.0
ANAPC7	4.787878787878788	7.589866940626278e-82	0.57094365	0.0
FGFR4	5.621212121212121	6.787535082773471e-10	0.40977407	1.9994220780822512e-249
RCC2	4.7727272727272725	1.0830356453634325e-83	0.52172637	0.0
CEP95	6.651515151515151	1.0	0.47624567	0.0
RCAN1	4.121212121212121	2.993933330416968e-174	0.4291186	4.3510258209299866e-284
POU1F1	3.9696969696969697	1.7009092593290584e-197	0.46851224	0.0
AP3S2	6.818181818181818	1.0	0.2266419	2.2876946746749736e-07
RAB2A	5.954545454545454	0.4021808346106391	0.21161364	0.017099874364489044
MAP3K12	4.636363636363637	6.063285131315225e-101	0.68719524	0.0
FANCG	4.5606060606060606	5.400493616127032e-111	0.38732857	9.665203106317421e-210
HNRNPD	4.484848484848484	2.430993042715581e-121	0.41345125	5.424952147438316e-256
MED14	3.909090909090909	6.631144541376156e-207	0.7091802	0.0
HK1	5.848484848484849	0.01364731693088985	0.49171627	0.0
FIS1	8.378787878787879	1.0	0.22020419	6.756187382235685e-05
HOXD4	4.166666666666667	2.1673241151360944e-167	0.4493833	1.5647e-320
PFDN6	5.136363636363637	4.541988465132742e-44	0.20158386	0.6315565251449332
MSN	4.984848484848484	2.5536481937036903e-59	0.5740135	0.0
VCP	5.257575757575758	2.532355208930679e-33	0.3977564	4.475356703103307e-228
NKD1	5.424242424242424	7.304939763549693e-21	0.45955014	0.0
ETF1	5.757575757575758	8.110867378945913e-05	0.42660025	1.4598110801085385e-279
HMGA2	3.772727272727273	2.8003122703195513e-228	0.37859288	1.463670917434754e-194
BCL2L11	3.9545454545454546	7.665781365813323e-200	0.23789743	4.599970244594466e-13
HOXB4	4.166666666666667	2.1673241151360944e-167	0.44747087	4.2769247e-317
CSRP3	4.53030303030303	4.226910827537424e-115	0.33003998	3.72627329323582e-115
HLA-E	15.0	1.0	0.20485495	0.267135008692306
TAF8	4.893939393939394	2.282999105755518e-69	0.43331566	1.236154332091347e-291
IL1F10	6.621212121212121	1.0	0.22560887	6.232170256900984e-07
NTF4	4.7727272727272725	1.0830356453634325e-83	0.37890482	4.2338101602739375e-195
KCNAB1	5.833333333333333	0.0067181671876451274	0.51912105	0.0
PDE6G	3.8484848484848486	2.263719495264942e-216	0.32608625	3.259060642587922e-109
GPNMB	4.166666666666667	2.1673241151360944e-167	0.54002315	0.0
NARF	5.136363636363637	4.541988465132742e-44	0.42986268	2.005370582580228e-285
CAAP1	4.924242424242424	5.985953570968111e-66	0.38079354	2.285932868712461e-198
SNX24	4.924242424242424	5.985953570968111e-66	0.28215927	2.960427757300109e-51
CXCR4	4.318181818181818	5.3259981484645446e-145	0.42742378	4.8377369692966504e-281
PPIB	4.606060606060606	6.280766027761081e-105	0.3893361	2.9587002471061263e-213
RPS6KA1	3.4545454545454546	7.596371136203158e-279	0.29991776	1.0777336778940705e-72
MTA2	4.454545454545454	1.4842317088682658e-125	0.61038154	0.0
SRP9	8.454545454545455	1.0	0.13499713	1.0
FHL2	3.8484848484848486	2.263719495264942e-216	0.43747354	4.1044450285172473e-299
PDIA6	6.2272727272727275	1.0	0.36001077	5.27220868427349e-163
KCNRG	5.454545454545454	6.638801559632507e-19	0.3977401	4.780511821410924e-228
ARL1	6.424242424242424	1.0	0.29369017	7.822588377409758e-65
SPINK5	15.0	1.0	0.35677105	1.2537508963889097e-157
NEDD1	4.2727272727272725	1.2235597067539176e-151	0.5456075	0.0
NAGK	7.4393939393939394	1.0	0.269002	1.8510290833517332e-37
FHL1	5.0606060606060606	1.868647141764226e-51	0.35888198	3.97910773309661e-161
PRPSAP1	7.878787878787879	1.0	0.21541923	0.0019676648051288096
SHISA5	3.9696969696969697	1.7009092593290584e-197	0.10933344	1.0
IP6K2	5.46969696969697	5.8303237583507375e-18	0.32842836	1.0106696896952456e-112
ORC5	5.318181818181818	1.8111998406309878e-28	0.41492906	1.2388099813108791e-258
DPM2	15.0	1.0	0.13001153	1.0
SSX2IP	5.121212121212121	1.65394062595959e-45	0.38261062	1.613528880500115e-201
DOK4	4.242424242424242	4.2660456775394e-156	0.5152458	0.0
ST14	7.621212121212121	1.0	0.51257855	0.0
KCNA4	5.575757575757576	4.742374516777844e-12	0.6250448	0.0
POLDIP3	5.651515151515151	1.3838745592303982e-08	0.37762535	6.822993335353021e-193
PRDX5	5.409090909090909	7.050991745134946e-22	0.2856034	3.5794011311989015e-55
DUSP5	4.015151515151516	1.8150337481646768e-190	0.43686706	5.067195759086677e-298
LAMTOR2	4.96969696969697	5.9836842956166486e-61	0.19190729	1.0
PTPN4	6.909090909090909	1.0	0.51457685	0.0
RAB5A	5.484848484848484	4.837331664837387e-17	0.25323567	1.448364323640577e-23
SART3	5.257575757575758	2.532355208930679e-33	0.6320882	0.0
BRMS1L	4.318181818181818	5.3259981484645446e-145	0.48444518	0.0
STAU2	5.015151515151516	4.0682418292930166e-56	0.5191431	0.0
C11orf49	4.984848484848484	2.5536481937036903e-59	0.44555616	1.18404374687e-313
OLFM4	10.151515151515152	1.0	0.4344615	1.0773050919743462e-293
PPARD	4.075757575757576	3.621754795530252e-181	0.31893328	1.0096369782969953e-98
CD93	6.651515151515151	1.0	0.6165019	0.0
NR1I3	4.303030303030303	3.33264627763135e-147	0.466351	0.0
RAB3D	6.53030303030303	1.0	0.2986969	3.988726796252498e-71
ATPIF1	4.454545454545454	1.4842317088682658e-125	0.2583175	1.0301317659929504e-27
P2RX1	15.0	1.0	0.23191422	8.09458647481535e-10
TNFSF8	5.878787878787879	0.04703166165001248	0.22474457	1.4045210549288623e-06
SERPINA3	7.03030303030303	1.0	0.24991876	4.930125203505609e-21
AP3S1	7.666666666666667	1.0	0.18786077	1.0
TNFSF9	5.045454545454546	5.449835677091945e-53	0.41976458	2.7117679456773977e-267
CLEC2D	6.015151515151516	0.9432481883172866	0.15693553	1.0
ANKS4B	10.121212121212121	1.0	0.2722646	1.0611149719406964e-40
RHOB	4.96969696969697	5.9836842956166486e-61	0.28174028	8.703463099261977e-51
IL21	5.303030303030303	1.1955487594189794e-29	0.2505611	1.635303244242772e-21
URB2	4.909090909090909	1.1939958588792523e-67	0.69088507	0.0
DTX1	4.803030303030303	5.12655010797389e-80	0.59736514	0.0
PLA2G7	5.2727272727272725	4.464690473874677e-32	0.3869596	4.270087507099219e-209
GJB1	4.151515151515151	1.1446109044602285e-169	0.46901026	0.0
GABRA3	5.878787878787879	0.04703166165001248	0.42271662	1.3694637656928992e-272
YEATS4	4.590909090909091	6.15075884339598e-107	0.36143565	2.214898365306599e-165
ARHGEF3	5.0606060606060606	1.868647141764226e-51	0.509381	0.0
GUCA1B	15.0	1.0	0.2724004	7.731763238611934e-41
VPS39	7.5606060606060606	1.0	0.5058821	0.0
FAT1	5.292307692307692	1.6937817891720535e-30	0.65135354	0.0
CCL18	3.909090909090909	6.631144541376156e-207	0.29971716	1.9527232775871364e-72
PRPH2	15.0	1.0	0.19629276	1.0
USP37	4.363636363636363	1.9296931071479538e-138	0.6372163	0.0
PLEKHB2	5.075757575757576	6.148878058809979e-50	0.38488483	1.7788374583305452e-205
ARPC5L	7.075757575757576	1.0	0.17641237	1.0
PKP4	4.409090909090909	5.914786475214866e-132	0.7016033	0.0
RBM7	4.803030303030303	5.12655010797389e-80	0.40688145	2.869001498403776e-244
PACS2	15.0	1.0	0.5909335	0.0
NRGN	4.318181818181818	5.3259981484645446e-145	0.31775445	4.997425546136301e-97
ERH	3.742424242424242	4.647503459395832e-233	0.29708928	4.4278914335539297e-69
IL16	4.696969696969697	3.895072545540908e-93	0.7012175	0.0
SRP72	4.2272727272727275	2.4241998747786866e-158	0.57088524	0.0
HMOX2	4.393939393939394	4.1588243918237506e-134	0.4745498	0.0
USHBP1	4.590909090909091	6.15075884339598e-107	0.29342926	1.6385265053660483e-64
CASP1	4.121212121212121	2.993933330416968e-174	0.34239373	2.5098541525892504e-134
EIF2B1	4.4393939393939394	1.1179237737721773e-127	0.32956618	1.9434067404068447e-114
PGAM1	4.348484848484849	1.2952202012909316e-140	0.40315485	1.2184856165063459e-237
POLR2L	5.090909090909091	1.923470993656941e-48	0.21189237	0.014836738374312273
G6PC	4.4393939393939394	1.1179237737721773e-127	0.30093336	5.218105769524277e-74
ACSL6	15.0	1.0	0.288901	4.904070958141972e-59
LIME1	4.515151515151516	3.593818462139579e-117	0.4863043	0.0
SH3RF3	4.575757575757576	5.853914984634287e-109	0.26960707	4.740314699608369e-38
BNIP1	4.681818181818182	4.566391540340071e-95	0.36420694	4.997483577899136e-170
MPZL1	4.287878787878788	2.0335762994395374e-149	0.4470591	2.35225612e-316
PVRL3	5.181818181818182	6.9932454275569265e-40	0.5242131	0.0
CEP19	6.181818181818182	1.0	0.1842939	1.0
PLTP	6.984848484848484	1.0	0.28546768	5.130641738336455e-55
HTR1A	7.2272727272727275	1.0	0.2594365	1.1368537654026096e-28
BMX	3.909090909090909	6.631144541376156e-207	0.53806543	0.0
UIMC1	5.136363636363637	4.541988465132742e-44	0.32408804	3.0081894485125347e-106
DYNLL1	4.2727272727272725	1.2235597067539176e-151	0.061474063	1.0
SLC34A1	5.363636363636363	4.575487144392107e-25	0.2621268	4.953458386613617e-31
MICAL3	15.0	1.0	0.43984953	2.185592637691059e-303
ALDH2	5.090909090909091	1.923470993656941e-48	0.5890412	0.0
APIP	5.515151515151516	2.804737320536277e-15	0.39676294	2.5431833390098996e-226
MECOM	3.9393939393939394	3.3887978519689985e-202	0.67800266	0.0
LTA	4.7272727272727275	2.5869665633246372e-89	0.3243547	1.2144079713188644e-106
HMGA1	3.8333333333333335	9.335542196331431e-219	0.21297525	0.008325256834992892
RASSF9	6.666666666666667	1.0	0.30099708	4.3146104414762554e-74
MECR	4.378787878787879	2.851091925485961e-136	0.47306025	0.0
OLFM3	6.212121212121212	1.0	0.33289394	1.6586147530167273e-119
SLN	5.4393939393939394	7.15071135886857e-20	0.12264984	1.0
ANP32B	4.863636363636363	7.461555813357348e-73	0.39365122	7.786590662723508e-221
ZNF24	4.333333333333333	8.36973431338001e-143	0.39812875	9.839098601349307e-229
DNTT	4.621212121212121	6.241076737412368e-103	0.43446875	1.0460285797207718e-293
KCNS3	15.0	1.0	0.4339614	8.542719682567933e-293
PIK3CG	4.393939393939394	4.1588243918237506e-134	0.664173	0.0
TGM1	5.484848484848484	4.837331664837387e-17	0.46103346	0.0
SRSF7	4.9393939393939394	2.8876096295366594e-64	0.3299956	4.347800699674357e-115
KRT13	6.575757575757576	1.0	0.26614046	1.0236713983269035e-34
TSSK6	4.242424242424242	4.2660456775394e-156	0.42610165	1.145550088681257e-278
CD151	5.696969696969697	8.135574001437365e-07	0.35794535	1.4271463563598894e-159
FBXO3	5.863636363636363	0.026010289548509757	0.4127256	1.0752935202113327e-254
NDUFV2	4.46969696969697	1.931907190857211e-123	0.39243925	1.0577030960067686e-218
RGS2	4.4393939393939394	1.1179237737721773e-127	0.25695643	1.4322504415985822e-26
FKBP1A	4.651515151515151	5.700658646082387e-99	0.24132396	3.866896580126899e-15
RPL41	4.318181818181818	5.3259981484645446e-145	0.18497874	1.0
MAP2K6	4.03030303030303	3.9142803071732094e-188	0.44283915	9.168554055034086e-309
MYO1G	5.242424242424242	1.363714314520086e-34	0.6238129	0.0
GAR1	5.818181818181818	0.0031247077582926205	0.3637737	2.6699718756468437e-169
ADI1	8.590909090909092	1.0	0.23500782	1.9524929637968627e-11
ALG10B	6.4393939393939394	1.0	0.38323003	1.352919298704662e-202
FBXW5	4.863636363636363	7.461555813357348e-73	0.53805417	0.0
ELSPBP1	4.5	2.987526822932176e-119	0.37852415	1.92238874429368e-194
NCL	3.6818181818181817	1.1853923178705118e-242	0.44984794	2.29e-321
TBCB	4.636363636363637	6.063285131315225e-101	0.37698683	8.593791672934296e-192
FAT4	5.2	2.9441965020958447e-38	0.6638909	0.0
TIMM17A	15.0	1.0	0.16023692	1.0
SSR4	6.348484848484849	1.0	0.19871853	1.0
LARP1	4.151515151515151	1.1446109044602285e-169	0.6625194	0.0
RGS5	6.045454545454546	1.0	0.23953538	4.895907095276602e-14
CASP2	4.545454545454546	4.834723743239444e-113	0.40899217	4.962729722974818e-248
HEY1	3.8636363636363638	5.309754525883307e-214	0.4797656	0.0
KIF20A	5.484848484848484	4.837331664837387e-17	0.5158906	0.0
TNFRSF9	5.045454545454546	5.449835677091945e-53	0.3932165	4.537444449042291e-220
HMGN1	3.712121212121212	7.49123416449061e-238	0.3365234	4.1511491351470936e-125
PRDX1	4.9393939393939394	2.8876096295366594e-64	0.30530262	9.07672376994315e-80
AICDA	5.575757575757576	4.742374516777844e-12	0.31908712	6.058877447403329e-99
GOT2	15.0	1.0	0.28675616	1.6424538245837455e-56
MID1IP1	5.924242424242424	0.19929500119739843	0.24586463	3.925631793869501e-18
RPL18A	5.636363636363637	3.1603395062496015e-09	0.16031036	1.0
DHX15	4.212121212121212	1.3452563711804457e-160	0.5704463	0.0
NECAP2	4.878787878787879	4.201267031456755e-71	0.40462807	2.9338369102031643e-240
CTNND1	4.015151515151516	1.8150337481646768e-190	0.556552	0.0
PIK3R2	4.075757575757576	3.621754795530252e-181	0.26471227	2.202626766439098e-33
CRCT1	4.318181818181818	5.3259981484645446e-145	0.30312705	7.020383026273183e-77
UBA2	4.378787878787879	2.851091925485961e-136	0.603387	0.0
PMEPA1	5.0	1.0403022436148605e-57	0.39641055	1.065911121709971e-225
ENC1	4.075757575757576	3.621754795530252e-181	0.5664793	0.0
UCP2	4.151515151515151	1.1446109044602285e-169	0.49049667	0.0
UBE2W	5.636363636363637	3.1603395062496015e-09	0.26406905	8.627355311453805e-33
TNNI1	7.393939393939394	1.0	0.19263339	1.0
SEZ6	4.96969696969697	5.9836842956166486e-61	0.6377201	0.0
SRPK3	5.2727272727272725	4.464690473874677e-32	0.46770927	0.0
TOB1	3.6363636363636362	7.240515644060204e-250	0.51096225	0.0
PSMB5	6.166666666666667	1.0	0.17368892	1.0
XRCC5	3.742424242424242	4.647503459395832e-233	0.34167165	3.496910306781136e-133
TNFRSF4	5.045454545454546	5.449835677091945e-53	0.41067126	5.01444188211746e-251
SLIT3	6.045454545454546	1.0	0.66021365	0.0
SEC11A	7.393939393939394	1.0	0.1844411	1.0
ICMT	4.545454545454546	4.834723743239444e-113	0.4470582	2.3595431e-316
SDCBP	4.53030303030303	4.226910827537424e-115	0.2896871	5.670925989365743e-60
RAB11FIP2	5.454545454545454	6.638801559632507e-19	0.4519086	0.0
ARF3	6.46969696969697	1.0	0.20081502	0.7413106745501048
TUBB1	15.0	1.0	0.25797662	2.0017101273135763e-27
HSPB2	7.075757575757576	1.0	0.16039841	1.0
MEGF10	5.2272727272727275	7.038927224180759e-36	0.6306841	0.0
RASGRP4	4.863636363636363	7.461555813357348e-73	0.5537659	0.0
SERPINA1	7.333333333333333	1.0	0.23041084	4.436302132184835e-09
PTGDS	15.0	1.0	0.1605259	1.0
HIP1R	3.984848484848485	3.796242806180348e-195	0.6936941	0.0
IPP	6.409090909090909	1.0	0.29214388	6.140429477090109e-63
SPDL1	4.5606060606060606	5.400493616127032e-111	0.5534221	0.0
ANAPC11	5.787878787878788	0.0005657379213339365	0.23758535	6.982181619158026e-13
RBBP6	5.015151515151516	4.0682418292930166e-56	0.49542832	0.0
LSM12	6.363636363636363	1.0	0.2118405	0.015234695238235865
GNG5	7.045454545454546	1.0	0.12816785	1.0
TINAGL1	5.242424242424242	1.363714314520086e-34	0.4695076	0.0
HOPX	4.53030303030303	4.226910827537424e-115	0.27358192	4.8136013907520766e-42
NUDT10	5.090909090909091	1.923470993656941e-48	0.2115595	0.017575560661048113
CD3G	5.5	3.7842004657943047e-16	0.24084303	7.736702738586569e-15
TAF1D	4.378787878787879	2.851091925485961e-136	0.4222056	1.1307338938195153e-271
DACH2	4.545454545454546	4.834723743239444e-113	0.5253678	0.0
SEC61B	8.106060606060606	1.0	0.12003956	1.0
GNG13	7.045454545454546	1.0	0.14247659	1.0
CRIP1	4.757575757575758	1.4989734955504187e-85	0.23624307	4.0551417116003876e-12
PGAM5	3.878787878787879	1.2284127079251473e-211	0.45989227	0.0
CPEB1	5.2272727272727275	7.038927224180759e-36	0.4946148	0.0
NLE1	5.242424242424242	1.363714314520086e-34	0.48679283	0.0
RPLP1	4.575757575757576	5.853914984634287e-109	0.19520736	1.0
POLR3A	15.0	1.0	0.61865705	0.0
TRIAP1	3.909090909090909	6.631144541376156e-207	0.28249753	1.2363005307233026e-51
TACR3	5.909090909090909	0.1300519624973496	0.29723766	2.8733078026634525e-69
MIER1	4.318181818181818	5.3259981484645446e-145	0.5712625	0.0
CKS1B	4.151515151515151	1.1446109044602285e-169	0.26684305	2.216869065935121e-35
RPS28	5.075757575757576	6.148878058809979e-50	0.254614	1.1706653233685096e-24
MDK	4.696969696969697	3.895072545540908e-93	0.1942352	1.0
SPTAN1	4.075757575757576	3.621754795530252e-181	0.47918835	0.0
GLP2R	5.045454545454546	5.449835677091945e-53	0.4740448	0.0
CHRM3	5.484848484848484	4.837331664837387e-17	0.53345793	0.0
SPAG4	6.833333333333333	1.0	0.2488116	3.2144297065627065e-20
PLN	5.0606060606060606	1.868647141764226e-51	0.117072396	1.0
MKS1	7.0	1.0	0.49719214	0.0
RNF34	5.454545454545454	6.638801559632507e-19	0.21491793	0.002685625382179838
MAP3K1	3.953846153846154	6.23825504476294e-200	0.6912787	0.0
TRAFD1	5.0	1.0403022436148605e-57	0.5310967	0.0
C9orf89	5.257575757575758	2.532355208930679e-33	0.25944793	1.1116274630599893e-28
EIF2AK1	4.212121212121212	1.3452563711804457e-160	0.5786915	0.0
FOXJ3	7.742424242424242	1.0	0.5496593	0.0
NFKBIB	4.0606060606060606	1.739805437553857e-183	0.2800231	6.901742155641319e-49
KIAA1984	5.454545454545454	6.638801559632507e-19	0.46478835	0.0
PPP2R4	3.787878787878788	6.691875806829089e-226	0.43400812	7.041753054416329e-293
ECSIT	4.0606060606060606	1.739805437553857e-183	0.46816978	0.0
DEFB1	4.96969696969697	5.9836842956166486e-61	0.23879658	1.3595597234581378e-13
ROS1	4.424242424242424	8.234322370316294e-130	0.70878994	0.0
AMN	6.242424242424242	1.0	0.2988655	2.4264486908699165e-71
CDC42SE1	4.606060606060606	6.280766027761081e-105	0.28491879	2.1961691909683671e-54
CHRM5	5.909090909090909	0.1300519624973496	0.42390954	9.908956469823316e-275
COPE	5.742424242424242	2.8116884309810437e-05	0.31828675	8.60130324723428e-98
UCHL3	5.363636363636363	4.575487144392107e-25	0.23693797	1.6421753445043184e-12
RALYL	5.03030303030303	1.5255864629947634e-54	0.41579726	3.470150024175877e-260
IRAK3	4.878787878787879	4.201267031456755e-71	0.5992203	0.0
COMMD3	7.924242424242424	1.0	0.16785623	1.0
TMEM123	6.015151515151516	0.9432481883172866	0.26408663	8.314830254387209e-33
MED7	6.454545454545454	1.0	0.34244162	2.1075842679400694e-134
DENR	4.924242424242424	5.985953570968111e-66	0.17478475	1.0
SLC4A1	6.848484848484849	1.0	0.5715265	0.0
ZNF587	4.757575757575758	1.4989734955504187e-85	0.5160249	0.0
AURKAIP1	4.53030303030303	4.226910827537424e-115	0.29689786	7.728272861529001e-69
ITM2B	4.5606060606060606	5.400493616127032e-111	0.40709925	1.1767258547048713e-244
IL25	9.93939393939394	1.0	0.14716934	1.0
HNRNPC	4.287878787878788	2.0335762994395374e-149	0.4171479	1.32248857402137e-262
CCKBR	6.863636363636363	1.0	0.2916717	2.304154066637448e-62
ECHDC2	15.0	1.0	0.22103858	3.48332850760073e-05
KITLG	5.0	1.0403022436148605e-57	0.3593298	7.162915085865357e-162
SRSF5	5.090909090909091	1.923470993656941e-48	0.3868011	8.080739017356841e-209
PTMA	3.8636363636363638	5.309754525883307e-214	0.038062483	1.0
UXS1	4.045454545454546	8.293864890908537e-186	0.39489448	5.030110206095725e-223
EIF2D	15.0	1.0	0.3239107	5.494661270396168e-106
USMG5	5.409090909090909	7.050991745134946e-22	0.21858796	0.00022867456472033308
IFNA5	5.166666666666667	2.93824026063579e-41	0.2535212	8.650329662916534e-24
CDC16	4.787878787878788	7.589866940626278e-82	0.5328674	0.0
GNG4	7.045454545454546	1.0	0.12689337	1.0
SPRTN	5.106060606060606	5.774871996982557e-47	0.31503057	3.758627102725286e-93
MAPK8IP1	3.8636363636363638	5.309754525883307e-214	0.48249465	0.0
PITHD1	5.090909090909091	1.923470993656941e-48	0.21573423	0.0016110136087662957
PTPN5	3.893939393939394	2.855528363833788e-209	0.5886275	0.0
GNG7	6.954545454545454	1.0	0.103880815	1.0
RENBP	15.0	1.0	0.23043215	4.333772445217152e-09
CD27	5.045454545454546	5.449835677091945e-53	0.34593794	5.580753616139118e-140
CUZD1	5.015151515151516	4.0682418292930166e-56	0.54071796	0.0
DDX3X	4.636363636363637	6.063285131315225e-101	0.58846605	0.0
FBXW8	5.484848484848484	4.837331664837387e-17	0.5067848	0.0
ACCS	6.151515151515151	1.0	0.413717	1.8197075794882685e-256
CACYBP	5.893939393939394	0.08040728585071569	0.15585946	1.0
IL21R	4.909090909090909	1.1939958588792523e-67	0.46568492	0.0
NEDD8	4.454545454545454	1.4842317088682658e-125	0.084959306	1.0
SUMO3	3.8181818181818183	3.9384120538611244e-221	0.1595043	1.0
E2F5	3.9242424242424243	1.4883845906973111e-204	0.50318974	0.0
SNCA	3.6363636363636362	7.240515644060204e-250	0.21457426	0.0033088944330052304
PLEC	4.090909090909091	7.431731658940583e-179	0.61513007	0.0
PYCARD	7.121212121212121	1.0	0.14274673	1.0
HIST1H2BJ	15.0	1.0	0.13499182	1.0
CCS	4.333333333333333	8.36973431338001e-143	0.42802057	4.0972751855460956e-282
C21orf56	10.227272727272727	1.0	0.16416666	1.0
IARS	4.0606060606060606	1.739805437553857e-183	0.66716474	0.0
PSMA3	5.166666666666667	2.93824026063579e-41	0.3369495	9.023313734805887e-126
TNFSF15	5.712121212121212	2.8086318893086953e-06	0.20445924	0.30117983253525754
NDFIP1	5.166666666666667	2.93824026063579e-41	0.32679638	2.836489080370169e-110
CLEC5A	15.0	1.0	0.16691937	1.0
COMMD10	7.924242424242424	1.0	0.1756717	1.0
MED20	6.454545454545454	1.0	0.23589411	6.353909717425745e-12
GNG2	7.045454545454546	1.0	0.16316715	1.0
BAALC	5.4393939393939394	7.15071135886857e-20	0.21092187	0.02413977292350336
FGF19	6.621212121212121	1.0	0.24680984	8.65707892294369e-19
PIP5K1C	5.378787878787879	5.596677988813906e-24	0.5480103	0.0
TNFAIP6	7.393939393939394	1.0	0.38002187	4.954272615675756e-197
TRIP13	4.757575757575758	1.4989734955504187e-85	0.057799213	1.0
STAP1	4.712121212121212	3.234126539505369e-91	0.434628	5.412952812623977e-294
DPT	7.893939393939394	1.0	0.25347593	9.389123546635866e-24
PRKG1	4.363636363636363	1.9296931071479538e-138	0.61357504	0.0
PPP4C	4.2727272727272725	1.2235597067539176e-151	0.4405041	1.4534993656948443e-304
CCND3	4.015151515151516	1.8150337481646768e-190	0.195721	1.0
BCL7A	5.0606060606060606	1.868647141764226e-51	0.27332872	8.748479476234037e-42
TGFBI	6.575757575757576	1.0	0.6300311	0.0
KCNN2	5.045454545454546	5.449835677091945e-53	0.35565007	8.888843231801097e-156
MC1R	15.0	1.0	0.18244632	1.0
MUC7	15.0	1.0	0.20627019	0.1678935126852523
S100A8	3.8333333333333335	9.335542196331431e-219	0.23689291	1.7419389432502106e-12
TRAPPC6A	15.0	1.0	0.13115892	1.0
GATAD2A	4.53030303030303	4.226910827537424e-115	0.5711159	0.0
C5orf22	5.075757575757576	6.148878058809979e-50	0.23976077	3.577025785864881e-14
OPN4	6.7727272727272725	1.0	0.31259754	9.81995586041585e-90
ROPN1B	15.0	1.0	0.19643924	1.0
SERPING1	9.757575757575758	1.0	0.32000265	2.8740938554513015e-100
UBR2	6.0606060606060606	1.0	0.3198007	5.636231780827589e-100
LOH12CR1	5.46969696969697	5.8303237583507375e-18	0.24702002	6.165215649805743e-19
G6PD	5.090909090909091	1.923470993656941e-48	0.44091457	2.6593753934370544e-305
JAKMIP1	4.257575757575758	7.351715149052645e-154	0.5914176	0.0
TDP2	4.166666666666667	2.1673241151360944e-167	0.4542286	0.0
WBP2	4.606060606060606	6.280766027761081e-105	0.36409354	7.748665590616559e-170
NCF1	3.621212121212121	2.8697289860358173e-252	0.14728142	1.0
ERCC4	5.681818181818182	2.220023745055577e-07	0.51403874	0.0
HSPE1	4.454545454545454	1.4842317088682658e-125	0.26344207	3.2242546520148287e-32
RAB33A	6.7272727272727275	1.0	0.24644646	1.5522836616731425e-18
SIX6	5.136363636363637	4.541988465132742e-44	0.36449438	1.6412408356268373e-170
CD300LF	4.984848484848484	2.5536481937036903e-59	0.42326394	1.4244955697377004e-273
CD99	5.333333333333333	2.600528747744788e-27	0.19535308	1.0
RAB10	7.666666666666667	1.0	0.19839121	1.0
CYB5R2	5.196969696969697	1.5845634300765288e-38	0.36387122	1.8310467594561704e-169
RAB1A	4.954545454545454	1.3430778973097058e-62	0.14586708	1.0
PRCC	5.636363636363637	3.1603395062496015e-09	0.4053013	1.864931739615482e-241
CORO1A	5.287878787878788	7.485477606395389e-31	0.35136768	9.272211708462438e-149
LEF1	3.757575757575758	1.1434317634623256e-230	0.38250723	2.4385905934469003e-201
PRM1	5.5	3.7842004657943047e-16	0.21069972	0.026888185172120372
CDX1	4.545454545454546	4.834723743239444e-113	0.3941989	8.447813099824282e-222
BUB3	4.348484848484849	1.2952202012909316e-140	0.49615374	0.0
CCL5	8.833333333333334	1.0	0.14923716	1.0
FTL	15.0	1.0	0.14523534	1.0
TRA2A	4.363636363636363	1.9296931071479538e-138	0.42256185	2.5952615986129064e-272
EIF3L	5.924242424242424	0.19929500119739843	0.42949003	9.359903203285633e-285
HAUS1	5.46969696969697	5.8303237583507375e-18	0.41390628	8.343707125735957e-257
PSMD11	3.621212121212121	2.8697289860358173e-252	0.2433672	1.8797762078041788e-16
ENKD1	4.696969696969697	3.895072545540908e-93	0.45065254	8.4e-323
CUBN	6.045454545454546	1.0	0.6821432	0.0
C8G	9.393939393939394	1.0	0.20090677	0.728419737891206
C1orf111	5.5	3.7842004657943047e-16	0.3849909	1.1622919051867633e-205
POLR2K	6.045454545454546	1.0	0.17156635	1.0
FAM125A	5.121212121212121	1.65394062595959e-45	0.3958832	9.081807548429747e-225
SERP2	5.212121212121212	3.4266830986446446e-37	0.18844649	1.0
TYK2	4.136363636363637	5.900348408278667e-172	0.4140621	4.3931769376788565e-257
IGFBP4	7.53030303030303	1.0	0.35158226	4.145971921922456e-149
PEBP4	4.636363636363637	6.063285131315225e-101	0.3319064	5.384502954897344e-118
GTF2H5	4.757575757575758	1.4989734955504187e-85	0.22359715	3.97545228663567e-06
PPM1B	4.287878787878788	2.0335762994395374e-149	0.601312	0.0
PIKFYVE	7.166666666666667	1.0	0.24081957	7.999554098722559e-15
CCL7	9.015151515151516	1.0	0.15302794	1.0
MKL2	4.666666666666667	5.190235199322125e-97	0.6486276	0.0
SLC6A5	5.515151515151516	2.804737320536277e-15	0.5137198	0.0
HPGDS	15.0	1.0	0.28217226	2.863739507450055e-51
HAP1	4.090909090909091	7.431731658940583e-179	0.041938365	1.0
SHFM1	4.712121212121212	3.234126539505369e-91	0.12568054	1.0
BTLA	4.742424242424242	2.0112480802320904e-87	0.40803885	2.489808759458256e-246
DDIT4L	6.984848484848484	1.0	0.19306786	1.0
CD53	5.621212121212121	6.787535082773471e-10	0.23926757	7.104511584038842e-14
AK2	6.984848484848484	1.0	0.2426976	5.139437312195199e-16
XRCC6BP1	4.5	2.987526822932176e-119	0.3708635	2.670733268526473e-181
DOK7	15.0	1.0	0.23733342	9.755393497315352e-13
FCER1G	4.7727272727272725	1.0830356453634325e-83	0.23700944	1.4950971899051455e-12
CCNY	4.363636363636363	1.9296931071479538e-138	0.42405635	5.4053800221946066e-275
FXYD3	4.363636363636363	1.9296931071479538e-138	0.22381303	3.2817062603010818e-06
IRS1	3.5	1.434207471176549e-271	0.10573299	1.0
CTNNBIP1	4.196969696969697	7.408854155105656e-163	0.22078705	4.26328998468252e-05
IFIT2	15.0	1.0	0.30058566	1.473506346071178e-73
HPRT1	6.2727272727272725	1.0	0.18315768	1.0
LIMK2	4.590909090909091	6.15075884339598e-107	0.6162625	0.0
CLCN7	6.5	1.0	0.43006623	8.630337516286316e-286
SCNN1B	5.606060606060606	1.3777219093908933e-10	0.60268694	0.0
C16orf74	4.803030303030303	5.12655010797389e-80	0.24468538	2.4959266050606965e-17
TDG	3.6818181818181817	1.1853923178705118e-242	0.41865465	2.6455263138383557e-265
GH2	5.015151515151516	4.0682418292930166e-56	0.30192986	2.622189421832147e-75
RBX1	4.590909090909091	6.15075884339598e-107	0.17782436	1.0
NAB2	4.681818181818182	4.566391540340071e-95	0.42595026	2.1398000461779585e-278
DLD	6.46969696969697	1.0	0.35082445	7.10937493796042e-148
RAB7A	5.787878787878788	0.0005657379213339365	0.15268128	1.0
RPA4	5.136363636363637	4.541988465132742e-44	0.3786128	1.35276649162799e-194
EAPP	5.2727272727272725	4.464690473874677e-32	0.3122139	3.362615479368509e-89
NR1H3	4.242424242424242	4.2660456775394e-156	0.37280595	1.2891168844655312e-184
BCL2L13	6.96969696969697	1.0	0.17252561	1.0
CGGBP1	6.954545454545454	1.0	0.1417449	1.0
RPGR	5.2272727272727275	7.038927224180759e-36	0.53851116	0.0
UBE2I	3.409090909090909	4.198102680920517e-286	-0.14640051	1.0
SLC29A1	15.0	1.0	0.24546313	7.4092776426454e-18
MRPS18B	5.242424242424242	1.363714314520086e-34	0.3426971	8.288570203040031e-135
HSBP1	4.287878787878788	2.0335762994395374e-149	0.2556165	1.8124909452238886e-25
EIF6	5.2272727272727275	7.038927224180759e-36	0.22837137	3.9600304476069284e-08
CD38	4.833333333333333	2.107807229110395e-76	0.4232996	1.2296433902615924e-273
GKN2	6.878787878787879	1.0	0.1555711	1.0
RGS17	7.909090909090909	1.0	0.17825313	1.0
CDCA5	4.5	2.987526822932176e-119	0.37154862	1.812983222437763e-182
GGA1	5.696969696969697	8.135574001437365e-07	0.53732383	0.0
YWHAG	3.3636363636363638	2.4699394528442936e-293	-0.18832825	1.0
PKNOX2	7.045454545454546	1.0	0.27468908	3.4535536181514353e-43
HRK	4.454545454545454	1.4842317088682658e-125	0.2547803	8.614236249851577e-25
ROPN1	15.0	1.0	0.16796994	1.0
OXSR1	15.0	1.0	0.34572044	1.243720674107047e-139
RNF220	5.409090909090909	7.050991745134946e-22	0.46451703	0.0
CRYZ	15.0	1.0	0.15579037	1.0
FGF13	7.121212121212121	1.0	0.33598	2.894948648075206e-124
OTUB2	6.015151515151516	0.9432481883172866	0.26523343	7.235088635882813e-34
DUSP26	4.984848484848484	2.5536481937036903e-59	0.21898931	0.00017032629518568869
GGTLC1	6.212121212121212	1.0	0.2090459	0.05703517449307767
BMPR2	4.757575757575758	1.4989734955504187e-85	0.25903794	2.5026639487572333e-28
CCL8	9.151515151515152	1.0	0.15485226	1.0
SH3BGRL3	4.424242424242424	8.234322370316294e-130	0.20974258	0.04197564741539853
THNSL2	4.484848484848484	2.430993042715581e-121	0.5238352	0.0
CRIP2	4.651515151515151	5.700658646082387e-99	0.25987586	4.745458913257076e-29
DSG1	5.9393939393939394	0.29042308693009067	0.67636925	0.0
NGFRAP1	4.666666666666667	5.190235199322125e-97	0.24446192	3.527935481614443e-17
PAX8	4.0	8.378388133182956e-193	0.46138537	0.0
F11R	5.303030303030303	1.1955487594189794e-29	0.42958874	6.224269290390108e-285
PEA15	3.727272727272727	1.8809940959048096e-235	0.26136717	2.3444483930551226e-30
FXYD6	4.909090909090909	1.1939958588792523e-67	0.24544112	7.668878296939798e-18
FGFR2	6.196969696969697	1.0	0.2907586	2.9356017072895864e-61
WBP11	4.075757575757576	3.621754795530252e-181	0.5505404	0.0
DLX3	4.4393939393939394	1.1179237737721773e-127	0.4120171	1.9805879058272437e-253
DERL3	8.333333333333334	1.0	0.19303085	1.0
GRID1	6.015151515151516	0.9432481883172866	0.60021055	0.0
PML	3.4545454545454546	7.596371136203158e-279	0.12439868	1.0
RPL7	5.045454545454546	5.449835677091945e-53	0.30256224	3.886038758839335e-76
PHGDH	5.090909090909091	1.923470993656941e-48	0.3295627	1.9664523552488042e-114
ADD1	4.03030303030303	3.9142803071732094e-188	0.61297894	0.0
GNG10	7.045454545454546	1.0	0.13709196	1.0
CXADR	5.090909090909091	1.923470993656941e-48	0.24994878	4.684454225057919e-21
PEX26	5.7272727272727275	9.160567380971782e-06	0.38548186	1.618663740496485e-206
RGS6	5.363636363636363	4.575487144392107e-25	0.26923212	1.1038863913011084e-37
GAN	5.287878787878788	7.485477606395389e-31	0.51026785	0.0
FXYD2	6.03030303030303	1.0	0.10794442	1.0
CD86	5.363636363636363	4.575487144392107e-25	0.24242158	7.74677552378629e-16
IL18BP	6.303030303030303	1.0	0.1545207	1.0
HRH4	6.045454545454546	1.0	0.39149162	4.888764429089895e-217
ZBTB33	4.348484848484849	1.2952202012909316e-140	0.57186	0.0
SLX4	15.0	1.0	0.5098552	0.0
ZNHIT6	4.015151515151516	1.8150337481646768e-190	0.40963843	3.48926098328443e-249
CS	15.0	1.0	0.23719989	1.1631991286083773e-12
RPL5	4.621212121212121	6.241076737412368e-103	0.38981396	4.296188748482949e-214
POLD4	4.863636363636363	7.461555813357348e-73	0.21669085	0.0008622823436411751
RAP1GDS1	4.584615384615384	9.032745178023354e-108	0.46198326	0.0
EIF4EBP1	3.727272727272727	1.8809940959048096e-235	0.26760206	4.1795739492793715e-36
ABT1	4.53030303030303	4.226910827537424e-115	0.39317995	5.2599505173385524e-220
CYP1A2	15.0	1.0	0.31744534	1.3847694391404804e-96
STX8	6.4393939393939394	1.0	0.20824796	0.07970250890133225
ASAP1	4.106060606060606	1.5042150568912314e-176	0.67989135	0.0
KLK4	6.924242424242424	1.0	0.2780162	1.0451445807975564e-46
HDAC11	4.46969696969697	1.931907190857211e-123	0.37832567	4.2308322814657226e-194
COMMD5	7.924242424242424	1.0	0.17466033	1.0
USP4	4.2272727272727275	2.4241998747786866e-158	0.45421213	0.0
RNF114	15.0	1.0	0.18386875	1.0
ARHGAP19	6.318181818181818	1.0	0.2863193	5.29681402190146e-56
RSU1	4.378787878787879	2.851091925485961e-136	0.38171268	5.831387451609858e-200
HAX1	5.53030303030303	1.9631201286694676e-14	0.37665662	3.182257954360232e-191
NPFFR2	15.0	1.0	0.20471247	0.27902755494765313
HERC3	5.803030303030303	0.0013690958295525335	0.66540194	0.0
TFPI	7.575757575757576	1.0	0.2849681	1.9280758206814744e-54
CD74	15.0	1.0	0.13433781	1.0
TPM2	4.5606060606060606	5.400493616127032e-111	0.34495094	2.1235216433680273e-138
MAP1S	6.803030303030303	1.0	0.33990148	2.165254520109808e-130
IFT20	5.742424242424242	2.8116884309810437e-05	0.16630074	1.0
LRPPRC	6.106060606060606	1.0	0.5064843	0.0
SCNN1A	5.106060606060606	5.774871996982557e-47	0.5826966	0.0
C12orf10	4.803030303030303	5.12655010797389e-80	0.3364156	6.105131565114465e-125
CDC23	5.606060606060606	1.3777219093908933e-10	0.4894993	0.0
LST1	4.7727272727272725	1.0830356453634325e-83	0.20560531	0.21018854602671078
MOB3B	6.46969696969697	1.0	0.23877288	1.404126710538425e-13
CHAF1B	6.121212121212121	1.0	0.42492867	1.4644456645751942e-276
ANXA3	5.242424242424242	1.363714314520086e-34	0.4132112	1.4553577158585836e-255
ALPI	5.257575757575758	2.532355208930679e-33	0.39744204	1.6064495557269025e-227
RGPD5	4.818181818181818	3.3485901111930753e-78	0.6348477	0.0
TSC22D1	4.7272727272727275	2.5869665633246372e-89	0.22308476	6.250449474595688e-06
PCSK2	15.0	1.0	0.22256695	9.77223909319605e-06
MAPK13	3.9545454545454546	7.665781365813323e-200	0.46844873	0.0
GRIN2A	4.318181818181818	5.3259981484645446e-145	0.6169594	0.0
ANAPC10	4.803030303030303	5.12655010797389e-80	0.17277707	1.0
TNFAIP1	5.045454545454546	5.449835677091945e-53	0.41884288	1.2186867056526884e-265
TREML1	4.742424242424242	2.0112480802320904e-87	0.43908757	5.133763348888499e-302
STX1A	5.409090909090909	7.050991745134946e-22	0.077424504	1.0
GRK6	5.5	3.7842004657943047e-16	0.37466058	8.594210595640417e-188
ELP5	5.151515151515151	1.1784022048920932e-42	0.3802756	1.8051709935390178e-197
CRIPT	5.666666666666667	5.7023465843776827e-08	0.30869877	2.350283922318736e-84
CCL3L1	7.151515151515151	1.0	0.16022311	1.0
DYRK2	5.2272727272727275	7.038927224180759e-36	0.5156965	0.0
PCP4	5.045454545454546	5.449835677091945e-53	0.20473275	0.2773627971946643
KHDRBS3	4.621212121212121	6.241076737412368e-103	0.39542896	5.739257569369638e-224
DOCK10	4.666666666666667	5.190235199322125e-97	0.69554484	0.0
GTF2A1	4.287878787878788	2.0335762994395374e-149	0.45555267	0.0
INPP5E	4.363636363636363	1.9296931071479538e-138	0.55459404	0.0
PNP	5.409090909090909	7.050991745134946e-22	0.38741285	6.885382379206932e-210
CFHR3	10.151515151515152	1.0	0.2830565	2.900190008997191e-52
LYPLA1	6.757575757575758	1.0	0.18289827	1.0
ST3GAL3	6.5	1.0	0.16471963	1.0
UBA52	3.772727272727273	2.8003122703195513e-228	0.2707466	3.544055372914462e-39
GPSM1	6.803030303030303	1.0	0.5139284	0.0
ID3	4.196969696969697	7.408854155105656e-163	0.13362971	1.0
RPS19BP1	15.0	1.0	0.12987788	1.0
SNRPE	5.878787878787879	0.04703166165001248	0.15144593	1.0
CNPY4	5.575757575757576	4.742374516777844e-12	0.2648631	1.5971142652867824e-33
HNRNPA2B1	4.106060606060606	1.5042150568912314e-176	0.45099482	0.0
PROS1	8.121212121212121	1.0	0.5257159	0.0
TGIF1	3.5757575757575757	1.664769427632275e-259	0.5014449	0.0
EPAS1	4.666666666666667	5.190235199322125e-97	0.5821912	0.0
CES1	5.378787878787879	5.596677988813906e-24	0.39933008	7.375872173114102e-231
GNGT1	7.045454545454546	1.0	0.10970552	1.0
PPAP2B	4.7727272727272725	1.0830356453634325e-83	0.43138838	3.615513878367786e-288
ITGB1	5.106060606060606	5.774871996982557e-47	0.23127499	1.6837492817761098e-09
TRAF7	4.757575757575758	1.4989734955504187e-85	0.59040636	0.0
ANP32C	4.636363636363637	6.063285131315225e-101	0.29019508	1.3970817920093285e-60
AKAP14	4.575757575757576	5.853914984634287e-109	0.24740145	3.3164924587556504e-19
CUL1	4.2272727272727275	2.4241998747786866e-158	0.28716564	5.459543166080494e-57
MT1F	6.984848484848484	1.0	0.12936506	1.0
GAB3	4.212121212121212	1.3452563711804457e-160	0.51728207	0.0
GPR77	10.151515151515152	1.0	0.45852074	0.0
NFIX	5.757575757575758	8.110867378945913e-05	0.39815924	8.693274680140706e-229
ANKRA2	4.984848484848484	2.5536481937036903e-59	0.43405557	5.787313127143602e-293
PRSS3	8.287878787878787	1.0	0.22380118	3.3159542686261003e-06
SNRPF	5.924242424242424	0.19929500119739843	0.19153881	1.0
ZNF365	4.696969696969697	3.895072545540908e-93	0.20648386	0.15575428307299793
STX4	6.03030303030303	1.0	0.19195315	1.0
CLDN12	6.7727272727272725	1.0	0.24806665	1.1101274161485427e-19
HTN1	4.863636363636363	7.461555813357348e-73	0.17167428	1.0
ZWINT	6.484848484848484	1.0	0.252404	6.440899571369956e-23
TNFRSF13B	5.045454545454546	5.449835677091945e-53	0.34113777	2.4400552540726783e-132
HSPA14	5.181818181818182	6.9932454275569265e-40	0.31651515	2.9445629638517298e-95
PCBD1	5.075757575757576	6.148878058809979e-50	0.25422275	2.4053569610474592e-24
CHRNA1	15.0	1.0	0.27815676	7.381494138171859e-47
CCL4	8.181818181818182	1.0	0.1531294	1.0
SLC7A11	15.0	1.0	0.24794354	1.3605622851276423e-19
CASR	4.348484848484849	1.2952202012909316e-140	0.686146	0.0
MS4A7	7.393939393939394	1.0	0.14651091	1.0
MARCKS	4.318181818181818	5.3259981484645446e-145	0.45650607	0.0
SNRPG	5.984848484848484	0.6713958573583418	0.15906934	1.0
ODF1	5.833333333333333	0.0067181671876451274	0.17171788	1.0
RABAC1	6.333333333333333	1.0	0.11936709	1.0
PLAGL2	6.242424242424242	1.0	0.30426067	2.218273054036526e-78
SUMO4	4.090909090909091	7.431731658940583e-179	-0.0975225	1.0
SAMD3	5.5606060606060606	8.070067712540837e-13	0.33035183	1.253695984253178e-115
CAMLG	6.045454545454546	1.0	0.32265672	3.8550521271145697e-104
PPYR1	15.0	1.0	0.17908908	1.0
RAB26	6.106060606060606	1.0	0.21143898	0.018682476604167407
HMGN3	4.590909090909091	6.15075884339598e-107	0.2615899	1.4892014571390069e-30
KCNC1	15.0	1.0	0.31885114	1.3244890936232257e-98
QPRT	5.621212121212121	6.787535082773471e-10	0.38648567	2.8702318761899274e-208
FKBP1B	6.212121212121212	1.0	0.18847527	1.0
CCL14	9.151515151515152	1.0	0.1774356	1.0
C1QA	7.757575757575758	1.0	0.21269989	0.009675242904650428
CCL11	9.151515151515152	1.0	0.17454764	1.0
CCL13	9.151515151515152	1.0	0.17454764	1.0
GJB3	6.015151515151516	0.9432481883172866	0.315718	3.9977448883259836e-94
STAR	4.757575757575758	1.4989734955504187e-85	0.31534773	1.337159248017949e-93
CHRNA2	7.878787878787879	1.0	0.28173476	8.824809930708438e-51
LEP	15.0	1.0	0.13904701	1.0
MARCH2	7.4393939393939394	1.0	0.17337751	1.0
DPYS	6.924242424242424	1.0	0.31825042	9.69753847011776e-98
AKAP8L	5.151515151515151	1.1784022048920932e-42	0.5455865	0.0
SDHB	6.196969696969697	1.0	0.28687936	1.1799503973028223e-56
NUCKS1	15.0	1.0	0.18320633	1.0
RGL2	4.212121212121212	1.3452563711804457e-160	0.6166645	0.0
HDAC10	4.484848484848484	2.430993042715581e-121	0.59317756	0.0
SUB1	3.878787878787879	1.2284127079251473e-211	0.3429957	2.7827039780314035e-135
MESDC2	13.712121212121213	1.0	0.27040854	7.683550458950396e-39
ECH1	4.681818181818182	4.566391540340071e-95	0.4452097	4.97478989056e-313
PITX2	4.181818181818182	4.0396039921142017e-165	0.42101443	1.5489871537760885e-269
PLSCR4	5.287878787878788	7.485477606395389e-31	0.38845655	1.0263821267621563e-211
VAMP8	6.257575757575758	1.0	0.17169134	1.0
NOSIP	5.393939393939394	6.482752192123682e-23	0.3543152	1.395440147783166e-153
NOL12	5.287878787878788	7.485477606395389e-31	0.1541997	1.0
BRCC3	4.181818181818182	4.0396039921142017e-165	0.39582536	1.1469767210569462e-224
EIF4E2	6.2272727272727275	1.0	0.21971446	9.871790106538433e-05
MCTS1	5.924242424242424	0.19929500119739843	0.13857001	1.0
TTC14	5.5	3.7842004657943047e-16	0.38982573	4.0984437193592765e-214
KCNA2	5.0	1.0403022436148605e-57	0.45261157	0.0
PPHLN1	4.666666666666667	5.190235199322125e-97	0.3601217	3.446480758059374e-163
NDUFA1	6.803030303030303	1.0	0.19288799	1.0
C11orf54	5.757575757575758	8.110867378945913e-05	0.25333413	1.2122002539348946e-23
HBE1	15.0	1.0	0.13074869	1.0
TMEM33	6.242424242424242	1.0	0.20702988	0.12780828512844683
GNPDA1	5.242424242424242	1.363714314520086e-34	0.3452739	6.460142526055701e-139
TREX1	4.363636363636363	1.9296931071479538e-138	0.4995858	0.0
THAP10	5.954545454545454	0.4021808346106391	0.27472457	3.1729455122155357e-43
CRYBB3	15.0	1.0	0.15135473	1.0
RFC2	4.681818181818182	4.566391540340071e-95	0.41532096	2.4649359775455413e-259
SNX27	6.818181818181818	1.0	0.36134902	3.0909052921051193e-165
SNAPC5	4.318181818181818	5.3259981484645446e-145	0.25775552	3.073812621260187e-27
LGALS8	5.848484848484849	0.01364731693088985	0.39622742	2.2437948652128708e-225
VPS28	4.787878787878788	7.589866940626278e-82	0.18713127	1.0
PBLD	5.621212121212121	6.787535082773471e-10	0.32549372	2.484078743299072e-108
WSB2	5.318181818181818	1.8111998406309878e-28	0.2945367	7.011782452196248e-66
CPSF3	4.045454545454546	8.293864890908537e-186	0.5819939	0.0
KRT85	6.545454545454546	1.0	0.34580064	9.255172175895241e-140
SCGB1A1	7.045454545454546	1.0	0.12544751	1.0
MRPL4	5.4393939393939394	7.15071135886857e-20	0.26786807	2.3194834460821764e-36
ID2	4.075757575757576	3.621754795530252e-181	0.06617094	1.0
P2RX2	15.0	1.0	0.18468861	1.0
CPNE7	5.651515151515151	1.3838745592303982e-08	0.5209247	0.0
CALM1	4.045454545454546	8.293864890908537e-186	-0.17099445	1.0
ATXN3	5.318181818181818	1.8111998406309878e-28	0.16704352	1.0
SLAMF1	4.651515151515151	5.700658646082387e-99	0.45095125	0.0
VAPB	7.0606060606060606	1.0	0.22218557	1.350921691060878e-05
SF3A3	4.393939393939394	4.1588243918237506e-134	0.42396057	8.026847661822792e-275
CNOT6	5.075757575757576	6.148878058809979e-50	0.42153606	1.7979058465665153e-270
GTF2A2	4.242424242424242	4.2660456775394e-156	0.27554592	4.398420174574959e-44
SNRPD1	5.424242424242424	7.304939763549693e-21	0.21253276	0.010578880130790084
PYCR2	4.696969696969697	3.895072545540908e-93	0.37008867	5.571770294001185e-180
SYPL1	7.0606060606060606	1.0	0.2096886	0.04300636920018965
LUM	7.318181818181818	1.0	0.37779105	3.537794979943525e-193
HIST4H4	4.287878787878788	2.0335762994395374e-149	0.20260692	0.4979422264406652
PAGR1	5.424242424242424	7.304939763549693e-21	0.33892468	7.409245697478503e-129
LSM6	5.651515151515151	1.3838745592303982e-08	0.16657619	1.0
SPEF1	7.181818181818182	1.0	0.2260285	4.1686137113851105e-07
SLC1A4	15.0	1.0	0.17367163	1.0
PDCD6	5.106060606060606	5.774871996982557e-47	0.083066694	1.0
SH3GLB1	4.909090909090909	1.1939958588792523e-67	0.44825226	1.684517e-318
FBL	4.318181818181818	5.3259981484645446e-145	0.41227427	6.877839714111609e-254
PPIE	5.484848484848484	4.837331664837387e-17	0.360854	2.0714673962253376e-164
CMA1	6.7727272727272725	1.0	0.17162466	1.0
SIRT6	4.409090909090909	5.914786475214866e-132	0.42379025	1.621837901032084e-274
CDK2AP1	4.606060606060606	6.280766027761081e-105	0.21310255	0.007757643776678873
HFE	7.424242424242424	1.0	0.19931115	0.9743999924861514
LNPEP	7.681818181818182	1.0	0.6232571	0.0
TFEC	4.7272727272727275	2.5869665633246372e-89	0.3516622	3.072664548604964e-149
NUPR1	4.2727272727272725	1.2235597067539176e-151	0.29259753	1.7174999679115e-63
CCNB1IP1	4.757575757575758	1.4989734955504187e-85	0.3532816	6.919189775381688e-152
EGLN2	4.621212121212121	6.241076737412368e-103	0.39051586	2.523955553525873e-215
ATF5	5.03030303030303	1.5255864629947634e-54	0.39580786	1.2309945873170953e-224
MBL2	11.757575757575758	1.0	0.17190346	1.0
ATF3	3.757575757575758	1.1434317634623256e-230	0.272136	1.430877278040678e-40
RBP4	6.166666666666667	1.0	0.13948737	1.0
BMP1	6.7272727272727275	1.0	0.6199954	0.0
C6orf47	6.575757575757576	1.0	0.25502825	5.43622313003865e-25
FYN	3.893939393939394	2.855528363833788e-209	-0.14135574	1.0
GRM4	4.863636363636363	7.461555813357348e-73	0.6661727	0.0
ATOX1	7.909090909090909	1.0	0.095328465	1.0
CAMK2N2	5.0	1.0403022436148605e-57	0.20898609	0.0585017827432767
GNMT	5.909090909090909	0.1300519624973496	0.3061625	6.3870134183080025e-81
FOXH1	3.909090909090909	6.631144541376156e-207	0.49097708	0.0
GATA1	3.5303030303030303	9.616322325664552e-267	0.3662446	1.8370636095617864e-173
MAF	4.03030303030303	3.9142803071732094e-188	0.47231856	0.0
NOX1	5.484848484848484	4.837331664837387e-17	0.32921544	6.578596530469404e-114
WDR5	5.121212121212121	1.65394062595959e-45	0.426188	8.020371339535851e-279
SRGAP1	4.696969696969697	3.895072545540908e-93	0.6715544	0.0
CTBP1	3.8636363636363638	5.309754525883307e-214	0.23544565	1.1248264671847417e-11
KRTAP3-2	5.545454545454546	1.2939466289206966e-13	0.21208705	0.013407982840304146
IKBKE	4.196969696969697	7.408854155105656e-163	0.6118526	0.0
POU2AF1	5.03030303030303	1.5255864629947634e-54	0.21371466	0.005492665502905298
UBL5	7.075757575757576	1.0	0.11772697	1.0
OSMR	4.787878787878788	7.589866940626278e-82	0.4408826	3.034785026839351e-305
IL28B	15.0	1.0	0.1437091	1.0
PROP1	5.166666666666667	2.93824026063579e-41	0.18209471	1.0
ZNF473	11.242424242424242	1.0	0.3097644	8.192421640337891e-86
RAMP3	15.0	1.0	0.12000308	1.0
KHDRBS1	3.696969696969697	3.006258229506499e-240	0.27221394	1.1935090756164831e-40
BCL2L14	4.681818181818182	4.566391540340071e-95	0.4199256	1.3945136347486658e-267
LATS1	4.106060606060606	1.5042150568912314e-176	0.5980673	0.0
SNRPD2	5.348484848484849	3.543656868901738e-26	0.10790341	1.0
GAS2	4.848484848484849	1.2797706148193189e-74	0.40123746	3.083393228241554e-234
C2orf65	7.303030303030303	1.0	0.26715297	1.1248781012201342e-35
MTCP1	4.015151515151516	1.8150337481646768e-190	0.261751	1.0717746512360975e-30
EPB41L3	4.03030303030303	3.9142803071732094e-188	0.686681	0.0
COX6C	5.121212121212121	1.65394062595959e-45	0.18881892	1.0
OSCAR	6.015151515151516	0.9432481883172866	0.19547226	1.0
LSM2	5.53030303030303	1.9631201286694676e-14	0.1477936	1.0
ZNF197	5.424242424242424	7.304939763549693e-21	0.08986017	1.0
SKAP2	4.787878787878788	7.589866940626278e-82	0.4686446	0.0
USH1C	9.121212121212121	1.0	0.2470345	6.023527950341845e-19
STX2	6.833333333333333	1.0	0.26912168	1.4149062808174304e-37
CD33	4.287878787878788	2.0335762994395374e-149	0.48066765	0.0
PNO1	4.833333333333333	2.107807229110395e-76	0.26329178	4.4170638910886244e-32
TRA2B	4.681818181818182	4.566391540340071e-95	0.27863023	2.274070831362007e-47
HEXIM1	3.893939393939394	2.855528363833788e-209	0.48093227	0.0
SREBF2	3.6818181818181817	1.1853923178705118e-242	0.6484101	0.0
IL27RA	4.121212121212121	2.993933330416968e-174	0.47192553	0.0
TMSB10	7.257575757575758	1.0	0.08316443	1.0
S100A1	5.257575757575758	2.532355208930679e-33	0.081980556	1.0
TSPAN1	5.696969696969697	8.135574001437365e-07	0.20509034	0.2481946898275718
NOD2	5.378787878787879	5.596677988813906e-24	0.61929035	0.0
PPP1R17	4.5606060606060606	5.400493616127032e-111	0.25165012	2.446690598512557e-22
LSM5	5.651515151515151	1.3838745592303982e-08	0.14998893	1.0
CDC26	4.848484848484849	1.2797706148193189e-74	0.18887067	1.0
NET1	5.287878787878788	7.485477606395389e-31	0.45822704	0.0
PPP1R14A	4.03030303030303	3.9142803071732094e-188	0.22288366	7.43969351498361e-06
HGF	7.621212121212121	1.0	0.24622041	2.2283446408704842e-18
FXYD7	6.03030303030303	1.0	0.09318873	1.0
DBP	4.2727272727272725	1.2235597067539176e-151	0.41142765	2.239017210311625e-252
TSSK4	4.181818181818182	4.0396039921142017e-165	0.44262728	2.2036977335377076e-308
RSRC1	5.0	1.0403022436148605e-57	0.4005841	4.439580035958427e-233
ODF2	5.212121212121212	3.4266830986446446e-37	0.44677055	7.75735134e-316
FAM127B	5.681818181818182	2.220023745055577e-07	0.16311885	1.0
BBOX1	6.136363636363637	1.0	0.19476561	1.0
FAM50B	5.0606060606060606	1.868647141764226e-51	0.41458252	5.159528232928334e-258
MAFB	4.4393939393939394	1.1179237737721773e-127	0.4105719	7.543630879081765e-251
JDP2	3.878787878787879	1.2284127079251473e-211	0.34182823	1.9769099503841033e-133
CAMK2N1	5.0606060606060606	1.868647141764226e-51	0.18476024	1.0
TNFSF10	5.424242424242424	7.304939763549693e-21	0.3570132	4.987202886067807e-158
ENPEP	7.803030303030303	1.0	0.4168749	4.071999078721688e-262
EIF3A	5.151515151515151	1.1784022048920932e-42	0.6935441	0.0
HAPLN1	7.53030303030303	1.0	0.423645	2.9555486126498575e-274
PTPN1	3.484848484848485	5.445536279761997e-274	0.22798333	5.9179710413185337e-08
MAP2K7	4.151515151515151	1.1446109044602285e-169	0.37019825	3.6282595441196377e-180
REST	4.348484848484849	1.2952202012909316e-140	0.68502617	0.0
IGDCC3	15.0	1.0	0.2699944	1.9704349903808928e-38
FBXO4	5.090909090909091	1.923470993656941e-48	0.37404072	9.926772410052641e-187
RHOT2	4.893939393939394	2.282999105755518e-69	0.4584347	0.0
ME2	5.2727272727272725	4.464690473874677e-32	0.42632762	4.503223363629465e-279
CNN3	4.7727272727272725	1.0830356453634325e-83	0.41279736	8.004547602576704e-255
EGFL7	6.196969696969697	1.0	0.31274873	6.04309914511431e-90
CENPK	5.5	3.7842004657943047e-16	0.2282486	4.499810316907599e-08
MME	5.257575757575758	2.532355208930679e-33	0.3487454	1.6743338290512243e-144
PRELP	6.348484848484849	1.0	0.46836215	0.0
TRIM25	4.545454545454546	4.834723743239444e-113	0.51405174	0.0
HGS	3.9242424242424243	1.4883845906973111e-204	0.43900403	7.242792670429085e-302
AKR1B1	4.545454545454546	4.834723743239444e-113	0.40013444	2.7755526066121368e-232
CCL19	9.151515151515152	1.0	0.1302026	1.0
ADORA2B	4.7727272727272725	1.0830356453634325e-83	0.41838822	7.945035614413534e-265
S100A4	5.515151515151516	2.804737320536277e-15	0.21813586	0.00031695206698242743
YIPF4	6.46969696969697	1.0	0.16395657	1.0
DUSP4	3.8636363636363638	5.309754525883307e-214	0.5112767	0.0
PTH1R	5.53030303030303	1.9631201286694676e-14	0.41960385	5.266593196814308e-267
AMBP	7.075757575757576	1.0	0.40052843	5.570672235239156e-233
SNCG	4.015151515151516	1.8150337481646768e-190	0.327711	1.2117289616271082e-111
CDC42SE2	4.7727272727272725	1.0830356453634325e-83	0.2296367	1.033380408343242e-08
SMARCE1	3.787878787878788	6.691875806829089e-226	0.4747236	0.0
ULBP3	15.0	1.0	0.16315639	1.0
CAV1	3.5757575757575757	1.664769427632275e-259	-0.101732545	1.0
MED31	4.257575757575758	7.351715149052645e-154	-0.038614087	1.0
GGT1	6.621212121212121	1.0	0.34789124	4.0151915471004905e-143
PDGFC	4.318181818181818	5.3259981484645446e-145	0.42274943	1.1962453971505643e-272
NDC80	5.121212121212121	1.65394062595959e-45	0.53039765	0.0
VGLL1	5.545454545454546	1.2939466289206966e-13	0.2905741	4.8950992833628956e-61
UBE2L3	4.96969696969697	5.9836842956166486e-61	0.0783857	1.0
S100A11	4.242424242424242	4.2660456775394e-156	0.24273561	4.856985486204737e-16
CD34	4.378787878787879	2.851091925485961e-136	0.39670488	3.21973838594502e-226
CSTB	7.545454545454546	1.0	0.11372339	1.0
CXCL10	8.833333333333334	1.0	0.15019168	1.0
PAX1	6.181818181818182	1.0	0.26156503	1.5660692255188761e-30
C1RL	15.0	1.0	0.21491578	0.0026884715408642553
DCAF7	4.287878787878788	2.0335762994395374e-149	0.45112416	0.0
HTN3	15.0	1.0	0.08727067	1.0
UQCRQ	5.742424242424242	2.8116884309810437e-05	0.11993537	1.0
CNN2	4.96969696969697	5.9836842956166486e-61	0.3808108	2.134660374640215e-198
DKK2	13.712121212121213	1.0	0.27206546	1.6859170403948022e-40
CCL26	9.151515151515152	1.0	0.17359637	1.0
PITPNB	6.636363636363637	1.0	0.18680906	1.0
HIST3H3	4.2727272727272725	1.2235597067539176e-151	0.0222225	1.0
RASGRP2	5.106060606060606	5.774871996982557e-47	0.44786406	8.400445e-318
TBXA2R	5.393939393939394	6.482752192123682e-23	0.39083654	6.904251901793066e-216
CLK4	6.075757575757576	1.0	0.20005344	0.8567635906520552
LENG1	5.545454545454546	1.2939466289206966e-13	0.2198867	8.648875212815994e-05
SNRPD3	5.393939393939394	6.482752192123682e-23	0.1031455	1.0
JKAMP	4.2727272727272725	1.2235597067539176e-151	0.3941393	1.0751269720922263e-221
KIAA0907	5.696969696969697	8.135574001437365e-07	0.462165	0.0
PMM1	7.2727272727272725	1.0	0.2008837	0.7315184991467455
CD200R1	15.0	1.0	0.13404404	1.0
LSM3	5.651515151515151	1.3838745592303982e-08	0.12285319	1.0
NR1I2	4.363636363636363	1.9296931071479538e-138	0.4560668	0.0
TACR1	5.909090909090909	0.1300519624973496	0.18810879	1.0
AZU1	15.0	1.0	0.15744199	1.0
PKIB	5.2272727272727275	7.038927224180759e-36	0.13588578	1.0
PTPN11	3.787878787878788	6.691875806829089e-226	-0.12779681	1.0
RNH1	7.878787878787879	1.0	0.19133922	1.0
GADD45G	3.6515151515151514	1.916297134297963e-247	0.102507606	1.0
HOXB13	6.045454545454546	1.0	0.25308183	1.91139572420038e-23
PSMD4	4.242424242424242	4.2660456775394e-156	0.43979558	2.7320543719345118e-303
TRDMT1	4.621212121212121	6.241076737412368e-103	0.48442376	0.0
SPRR1A	4.848484848484849	1.2797706148193189e-74	0.22231679	1.2091015994195998e-05
ACTR8	5.757575757575758	8.110867378945913e-05	0.4079649	3.370671841667663e-246
PNRC2	3.8333333333333335	9.335542196331431e-219	0.23850639	2.0193458442154426e-13
DIP2A	4.636363636363637	6.063285131315225e-101	0.6144026	0.0
DNAJB11	4.818181818181818	3.3485901111930753e-78	0.3943279	5.009572719794353e-222
GSTM1	15.0	1.0	0.13209248	1.0
GNAI2	5.090909090909091	1.923470993656941e-48	0.02631685	1.0
RRP12	5.575757575757576	4.742374516777844e-12	0.5714847	0.0
HIST2H4A	4.696969696969697	3.895072545540908e-93	0.1859494	1.0
CLDN16	6.015151515151516	0.9432481883172866	0.32001966	2.716248099044237e-100
UPP2	4.696969696969697	3.895072545540908e-93	0.38848218	9.259655973198254e-212
SPDEF	4.0606060606060606	1.739805437553857e-183	0.40426254	1.3090002981145592e-239
PTMS	4.2727272727272725	1.2235597067539176e-151	0.23851238	2.0034697826146362e-13
CCL3L3	7.212121212121212	1.0	0.12688836	1.0
RELA	3.3636363636363638	2.4699394528442936e-293	-0.11347225	1.0
SH3GL1	4.53030303030303	4.226910827537424e-115	0.42409754	4.560576130071576e-275
GBP1	5.696969696969697	8.135574001437365e-07	0.4002636	1.639332676693619e-232
ZNF346	5.378787878787879	5.596677988813906e-24	0.3499883	1.622441318111856e-146
FBP1	5.4393939393939394	7.15071135886857e-20	0.39971915	1.5099257604588904e-231
ARIH1	5.909090909090909	0.1300519624973496	0.31266266	7.967767159822806e-90
AIMP1	4.696969696969697	3.895072545540908e-93	0.37966445	2.0584513187979259e-196
GNGT2	6.590909090909091	1.0	0.11834572	1.0
MRPL9	6.848484848484849	1.0	0.17959009	1.0
ACLY	4.151515151515151	1.1446109044602285e-169	0.65957844	0.0
CYP11B2	6.348484848484849	1.0	0.21746069	0.0005104715828572593
NDUFA4L2	4.924242424242424	5.985953570968111e-66	0.092938714	1.0
RALY	5.212121212121212	3.4266830986446446e-37	0.3471347	6.657557819127161e-142
PFDN1	4.590909090909091	6.15075884339598e-107	0.2032304	0.42480896377347593
PPP1R15A	4.0606060606060606	1.739805437553857e-183	0.55332667	0.0
HECW1	5.363636363636363	4.575487144392107e-25	0.6719943	0.0
ARPC4	6.075757575757576	1.0	0.0709945	1.0
SH2D1A	4.5	2.987526822932176e-119	0.20439574	0.3068024202288535
DYNLRB1	5.515151515151516	2.804737320536277e-15	0.19410439	1.0
TP53AIP1	4.681818181818182	4.566391540340071e-95	0.20812118	0.08387017735952101
GNAI3	6.242424242424242	1.0	0.19703841	1.0
SCGN	7.2727272727272725	1.0	0.23088993	2.601465905087199e-09
TCP10	4.833333333333333	2.107807229110395e-76	0.39268956	3.839587420863135e-219
TXNL1	5.090909090909091	1.923470993656941e-48	0.28460804	4.988120239467056e-54
CAPZB	4.757575757575758	1.4989734955504187e-85	0.24909684	1.9900688847971037e-20
ACTC1	4.454545454545454	1.4842317088682658e-125	0.23232937	4.999131167992964e-10
TIMM17B	15.0	1.0	0.14470737	1.0
ATPAF2	5.181818181818182	6.9932454275569265e-40	0.18691395	1.0
CBX8	4.348484848484849	1.2952202012909316e-140	0.46946648	0.0
SPTSSA	8.287878787878787	1.0	0.09823705	1.0
PCBP1	4.757575757575758	1.4989734955504187e-85	0.26554382	3.7159501659481703e-34
ATP5L	15.0	1.0	0.10991701	1.0
TBX4	6.636363636363637	1.0	0.23937409	6.128605308454643e-14
RPL37A	5.045454545454546	5.449835677091945e-53	0.22362223	3.890569695056321e-06
NEUROD1	4.575757575757576	5.853914984634287e-109	0.37438065	2.5934985757032623e-187
FKBP6	5.015151515151516	4.0682418292930166e-56	0.38999453	2.0736070514592463e-214
ANKRD2	3.893939393939394	2.855528363833788e-209	0.42603564	1.504089441476779e-278
CCL17	9.151515151515152	1.0	0.11666288	1.0
VAMP3	6.893939393939394	1.0	0.16834798	1.0
DCTN5	5.666666666666667	5.7023465843776827e-08	0.18364778	1.0
MEF2A	3.727272727272727	1.8809940959048096e-235	0.39172778	1.881383323521014e-217
ARNT2	4.515151515151516	3.593818462139579e-117	0.5779513	0.0
ZNF274	4.9393939393939394	2.8876096295366594e-64	0.43764818	1.9925282780853334e-299
MORN2	7.303030303030303	1.0	0.103087984	1.0
MLX	5.4393939393939394	7.15071135886857e-20	0.19141479	1.0
KEAP1	5.893939393939394	0.08040728585071569	0.4146107	4.595551309176584e-258
BANF1	5.409090909090909	7.050991745134946e-22	0.11555029	1.0
SIX1	4.893939393939394	2.282999105755518e-69	0.24695425	6.858294173361539e-19
PSMB7	6.166666666666667	1.0	0.17467265	1.0
KCTD17	5.5	3.7842004657943047e-16	0.22811642	5.160786621164521e-08
RPS3A	5.803030303030303	0.0013690958295525335	0.2020483	0.5688334424961411
TNNT3	8.393939393939394	1.0	0.16008934	1.0
S100A9	4.136363636363637	5.900348408278667e-172	0.10553308	1.0
DEXI	5.984848484848484	0.6713958573583418	0.14371413	1.0
TUBB	3.803030303030303	1.6541955466014821e-223	0.19112006	1.0
FAM103A1	5.045454545454546	5.449835677091945e-53	0.2415399	2.8258593353206833e-15
HYLS1	5.318181818181818	1.8111998406309878e-28	0.33991838	2.037382626908569e-130
C15orf41	7.045454545454546	1.0	0.20624228	0.16950478637463912
GNAO1	5.121212121212121	1.65394062595959e-45	0.052047137	1.0
SAA2	7.4393939393939394	1.0	0.23807785	3.6075600131071103e-13
SCG3	7.893939393939394	1.0	0.25994325	4.14830887057476e-29
CCL22	8.833333333333334	1.0	0.117479205	1.0
PDCD2	5.212121212121212	3.4266830986446446e-37	0.32514963	8.059997941958798e-108
SNAI1	4.954545454545454	1.3430778973097058e-62	0.17238952	1.0
RFC4	4.833333333333333	2.107807229110395e-76	0.44925687	2.638e-320
SRPK2	5.136363636363637	4.541988465132742e-44	0.5837944	0.0
SMCP	5.46969696969697	5.8303237583507375e-18	0.24469827	2.4471106914278134e-17
CD6	5.090909090909091	1.923470993656941e-48	0.47797817	0.0
LAMTOR3	3.9696969696969697	1.7009092593290584e-197	0.25572446	1.480426959848035e-25
RNF139	4.590909090909091	6.15075884339598e-107	0.39469525	1.128102968607297e-222
PDE6H	6.121212121212121	1.0	0.16062103	1.0
DPH3	8.06060606060606	1.0	0.08561217	1.0
PTAFR	5.075757575757576	6.148878058809979e-50	0.3753579	5.4568848655468975e-189
RPN1	5.242424242424242	1.363714314520086e-34	0.40121934	3.318852647875528e-234
LILRB1	6.787878787878788	1.0	0.4099798	8.591146536763004e-250
SUPT4H1	4.7272727272727275	2.5869665633246372e-89	0.24078128	8.446874297575375e-15
FEZ2	4.242424242424242	4.2660456775394e-156	0.4235868	3.754541327182673e-274
CYTH2	4.333333333333333	8.36973431338001e-143	0.43791193	6.687769519430653e-300
PDZK1IP1	4.803030303030303	5.12655010797389e-80	0.2485925	4.638890591135111e-20
MCFD2	10.121212121212121	1.0	0.118289694	1.0
MTPN	4.303030303030303	3.33264627763135e-147	0.26394466	1.1218905118392451e-32
SSRP1	5.03030303030303	1.5255864629947634e-54	0.55865294	0.0
ZNRD1	5.606060606060606	1.3777219093908933e-10	0.21253759	0.010554024166484984
WDR77	6.015151515151516	0.9432481883172866	0.37374502	3.1856011763366646e-186
CRYAA	15.0	1.0	0.11019716	1.0
EIF4H	5.924242424242424	0.19929500119739843	0.15108775	1.0
FOSB	4.53030303030303	4.226910827537424e-115	0.39679933	2.1940150410697722e-226
LRRC59	5.287878787878788	7.485477606395389e-31	0.30870634	2.2958033815842347e-84
FDPS	4.696969696969697	3.895072545540908e-93	0.41542545	1.6050512156289312e-259
PKIG	5.2727272727272725	4.464690473874677e-32	0.13591786	1.0
H3F3A	4.363636363636363	1.9296931071479538e-138	0.25340486	1.0669477439042678e-23
SGCA	15.0	1.0	0.15892823	1.0
CSH2	4.03030303030303	3.9142803071732094e-188	0.2749737	1.7461122448675142e-43
SUPT3H	4.333333333333333	8.36973431338001e-143	0.39205146	5.07742795003972e-218
BPY2	6.0606060606060606	1.0	0.121027604	1.0
BPY2C	6.0606060606060606	1.0	0.121027604	1.0
C5orf55	4.818181818181818	3.3485901111930753e-78	0.26207453	5.5153830411874715e-31
DLGAP1	5.151515151515151	1.1784022048920932e-42	0.54149604	0.0
CHMP2B	6.090909090909091	1.0	0.13037899	1.0
KRT19	5.393939393939394	6.482752192123682e-23	0.4127166	1.115351180507945e-254
CARD16	5.03030303030303	1.5255864629947634e-54	0.17266022	1.0
TAF5	4.893939393939394	2.282999105755518e-69	0.5813818	0.0
DUSP9	3.984848484848485	3.796242806180348e-195	0.4761961	0.0
PFN1	4.424242424242424	8.234322370316294e-130	0.12239553	1.0
S100A6	6.0	0.8130487145366784	0.10012965	1.0
BAD	3.5757575757575757	1.664769427632275e-259	0.060766596	1.0
PPP2CB	4.5	2.987526822932176e-119	0.2998931	1.1592805730463174e-72
BATF	4.303030303030303	3.33264627763135e-147	0.25434437	1.9242555231902344e-24
KCNJ10	5.590909090909091	2.632737875380154e-11	0.44691873	4.20177985e-316
TRAPPC2	15.0	1.0	0.10954177	1.0
DAP	5.015151515151516	4.0682418292930166e-56	0.21965258	0.00010349015910229463
HIST1H4F	5.363636363636363	4.575487144392107e-25	0.13895129	1.0
HIST1H4A	4.863636363636363	7.461555813357348e-73	0.20777057	0.096406652237345
RHO	5.015151515151516	4.0682418292930166e-56	0.36232623	7.161019363606355e-167
GAS7	4.848484848484849	1.2797706148193189e-74	0.39168775	2.211449368919555e-217
S100B	5.0	1.0403022436148605e-57	0.05989443	1.0
ASGR2	7.4393939393939394	1.0	0.18053547	1.0
NGFR	3.9393939393939394	3.3887978519689985e-202	0.32805791	3.64843666443863e-112
BCAM	5.318181818181818	1.8111998406309878e-28	0.5778246	0.0
PDCD5	4.393939393939394	4.1588243918237506e-134	0.2460444	2.9489216894495332e-18
PECR	7.515151515151516	1.0	0.20059222	0.7742795173945928
ZNF488	5.151515151515151	1.1784022048920932e-42	0.3881073	4.193246913125925e-211
PPARGC1B	3.742424242424242	4.647503459395832e-233	0.68714476	0.0
ELK4	4.318181818181818	5.3259981484645446e-145	0.4798786	0.0
NUAK1	4.787878787878788	7.589866940626278e-82	0.49994025	0.0
CD1E	7.606060606060606	1.0	0.20782113	0.09454148332718768
ZNF607	5.4393939393939394	7.15071135886857e-20	0.5248452	0.0
SS18	4.151515151515151	1.1446109044602285e-169	0.44876274	2.03876e-319
BIRC5	4.03030303030303	3.9142803071732094e-188	0.22246256	1.0678951334868907e-05
LAX1	4.53030303030303	4.226910827537424e-115	0.5039955	0.0
DOM3Z	6.090909090909091	1.0	0.44548124	1.61448106195e-313
MYCBP	5.5606060606060606	8.070067712540837e-13	0.23367818	1.003304221332881e-10
C8B	9.393939393939394	1.0	0.3295192	2.2874604372011305e-114
SPC25	9.106060606060606	1.0	0.13829792	1.0
CDX4	6.151515151515151	1.0	0.19106944	1.0
RFWD2	3.9393939393939394	3.3887978519689985e-202	0.62777984	0.0
TCF7L2	3.893939393939394	2.855528363833788e-209	0.4924133	0.0
TRAM1	5.0	1.0403022436148605e-57	0.4345051	9.001300894226466e-294
ITGB7	4.151515151515151	1.1446109044602285e-169	0.60835093	0.0
TSC22D3	4.181818181818182	4.0396039921142017e-165	0.31775853	4.932227203414573e-97
KCNK1	4.409090909090909	5.914786475214866e-132	0.3922594	2.1904546011208912e-218
NEUROG2	5.621212121212121	6.787535082773471e-10	0.16516954	1.0
TNFRSF12A	5.045454545454546	5.449835677091945e-53	0.25469953	1.00018550848472e-24
AHSA1	4.2272727272727275	2.4241998747786866e-158	0.36079228	2.6243751051965715e-164
TRIM6	5.863636363636363	0.026010289548509757	0.27029383	9.975565887037295e-39
GATA4	4.121212121212121	2.993933330416968e-174	0.36707434	7.263913847310038e-175
FPR1	5.0	1.0403022436148605e-57	0.40936145	1.0888827006875558e-248
CD101	4.863636363636363	7.461555813357348e-73	0.5605183	0.0
MAPK10	3.727272727272727	1.8809940959048096e-235	0.43388063	1.193460635195501e-292
P2RY2	4.2272727272727275	2.4241998747786866e-158	0.4730258	0.0
LCMT1	5.166666666666667	2.93824026063579e-41	0.36825418	7.287669951484979e-177
MNDA	3.8636363636363638	5.309754525883307e-214	0.4917309	0.0
PCGF2	4.742424242424242	2.0112480802320904e-87	0.3966504	4.0173088405822385e-226
INS	5.7272727272727275	9.160567380971782e-06	0.09759122	1.0
OGG1	5.378787878787879	5.596677988813906e-24	0.3347075	2.697648332317911e-122
BGLAP	8.545454545454545	1.0	0.0982413	1.0
EME1	15.0	1.0	0.26072755	8.580136474097208e-30
NR4A2	4.257575757575758	7.351715149052645e-154	0.4811643	0.0
BFSP1	4.696969696969697	3.895072545540908e-93	0.49739265	0.0
PPP2R5A	4.015151515151516	1.8150337481646768e-190	0.42291483	6.037013860313959e-273
IGLL1	6.212121212121212	1.0	0.10415165	1.0
CD97	15.0	1.0	0.29946223	4.157279416759131e-72
ARHGAP1	4.090909090909091	7.431731658940583e-179	0.38132364	2.755472958045344e-199
RPA3	5.121212121212121	1.65394062595959e-45	0.24055636	1.1639097283642688e-14
DYX1C1	4.348484848484849	1.2952202012909316e-140	0.4323078	8.032168135662175e-290
HAGH	6.212121212121212	1.0	0.20680292	0.13888052076732113
SLC25A6	5.878787878787879	0.04703166165001248	0.18799141	1.0
POLI	4.303030303030303	3.33264627763135e-147	0.61959827	0.0
PRPF38B	4.363636363636363	1.9296931071479538e-138	0.42484045	2.107763682518988e-276
GNRH1	8.0	1.0	0.111405775	1.0
C19orf25	5.46969696969697	5.8303237583507375e-18	0.24683943	8.256821662108621e-19
RPS2	5.666666666666667	5.7023465843776827e-08	0.19373578	1.0
PTGIR	6.333333333333333	1.0	0.43526813	3.818938055273716e-295
IL18RAP	5.621212121212121	6.787535082773471e-10	0.36815208	1.0851584438472596e-176
RNF11	4.106060606060606	1.5042150568912314e-176	-0.07184601	1.0
NOTCH1	4.151515151515151	1.1446109044602285e-169	0.518952	0.0
POLD1	4.848484848484849	1.2797706148193189e-74	0.6674806	0.0
RRM2	3.8636363636363638	5.309754525883307e-214	0.41674066	7.083438991449187e-262
UBE2J2	7.575757575757576	1.0	0.15307246	1.0
SNX5	4.348484848484849	1.2952202012909316e-140	0.45956615	0.0
S100A2	5.53030303030303	1.9631201286694676e-14	0.09993277	1.0
LYAR	4.409090909090909	5.914786475214866e-132	0.42777005	1.1562065892462787e-281
GPANK1	5.5	3.7842004657943047e-16	0.39824113	6.234443182992312e-229
NFU1	15.0	1.0	0.13887222	1.0
MRPS6	4.833333333333333	2.107807229110395e-76	0.26298717	8.341507556676934e-32
PIN4	3.9393939393939394	3.3887978519689985e-202	0.26673475	2.809223609768294e-35
CRB3	4.863636363636363	7.461555813357348e-73	0.25433514	1.9566868213874264e-24
ANKRD1	6.2272727272727275	1.0	0.30178255	4.085477510063069e-75
BDKRB2	4.984848484848484	2.5536481937036903e-59	0.38566217	7.855184660749714e-207
ATP5C1	5.333333333333333	2.600528747744788e-27	0.19751748	1.0
NCOA5	5.484848484848484	4.837331664837387e-17	0.3416561	3.6995916869663466e-133
SLC9A5	5.666666666666667	5.7023465843776827e-08	0.50834966	0.0
TTF1	4.303030303030303	3.33264627763135e-147	0.4684391	0.0
GAS6	5.181818181818182	6.9932454275569265e-40	0.48219174	0.0
GNAI1	5.257575757575758	2.532355208930679e-33	-0.01829606	1.0
SMS	5.363636363636363	4.575487144392107e-25	0.25984442	5.051755412495705e-29
EDF1	4.03030303030303	3.9142803071732094e-188	0.26503897	1.0965845442763519e-33
CSTA	8.545454545454545	1.0	0.10091071	1.0
ARMCX3	5.0	1.0403022436148605e-57	0.4111499	7.014507641605554e-252
PPP1R3D	4.787878787878788	7.589866940626278e-82	0.26604643	1.2550703271029678e-34
TUBA1A	4.2727272727272725	1.2235597067539176e-151	0.4034274	3.995778360110045e-238
PALB2	4.712121212121212	3.234126539505369e-91	0.6474801	0.0
IFI27	4.575757575757576	5.853914984634287e-109	0.24808574	1.0758824766362402e-19
ACOX3	4.803030303030303	5.12655010797389e-80	0.53031385	0.0
FANCF	4.484848484848484	2.430993042715581e-121	0.41435143	1.3346253445399711e-257
SYP	5.196969696969697	1.5845634300765288e-38	0.28543755	5.556632903132168e-55
FAM107A	5.0	1.0403022436148605e-57	0.14890537	1.0
HIST2H2BE	4.681818181818182	4.566391540340071e-95	0.16380046	1.0
NRG3	5.287878787878788	7.485477606395389e-31	0.508289	0.0
ZRANB1	5.0	1.0403022436148605e-57	0.5521333	0.0
MRPS12	4.96969696969697	5.9836842956166486e-61	0.29643092	3.0002007518454225e-68
TAL2	5.045454545454546	5.449835677091945e-53	0.19135311	1.0
CRYBB2	15.0	1.0	0.12153699	1.0
POLR2J	4.681818181818182	4.566391540340071e-95	0.2516141	2.6063189668634416e-22
DUT	3.9696969696969697	1.7009092593290584e-197	0.2878253	9.174791565107377e-58
CAV2	4.181818181818182	4.0396039921142017e-165	0.29145414	4.231059472600228e-62
ANTXR1	4.181818181818182	4.0396039921142017e-165	0.41094342	1.6392749680295066e-251
CNTN1	5.333333333333333	2.600528747744788e-27	0.60753924	0.0
RAD54B	5.303030303030303	1.1955487594189794e-29	0.17238252	1.0
NDUFAF1	6.015151515151516	0.9432481883172866	0.2693534	8.399198888450152e-38
RNF7	4.924242424242424	5.985953570968111e-66	0.14209329	1.0
FABP4	4.575757575757576	5.853914984634287e-109	0.24020052	1.9287734102515226e-14
ITGAE	4.409090909090909	5.914786475214866e-132	0.6849766	0.0
RNF115	6.303030303030303	1.0	0.18454339	1.0
UBE2J1	5.424242424242424	7.304939763549693e-21	0.27040085	7.81730163654818e-39
FCN1	7.893939393939394	1.0	0.31998456	3.052015256127104e-100
RLBP1	6.090909090909091	1.0	0.23257622	3.7418056001504125e-10
TANK	4.136363636363637	5.900348408278667e-172	0.48035344	0.0
NHEJ1	6.893939393939394	1.0	0.21128125	0.020209354177501162
IPO7	4.621212121212121	6.241076737412368e-103	0.59414834	0.0
STK11	3.787878787878788	6.691875806829089e-226	0.36709115	6.805988127961042e-175
TCL1A	4.045454545454546	8.293864890908537e-186	0.22144173	2.5092192253175646e-05
CCL16	7.212121212121212	1.0	0.14067979	1.0
CCDC42	6.015151515151516	0.9432481883172866	0.2713448	8.949193181237535e-40
GADD45B	3.742424242424242	4.647503459395832e-233	0.28430736	1.1004560582707632e-53
C1D	4.363636363636363	1.9296931071479538e-138	0.3457315	1.1944085746606772e-139
IL22	15.0	1.0	0.11560877	1.0
TNFRSF1A	3.803030303030303	1.6541955466014821e-223	0.13184944	1.0
RDBP	4.666666666666667	5.190235199322125e-97	0.43301746	4.252183866531158e-291
DNPEP	6.166666666666667	1.0	0.35798442	1.2302495864866473e-159
S100A7	4.954545454545454	1.3430778973097058e-62	0.11400546	1.0
RASD1	5.606060606060606	1.3777219093908933e-10	0.22269167	8.779124573250665e-06
TGFB1I1	4.151515151515151	1.1446109044602285e-169	0.44229364	8.766844075796991e-308
CEP135	4.757575757575758	1.4989734955504187e-85	0.6402504	0.0
AGTR1	4.984848484848484	2.5536481937036903e-59	0.3998741	8.024873210573808e-232
CLGN	7.651515151515151	1.0	0.28324133	1.793433673665774e-52
HADH	6.5	1.0	0.22297806	6.857946540709275e-06
FAM153A	6.318181818181818	1.0	0.20553218	0.21529233941316178
NAT1	15.0	1.0	0.16488346	1.0
QTRT1	4.166666666666667	2.1673241151360944e-167	0.45067555	8.4e-323
UBE2D2	4.621212121212121	6.241076737412368e-103	0.21398596	0.004695085830602133
DLK2	5.46969696969697	5.8303237583507375e-18	0.43600094	1.8310361328835584e-296
CXorf27	4.409090909090909	5.914786475214866e-132	0.25614512	6.704342326308329e-26
CXCL1	8.651515151515152	1.0	0.119639985	1.0
LDOC1	4.590909090909091	6.15075884339598e-107	0.14925317	1.0
SLC6A12	6.045454545454546	1.0	0.38598344	2.160187100990288e-207
NAA10	15.0	1.0	0.112147264	1.0
ERCC1	5.242424242424242	1.363714314520086e-34	0.26872206	3.463429262615888e-37
PAX9	4.757575757575758	1.4989734955504187e-85	0.35482505	2.027699976196554e-154
CCL15	9.151515151515152	1.0	0.16908036	1.0
RAB40C	8.212121212121213	1.0	0.16434851	1.0
CTGF	6.7727272727272725	1.0	0.35597968	2.542257076972478e-156
RPLP0	5.545454545454546	1.2939466289206966e-13	0.21009186	0.035795951309495845
KLHL17	5.454545454545454	6.638801559632507e-19	0.4123752	4.540435697121922e-254
ATF7	4.484848484848484	2.430993042715581e-121	0.20709649	0.12475182686357619
S100A13	5.651515151515151	1.3838745592303982e-08	0.1286141	1.0
AGA	7.575757575757576	1.0	0.2654723	4.3311641638253346e-34
PAFAH1B1	4.075757575757576	3.621754795530252e-181	0.37670344	2.6439175014882128e-191
PCYT1B	4.848484848484849	1.2797706148193189e-74	0.40187746	2.25514363965825e-235
WBP5	5.424242424242424	7.304939763549693e-21	0.19607219	1.0
BHLHE40	4.378787878787879	2.851091925485961e-136	0.45741406	0.0
CXCL2	7.742424242424242	1.0	0.11917561	1.0
CXCL3	7.742424242424242	1.0	0.11917561	1.0
BCAT1	5.015151515151516	4.0682418292930166e-56	0.3135977	3.9206412966229537e-91
GDF9	4.2727272727272725	1.2235597067539176e-151	0.12515569	1.0
KCNK18	4.484848484848484	2.430993042715581e-121	0.42594624	2.1745717824270132e-278
ITLN1	11.045454545454545	1.0	0.1779363	1.0
EIF2B2	4.863636363636363	7.461555813357348e-73	0.37529433	7.015306418206427e-189
PTGES3	3.742424242424242	4.647503459395832e-233	0.24977314	6.321811554284791e-21
FAIM2	4.9393939393939394	2.8876096295366594e-64	0.2790713	7.554071660078978e-48
RHOA	4.0606060606060606	1.739805437553857e-183	-0.115501314	1.0
CCK	6.803030303030303	1.0	0.08055596	1.0
CARD18	6.121212121212121	1.0	0.09291613	1.0
SCN4B	15.0	1.0	0.09391631	1.0
ABRA	4.909090909090909	1.1939958588792523e-67	0.40953663	5.300860233700543e-249
KNG1	6.757575757575758	1.0	0.35624596	9.242251888574928e-157
GNAZ	5.96969696969697	0.5313972993119761	0.27919185	5.587410992562921e-48
TCL1B	4.045454545454546	8.293864890908537e-186	0.21520668	0.0022475678812559495
STX16	8.621212121212121	1.0	0.15139197	1.0
RPLP2	4.818181818181818	3.3485901111930753e-78	0.22562344	6.147519531966789e-07
HOXA1	5.212121212121212	3.4266830986446446e-37	0.24843831	5.995883224325456e-20
FAM208A	6.287878787878788	1.0	0.6851295	0.0
PCIF1	5.015151515151516	4.0682418292930166e-56	0.5247475	0.0
SPN	4.833333333333333	2.107807229110395e-76	0.4755439	0.0
KCNE1	4.4393939393939394	1.1179237737721773e-127	0.24231237	9.104381836646334e-16
GRM1	4.363636363636363	1.9296931071479538e-138	0.70026255	0.0
MED21	4.090909090909091	7.431731658940583e-179	0.25358352	7.725853134088177e-24
TRIM5	4.863636363636363	7.461555813357348e-73	0.24385747	8.928878050374639e-17
TAF11	4.53030303030303	4.226910827537424e-115	0.15402582	1.0
HIST2H2AC	4.378787878787879	2.851091925485961e-136	0.2528385	2.9610526234538875e-23
DYNLL2	5.757575757575758	8.110867378945913e-05	0.076983884	1.0
H2AFX	4.136363636363637	5.900348408278667e-172	0.30299193	1.0577671890410714e-76
PAIP2B	5.9393939393939394	0.29042308693009067	0.035476185	1.0
GYPB	7.136363636363637	1.0	0.09957375	1.0
ATF7IP	4.075757575757576	3.621754795530252e-181	0.34929374	2.1700891926770097e-145
AJUBA	4.651515151515151	5.700658646082387e-99	0.16566223	1.0
POLR2F	5.090909090909091	1.923470993656941e-48	0.22132896	2.751344542431391e-05
SOX8	4.333333333333333	8.36973431338001e-143	0.381238	3.877887314830267e-199
PSMD7	6.257575757575758	1.0	0.19824983	1.0
ASB8	6.696969696969697	1.0	0.16320403	1.0
PIN1	3.409090909090909	4.198102680920517e-286	-0.04785038	1.0
COX5B	4.0606060606060606	1.739805437553857e-183	0.2600011	3.6957690954631626e-29
CDH1	3.742424242424242	4.647503459395832e-233	0.22151393	2.3661028147355055e-05
TUSC3	4.515151515151516	3.593818462139579e-117	0.36320975	2.3651058817115987e-168
SPOCK3	8.590909090909092	1.0	0.3164051	4.223927233577427e-95
EIF4EBP3	5.393939393939394	6.482752192123682e-23	0.11049492	1.0
CTSK	7.742424242424242	1.0	0.2600623	3.270137214223022e-29
CBY1	4.196969696969697	7.408854155105656e-163	0.23403053	6.537115249276746e-11
CENPE	5.666666666666667	5.7023465843776827e-08	0.69241625	0.0
DMRTB1	4.651515151515151	5.700658646082387e-99	0.35272226	5.697571276061411e-151
IWS1	6.090909090909091	1.0	0.3124136	1.7720095099863468e-89
RPL38	15.0	1.0	0.07920706	1.0
ANAPC16	6.015151515151516	0.9432481883172866	0.10455459	1.0
ZCCHC8	5.424242424242424	7.304939763549693e-21	0.5406219	0.0
TKTL2	8.742424242424242	1.0	0.31153107	2.9899586191036397e-88
RPS25	5.090909090909091	1.923470993656941e-48	0.24056818	1.145081771774989e-14
NDUFS6	6.257575757575758	1.0	0.18074033	1.0
RABGGTB	6.212121212121212	1.0	0.17738286	1.0
ID1	4.212121212121212	1.3452563711804457e-160	0.15755324	1.0
ARHGEF7	4.151515151515151	1.1446109044602285e-169	0.521916	0.0
GLRX	4.712121212121212	3.234126539505369e-91	0.17773072	1.0
HLA-F	7.606060606060606	1.0	0.29196826	1.0050327101443062e-62
F13B	8.318181818181818	1.0	0.4626955	0.0
ADH5	4.545454545454546	4.834723743239444e-113	0.39257386	6.131705151725096e-219
DLX1	4.166666666666667	2.1673241151360944e-167	0.255936	9.949206155267512e-26
VAV1	3.5606060606060606	6.279138206492591e-262	0.047686882	1.0
LDHB	5.090909090909091	1.923470993656941e-48	0.2878642	8.25803216902074e-58
HSPA5	5.0	1.0403022436148605e-57	0.43117398	8.784142903533055e-288
BEX2	5.424242424242424	7.304939763549693e-21	0.2044153	0.3050919279638208
NDUFB1	5.212121212121212	3.4266830986446446e-37	0.17212336	1.0
CREBZF	5.212121212121212	3.4266830986446446e-37	0.3311382	7.994008330996786e-117
BMPER	7.045454545454546	1.0	0.4211373	9.328865973412698e-270
TAC3	5.909090909090909	0.1300519624973496	0.10889195	1.0
LOX	15.0	1.0	0.112918966	1.0
CEP57	6.136363636363637	1.0	0.17976904	1.0
CAMK2A	4.0	8.378388133182956e-193	0.124339856	1.0
HOXD11	6.045454545454546	1.0	0.25466102	1.0734405800100422e-24
CCL28	9.151515151515152	1.0	0.15730882	1.0
EXOSC9	6.954545454545454	1.0	0.415734	4.498411994586232e-260
SLC3A2	15.0	1.0	0.2068913	0.13446432853237142
VAMP1	6.166666666666667	1.0	0.11641788	1.0
CD247	4.409090909090909	5.914786475214866e-132	-0.041864425	1.0
STYX	7.666666666666667	1.0	0.12681092	1.0
NXT1	4.7272727272727275	2.5869665633246372e-89	0.2269824	1.6310122299391932e-07
RBAK	3.9545454545454546	7.665781365813323e-200	0.5884513	0.0
ZNF764	5.0606060606060606	1.868647141764226e-51	0.43664652	1.2619326234887328e-297
GCKR	5.803030303030303	0.0013690958295525335	0.31535065	1.3249440291641154e-93
GATA5	4.106060606060606	1.5042150568912314e-176	0.45098817	0.0
COPS4	4.590909090909091	6.15075884339598e-107	0.44038436	2.3843056899920493e-304
CLDN7	15.0	1.0	0.124462634	1.0
HIST2H3C	4.606060606060606	6.280766027761081e-105	0.24056745	1.145950455341386e-14
LIMS2	4.651515151515151	5.700658646082387e-99	0.3683305	5.410371477558453e-177
KCNJ2	5.651515151515151	1.3838745592303982e-08	0.484087	0.0
AUP1	5.954545454545454	0.4021808346106391	0.47724804	0.0
PDGFD	4.878787878787879	4.201267031456755e-71	0.39689496	1.4877698780121146e-226
UBE2K	3.757575757575758	1.1434317634623256e-230	0.2634911	2.9098371595105847e-32
BPY2B	6.0606060606060606	1.0	0.114047304	1.0
GUCA2B	15.0	1.0	0.16440928	1.0
MYC	3.3333333333333335	3.5939709682917378e-298	-0.05776183	1.0
P2RY12	6.090909090909091	1.0	0.31124067	7.546385232878744e-88
TADA3	3.8333333333333335	9.335542196331431e-219	0.37472105	6.769311659358412e-188
VEGFA	5.287878787878788	7.485477606395389e-31	0.28130436	2.6582522282014444e-50
PCGF6	5.242424242424242	1.363714314520086e-34	0.3532398	8.094847650882629e-152
BAX	4.454545454545454	1.4842317088682658e-125	0.14857277	1.0
BSDC1	6.863636363636363	1.0	0.19354641	1.0
ACOT7	5.151515151515151	1.1784022048920932e-42	0.39218998	2.8992743036183763e-218
MTERFD2	5.151515151515151	1.1784022048920932e-42	0.39218998	2.8992743036183763e-218
NDUFA5	5.303030303030303	1.1955487594189794e-29	0.20424919	0.32025824431487276
ARFIP1	5.742424242424242	2.8116884309810437e-05	0.22760323	8.723426597559244e-08
HYPK	4.409090909090909	5.914786475214866e-132	0.2558575	1.152672213178206e-25
RUNX3	3.9696969696969697	1.7009092593290584e-197	0.5138459	0.0
RABGAP1	5.484848484848484	4.837331664837387e-17	0.53268987	0.0
LIMS1	4.7272727272727275	2.5869665633246372e-89	0.26670545	2.9923644737984423e-35
TIMM23	15.0	1.0	0.114090316	1.0
MTG1	6.7727272727272725	1.0	0.25181055	1.844925901774329e-22
NKX2-3	4.696969696969697	3.895072545540908e-93	0.37778452	3.6292063843786766e-193
WDR83	5.621212121212121	6.787535082773471e-10	0.18550147	1.0
CCNG2	4.46969696969697	1.931907190857211e-123	0.34337157	7.032645967120508e-136
PRTFDC1	6.712121212121212	1.0	0.113416776	1.0
PIP4K2A	4.666666666666667	5.190235199322125e-97	0.45111373	0.0
GRHPR	7.0606060606060606	1.0	0.2069695	0.13065284076976905
GLRA2	6.212121212121212	1.0	0.26664472	3.415210702592732e-35
MKRN1	7.2272727272727275	1.0	0.25783044	2.6586776933770278e-27
APBA2	5.515151515151516	2.804737320536277e-15	0.50009584	0.0
AKAP7	5.606060606060606	1.3777219093908933e-10	0.31657273	2.4382762496947822e-95
YIPF5	7.363636363636363	1.0	0.13929264	1.0
CDC25A	3.4393939393939394	2.874829087237775e-281	0.29795355	3.5452860310909037e-70
TBC1D25	5.4393939393939394	7.15071135886857e-20	0.44977635	3.07e-321
NRG4	5.287878787878788	7.485477606395389e-31	0.16402484	1.0
CXCL5	8.651515151515152	1.0	0.11753445	1.0
PEBP1	3.742424242424242	4.647503459395832e-233	0.2927704	1.0557320706864674e-63
SH3BP5L	4.333333333333333	8.36973431338001e-143	0.44447026	1.0653582324615e-311
CXCL9	8.833333333333334	1.0	0.14190269	1.0
HIGD1B	6.090909090909091	1.0	0.10032724	1.0
BATF3	4.575757575757576	5.853914984634287e-109	0.22749525	9.735139340228114e-08
VAMP2	6.0606060606060606	1.0	0.05964453	1.0
PBXIP1	5.424242424242424	7.304939763549693e-21	0.5625139	0.0
POLE4	5.2727272727272725	4.464690473874677e-32	0.14692228	1.0
KIAA0020	5.424242424242424	7.304939763549693e-21	0.32862133	5.178049213262335e-113
BET1L	6.363636363636363	1.0	0.1161849	1.0
CFLAR	4.2727272727272725	1.2235597067539176e-151	0.26955014	5.38885714532754e-38
AXIN1	3.5606060606060606	6.279138206492591e-262	0.28032556	3.209533765282623e-49
F2RL1	6.757575757575758	1.0	0.3278672	7.059482093811113e-112
CXCL6	7.742424242424242	1.0	0.117088445	1.0
CEBPG	4.242424242424242	4.2660456775394e-156	0.23784131	4.959158917447678e-13
TUBG1	4.287878787878788	2.0335762994395374e-149	0.3823013	5.5529706878189814e-201
CLCN5	4.9393939393939394	2.8876096295366594e-64	0.61315274	0.0
MED11	6.454545454545454	1.0	0.1799664	1.0
IL4R	4.196969696969697	7.408854155105656e-163	0.46720788	0.0
PSMD9	5.045454545454546	5.449835677091945e-53	0.15372245	1.0
SDCCAG3	4.333333333333333	8.36973431338001e-143	0.4067416	5.089246036947102e-244
STATH	15.0	1.0	0.064048566	1.0
TRIM59	3.984848484848485	3.796242806180348e-195	0.45719546	0.0
PRMT8	4.5	2.987526822932176e-119	0.42219117	1.199622738389065e-271
MGP	7.045454545454546	1.0	0.101051375	1.0
PIGY	15.0	1.0	0.07326479	1.0
PTGDR	6.4393939393939394	1.0	0.22975674	9.076868104964326e-09
PLEKHA5	4.363636363636363	1.9296931071479538e-138	0.6492407	0.0
XAGE2	6.333333333333333	1.0	0.106948696	1.0
HIST1H2AL	4.863636363636363	7.461555813357348e-73	0.22031553	6.193635866545145e-05
TMPO	4.818181818181818	3.3485901111930753e-78	0.25691536	1.5490410031611526e-26
ALOX5	4.96969696969697	5.9836842956166486e-61	0.3380048	2.040079495388129e-127
TAF12	4.878787878787879	4.201267031456755e-71	0.13830237	1.0
MED9	5.454545454545454	6.638801559632507e-19	-0.027645363	1.0
GET4	4.484848484848484	2.430993042715581e-121	0.18751755	1.0
STRADB	4.46969696969697	1.931907190857211e-123	0.45548424	0.0
HN1	5.590909090909091	2.632737875380154e-11	0.114591815	1.0
PRPS1	6.878787878787879	1.0	0.15462925	1.0
IL8	8.712121212121213	1.0	0.096069835	1.0
SERP1	9.106060606060606	1.0	0.06925976	1.0
WTAP	4.757575757575758	1.4989734955504187e-85	0.37235528	7.597405953031562e-184
H2AFZ	15.0	1.0	0.10433924	1.0
BEND7	5.5	3.7842004657943047e-16	0.32451904	6.93903028677881e-107
EHHADH	8.5	1.0	0.243307	2.0585079402270992e-16
RPL3	5.712121212121212	2.8086318893086953e-06	0.2616814	1.235429602386503e-30
PLOD3	5.318181818181818	1.8111998406309878e-28	0.52526295	0.0
NDUFB3	6.333333333333333	1.0	0.094679475	1.0
FERMT2	6.015151515151516	0.9432481883172866	0.32324702	5.229506867642945e-105
LECT1	15.0	1.0	0.24628015	2.025566702602438e-18
COPS8	3.9242424242424243	1.4883845906973111e-204	0.211836	0.015266389658735858
IRF8	4.4393939393939394	1.1179237737721773e-127	0.46572384	0.0
PLAC8	5.757575757575758	8.110867378945913e-05	0.12539932	1.0
CALM3	4.348484848484849	1.2952202012909316e-140	0.08284131	1.0
SMAD4	3.1666666666666665	0.0	-0.15629311	1.0
LHB	6.075757575757576	1.0	0.16560315	1.0
KCNE2	6.424242424242424	1.0	0.15982817	1.0
BET1	5.5606060606060606	8.070067712540837e-13	0.18117738	1.0
C17orf61	5.46969696969697	5.8303237583507375e-18	0.11677443	1.0
COX7A2L	6.015151515151516	0.9432481883172866	0.13417022	1.0
VDR	3.772727272727273	2.8003122703195513e-228	0.17619537	1.0
DAZAP2	4.651515151515151	5.700658646082387e-99	0.04386235	1.0
LGALS13	4.924242424242424	5.985953570968111e-66	0.21791326	0.0003714759937631225
ATP6V1G2	6.53030303030303	1.0	0.07897234	1.0
OLFML3	4.893939393939394	2.282999105755518e-69	0.40831208	8.106241581204152e-247
TST	15.0	1.0	0.14808704	1.0
GJC1	6.015151515151516	0.9432481883172866	0.4173121	6.720894942292577e-263
PSMC2	4.545454545454546	4.834723743239444e-113	0.19360733	1.0
FYB	4.212121212121212	1.3452563711804457e-160	0.57417095	0.0
DPY30	6.2727272727272725	1.0	0.085930616	1.0
SGTA	5.833333333333333	0.0067181671876451274	0.19886994	1.0
CDH23	8.121212121212121	1.0	0.6975077	0.0
MRPL42	4.984848484848484	2.5536481937036903e-59	0.23482074	2.4659055371412137e-11
RPL35A	4.924242424242424	5.985953570968111e-66	0.14704095	1.0
PSMD6	5.0	1.0403022436148605e-57	0.4009772	8.912004376297657e-234
MCM6	5.303030303030303	1.1955487594189794e-29	0.60262644	0.0
NLRP2	6.121212121212121	1.0	0.38203186	1.6298432928372598e-200
HSF2BP	5.151515151515151	1.1784022048920932e-42	0.25252354	5.203781484774586e-23
STMN1	3.6666666666666665	4.818447051986087e-245	0.32420433	2.025890285344563e-106
SLC6A8	7.393939393939394	1.0	0.25102806	7.2729809000344825e-22
TWF2	5.757575757575758	8.110867378945913e-05	0.2127564	0.009385622112378353
GPR26	8.227272727272727	1.0	0.1777897	1.0
BDKRB1	6.818181818181818	1.0	0.277835	1.6356838755089008e-46
C18orf56	5.4393939393939394	7.15071135886857e-20	0.20721948	0.11915054611072319
SCT	7.9393939393939394	1.0	0.12922001	1.0
PLGRKT	4.378787878787879	2.851091925485961e-136	0.25879484	4.039954730931672e-28
HLA-DPA1	15.0	1.0	0.1340964	1.0
CDYL	4.409090909090909	5.914786475214866e-132	0.4520251	0.0
PPP1R3A	4.4393939393939394	1.1179237737721773e-127	0.5921939	0.0
DNAL4	5.0606060606060606	1.868647141764226e-51	0.08802069	1.0
RNF40	5.015151515151516	4.0682418292930166e-56	0.5298254	0.0
SNAPC3	4.393939393939394	4.1588243918237506e-134	0.4327201	1.456752359551875e-290
COMMD6	7.924242424242424	1.0	0.08503423	1.0
APOM	4.954545454545454	1.3430778973097058e-62	0.12279063	1.0
KIF2B	5.666666666666667	5.7023465843776827e-08	0.39368516	6.78758479315603e-221
FHIT	4.2272727272727275	2.4241998747786866e-158	0.25408876	3.0753328758949128e-24
MTCH1	4.757575757575758	1.4989734955504187e-85	0.362822	1.0574345104591768e-167
RPS20	5.954545454545454	0.4021808346106391	0.1835121	1.0
FAM127A	5.878787878787879	0.04703166165001248	0.13612247	1.0
ZNHIT3	4.484848484848484	2.430993042715581e-121	0.2928433	8.595391115335817e-64
MAS1	9.378787878787879	1.0	0.17072837	1.0
OPCML	5.666666666666667	5.7023465843776827e-08	0.20357469	0.3872533697282832
PRLH	6.212121212121212	1.0	0.07530342	1.0
ABLIM3	5.454545454545454	6.638801559632507e-19	0.41816643	1.9808813871036804e-264
RAD51AP1	4.803030303030303	5.12655010797389e-80	0.27678895	2.1431942979647724e-45
WNT3A	9.712121212121213	1.0	0.23320886	1.7655281035825206e-10
ATP6V1G1	6.0	0.8130487145366784	0.109805934	1.0
SIVA1	6.045454545454546	1.0	0.11926451	1.0
RPS14	4.015151515151516	1.8150337481646768e-190	0.23340702	1.3918062633806827e-10
TGFB3	5.893939393939394	0.08040728585071569	0.3801271	3.2602737711816195e-197
MRPS22	5.090909090909091	1.923470993656941e-48	0.28963307	6.578703363469896e-60
CARD17	5.121212121212121	1.65394062595959e-45	0.08950483	1.0
IER3	4.0	8.378388133182956e-193	0.2714345	7.278600838768411e-40
ISL2	7.515151515151516	1.0	0.23721866	1.1349535883261939e-12
EGR2	5.121212121212121	1.65394062595959e-45	0.4335889	3.9924110881151134e-292
SMARCD3	3.9242424242424243	1.4883845906973111e-204	0.4410598	1.4568676898002278e-305
RASGRF1	4.045454545454546	8.293864890908537e-186	0.6767432	0.0
POLR1D	5.0606060606060606	1.868647141764226e-51	0.13726562	1.0
AP3B1	5.863636363636363	0.026010289548509757	0.5378318	0.0
INTS9	6.136363636363637	1.0	0.33616814	1.4789493083200323e-124
BAG4	4.287878787878788	2.0335762994395374e-149	0.46047044	0.0
MDH1	6.106060606060606	1.0	0.20627135	0.16786747476475777
RRAS2	4.212121212121212	1.3452563711804457e-160	0.10815345	1.0
SIT1	4.515151515151516	3.593818462139579e-117	0.37926596	1.0056426294180072e-195
SCMH1	5.9393939393939394	0.29042308693009067	0.41036254	1.779959529056172e-250
GCHFR	6.121212121212121	1.0	0.07816389	1.0
UBE2B	5.0606060606060606	1.868647141764226e-51	0.19366434	1.0
DEFB4A	15.0	1.0	0.06919001	1.0
DEFB103A	15.0	1.0	0.06919001	1.0
SDC3	4.666666666666667	5.190235199322125e-97	0.46809998	0.0
ARL5A	4.681818181818182	4.566391540340071e-95	0.23867087	1.614503721867771e-13
DSTN	4.803030303030303	5.12655010797389e-80	0.24311048	2.7686473337811856e-16
CLEC4M	6.015151515151516	0.9432481883172866	0.3266495	4.703144191461654e-110
ACTR2	5.151515151515151	1.1784022048920932e-42	0.32945135	2.8956673602731687e-114
MKI67	5.106060606060606	5.774871996982557e-47	0.6832925	0.0
SPRED2	4.878787878787879	4.201267031456755e-71	0.44069406	6.621881652530336e-305
ADRB2	5.303030303030303	1.1955487594189794e-29	0.32058346	4.12755580546636e-101
MFAP4	11.651515151515152	1.0	0.14177147	1.0
H3F3B	4.9393939393939394	2.8876096295366594e-64	0.2290056	2.0352364332584667e-08
HPS5	5.2727272727272725	4.464690473874677e-32	0.5913501	0.0
HIST3H2BB	4.606060606060606	6.280766027761081e-105	0.19197947	1.0
PHAX	4.893939393939394	2.282999105755518e-69	0.36098883	1.2341287456014446e-164
RORB	4.333333333333333	8.36973431338001e-143	0.44679764	6.9374421e-316
ATP6V0E1	6.53030303030303	1.0	0.078128874	1.0
AURKB	4.984848484848484	2.5536481937036903e-59	0.16674422	1.0
RPS15A	5.181818181818182	6.9932454275569265e-40	0.17496218	1.0
MCM2	4.5	2.987526822932176e-119	0.27310288	1.488798438272921e-41
DHX34	5.757575757575758	8.110867378945913e-05	0.61460316	0.0
TAX1BP3	5.787878787878788	0.0005657379213339365	0.10621072	1.0
POLR2D	5.090909090909091	1.923470993656941e-48	0.149003	1.0
STOM	6.136363636363637	1.0	0.09986107	1.0
CXCL12	7.2272727272727275	1.0	0.21054713	0.028932612540411004
BCL2L1	4.212121212121212	1.3452563711804457e-160	-0.11941365	1.0
MIA	7.075757575757576	1.0	0.20715615	0.1220102182881554
POLR1E	4.954545454545454	1.3430778973097058e-62	0.37784123	2.899244699972964e-193
CHTF8	4.863636363636363	7.461555813357348e-73	0.17871727	1.0
TAC4	6.909090909090909	1.0	0.08599701	1.0
RPS21	9.787878787878787	1.0	0.072361626	1.0
SCN3A	6.409090909090909	1.0	0.6909266	0.0
PTPN7	3.9242424242424243	1.4883845906973111e-204	0.49527532	0.0
MIF	5.151515151515151	1.1784022048920932e-42	0.10383983	1.0
TRPM7	4.287878787878788	2.0335762994395374e-149	0.71129715	0.0
GIPC3	6.863636363636363	1.0	0.15703368	1.0
PIGC	15.0	1.0	0.13869093	1.0
CCL24	9.151515151515152	1.0	0.11971862	1.0
PYGO1	4.196969696969697	7.408854155105656e-163	0.4214195	2.9100273428320087e-270
FAM101B	4.318181818181818	5.3259981484645446e-145	0.23401393	6.669470155246523e-11
GRIA3	5.106060606060606	5.774871996982557e-47	0.24357587	1.370303481008092e-16
BSPRY	4.363636363636363	1.9296931071479538e-138	0.377955	1.8453438477274454e-193
NDUFV3	6.181818181818182	1.0	0.09743359	1.0
DAD1	5.5	3.7842004657943047e-16	0.121297054	1.0
GPSM3	5.212121212121212	3.4266830986446446e-37	0.20723227	0.11860382578544985
CITED1	3.712121212121212	7.49123416449061e-238	0.34915796	3.598175344733051e-145
PTPLB	15.0	1.0	0.12871751	1.0
PI3	9.030303030303031	1.0	0.10330439	1.0
KLF5	4.03030303030303	3.9142803071732094e-188	0.507802	0.0
INSR	3.6666666666666665	4.818447051986087e-245	0.045647852	1.0
DBNL	4.7727272727272725	1.0830356453634325e-83	0.47416574	0.0
CNP	4.363636363636363	1.9296931071479538e-138	0.418756	1.7421922321160365e-265
DYNLT3	5.984848484848484	0.6713958573583418	0.11217624	1.0
WISP1	7.545454545454546	1.0	0.17885311	1.0
TRPC4AP	4.212121212121212	1.3452563711804457e-160	0.63575083	0.0
CNR2	6.742424242424242	1.0	0.2277065	7.851591011822914e-08
GNA15	5.742424242424242	2.8116884309810437e-05	0.16309209	1.0
SNRNP40	5.575757575757576	4.742374516777844e-12	0.1836118	1.0
ATXN1	4.151515151515151	1.1446109044602285e-169	-0.15426004	1.0
CAND1	4.681818181818182	4.566391540340071e-95	0.70105743	0.0
LMX1A	6.863636363636363	1.0	0.25808224	1.6300894763071996e-27
PRKAG1	15.0	1.0	0.13954264	1.0
KAT6B	4.4393939393939394	1.1179237737721773e-127	0.708154	0.0
RETN	5.9393939393939394	0.29042308693009067	0.090305865	1.0
HHLA3	5.181818181818182	6.9932454275569265e-40	0.108312406	1.0
EIF1AY	5.015151515151516	4.0682418292930166e-56	0.22397734	2.831199902772363e-06
RGCC	4.318181818181818	5.3259981484645446e-145	0.24021326	1.8953341026867055e-14
STAP2	3.9242424242424243	1.4883845906973111e-204	0.512988	0.0
GPR17	6.318181818181818	1.0	0.26161787	1.4067786738428074e-30
CDK14	3.984848484848485	3.796242806180348e-195	0.4797086	0.0
SRSF3	4.848484848484849	1.2797706148193189e-74	0.18729469	1.0
HAMP	7.363636363636363	1.0	0.07188014	1.0
IAPP	15.0	1.0	0.0758374	1.0
REXO4	3.984848484848485	3.796242806180348e-195	0.4590584	0.0
CCL23	9.151515151515152	1.0	0.11290143	1.0
NUP50	4.181818181818182	4.0396039921142017e-165	0.46395743	0.0
RPP14	15.0	1.0	0.10740665	1.0
CFL1	4.7272727272727275	2.5869665633246372e-89	0.121552914	1.0
IFITM1	6.863636363636363	1.0	0.114892624	1.0
FAM176A	4.954545454545454	1.3430778973097058e-62	0.24687739	7.766626175351296e-19
ORC1	4.606060606060606	6.280766027761081e-105	0.6035894	0.0
KLF12	4.787878787878788	7.589866940626278e-82	0.36732236	2.763744416380124e-175
NKX2-5	4.409090909090909	5.914786475214866e-132	0.2297538	9.103432907579553e-09
ATCAY	4.53030303030303	4.226910827537424e-115	0.3254773	2.6268933207907696e-108
TRIM63	7.106060606060606	1.0	0.1913258	1.0
KCNJ4	5.590909090909091	2.632737875380154e-11	0.46033698	0.0
HIST1H3E	6.121212121212121	1.0	0.14346914	1.0
TMEM66	5.2727272727272725	4.464690473874677e-32	0.15601934	1.0
WFDC2	5.121212121212121	1.65394062595959e-45	0.18514259	1.0
PREB	4.348484848484849	1.2952202012909316e-140	0.44714034	1.68062497e-316
NME2	4.212121212121212	1.3452563711804457e-160	0.22435413	2.0105428375340936e-06
DNAI1	5.075757575757576	6.148878058809979e-50	0.4183635	8.784960481151829e-265
ST8SIA4	6.924242424242424	1.0	0.20200811	0.5740752992824215
SAMD8	4.5	2.987526822932176e-119	0.41456613	5.517531177664793e-258
PDHB	7.666666666666667	1.0	0.17706573	1.0
LMO3	4.9393939393939394	2.8876096295366594e-64	0.16860954	1.0
DDB1	4.7727272727272725	1.0830356453634325e-83	0.5868741	0.0
ELOF1	6.075757575757576	1.0	0.068859994	1.0
INPP5A	4.378787878787879	2.851091925485961e-136	0.4254215	1.9071026079112996e-277
CR1	9.181818181818182	1.0	0.69335467	0.0
IL13	4.848484848484849	1.2797706148193189e-74	0.23393363	7.35550609940645e-11
BEST1	5.015151515151516	4.0682418292930166e-56	0.42903417	6.170339465818746e-284
S100Z	7.212121212121212	1.0	0.07912784	1.0
ID4	4.53030303030303	4.226910827537424e-115	0.2561851	6.217105513119358e-26
HOXA2	6.045454545454546	1.0	0.25569156	1.5744651518640355e-25
GABARAPL1	4.590909090909091	6.15075884339598e-107	0.1508519	1.0
MAP7	5.2727272727272725	4.464690473874677e-32	0.45424318	0.0
TSLP	4.303030303030303	3.33264627763135e-147	0.26589763	1.7316857007015868e-34
CXXC4	5.106060606060606	5.774871996982557e-47	0.2790894	7.221630657970117e-48
B3GNTL1	7.303030303030303	1.0	0.19940495	0.9595412409013443
LDB3	5.484848484848484	4.837331664837387e-17	0.53492373	0.0
KIAA1598	6.2272727272727275	1.0	0.44415933	3.8588549786787e-311
NDRG2	5.0606060606060606	1.868647141764226e-51	0.2218428	1.8012848927022286e-05
CRLF2	4.818181818181818	3.3485901111930753e-78	0.24489096	1.814089129443552e-17
SLC4A4	5.257575757575758	2.532355208930679e-33	0.54112047	0.0
RAB11A	6.015151515151516	0.9432481883172866	0.14496142	1.0
UBE2V2	4.954545454545454	1.3430778973097058e-62	0.18296447	1.0
FBXO7	5.090909090909091	1.923470993656941e-48	0.383062	2.651259451634487e-202
AHR	3.606060606060606	1.151654573846843e-254	0.42762464	2.1083765147688707e-281
ZCCHC10	3.8636363636363638	5.309754525883307e-214	0.21023154	0.0335747929728841
PARP11	15.0	1.0	0.18011868	1.0
ZBTB6	4.636363636363637	6.063285131315225e-101	0.42165467	1.1013737895425855e-270
MAFG	4.257575757575758	7.351715149052645e-154	0.21291085	0.008623034563861137
DNAJC14	5.96969696969697	0.5313972993119761	0.40264687	9.722864829532801e-237
MPHOSPH6	4.96969696969697	5.9836842956166486e-61	0.17361142	1.0
ZNF821	5.46969696969697	5.8303237583507375e-18	0.38998786	2.129359225365732e-214
MTNR1B	6.045454545454546	1.0	0.21959534	0.00010809508148311048
EID2B	4.318181818181818	5.3259981484645446e-145	0.26874372	3.301318968495479e-37
SKA2	8.5	1.0	0.06565593	1.0
EIF4EBP2	5.393939393939394	6.482752192123682e-23	0.1107702	1.0
GJA3	4.409090909090909	5.914786475214866e-132	0.4319213	3.977233737285212e-289
MKNK1	3.9242424242424243	1.4883845906973111e-204	0.4583324	0.0
SEPT2	6.5	1.0	0.2398352	3.22283393503116e-14
EIF3M	6.196969696969697	1.0	0.30469036	5.956617147422678e-79
PRRC2A	6.181818181818182	1.0	0.6391771	0.0
CSF2	4.984848484848484	2.5536481937036903e-59	0.20196663	0.5793712411532691
HES5	4.2727272727272725	1.2235597067539176e-151	0.26996955	2.0843759809730657e-38
RAD51AP2	4.803030303030303	5.12655010797389e-80	0.6145995	0.0
WNT2	10.712121212121213	1.0	0.22869334	2.8285884654943496e-08
SLPI	7.863636363636363	1.0	0.102689266	1.0
NXF5	6.151515151515151	1.0	0.24667032	1.0834966401393354e-18
EEF1G	4.090909090909091	7.431731658940583e-179	-0.08613451	1.0
INTS1	6.545454545454546	1.0	0.65492517	0.0
EEF1E1	4.7727272727272725	1.0830356453634325e-83	0.18657415	1.0
DUSP19	4.318181818181818	5.3259981484645446e-145	0.24415074	5.700774220603466e-17
HIST1H3C	5.409090909090909	7.050991745134946e-22	0.14065276	1.0
ZNF679	5.4393939393939394	7.15071135886857e-20	0.3769263	1.0922975557450828e-191
WDR89	5.166666666666667	2.93824026063579e-41	0.29818124	1.818320546583802e-70
GOLGA7	5.318181818181818	1.8111998406309878e-28	0.11764386	1.0
SPAG5	5.287878787878788	7.485477606395389e-31	0.65541995	0.0
PDZD11	6.666666666666667	1.0	0.24855949	4.900612975686072e-20
EIF1AX	5.090909090909091	1.923470993656941e-48	0.2702309	1.1505347303328549e-38
TRPC4	5.333333333333333	2.600528747744788e-27	0.64614934	0.0
SYT5	6.636363636363637	1.0	0.2804215	2.517739749740459e-49
HIST1H3A	5.575757575757576	4.742374516777844e-12	0.11425418	1.0
PPP1R11	4.515151515151516	3.593818462139579e-117	0.1887176	1.0
BMF	4.212121212121212	1.3452563711804457e-160	0.2610461	4.504259755789053e-30
SLC27A5	4.984848484848484	2.5536481937036903e-59	0.37204435	2.580801821436136e-183
NHLH1	5.5	3.7842004657943047e-16	0.102058105	1.0
HIST1H2BG	4.863636363636363	7.461555813357348e-73	0.1497751	1.0
METTL9	15.0	1.0	0.15461871	1.0
LGALS2	4.787878787878788	7.589866940626278e-82	0.1768015	1.0
AIF1	4.757575757575758	1.4989734955504187e-85	0.22629659	3.2128293146529936e-07
CATSPER1	5.242424242424242	1.363714314520086e-34	0.61916745	0.0
SGCD	15.0	1.0	0.13641395	1.0
EREG	4.424242424242424	8.234322370316294e-130	0.1633215	1.0
CHRAC1	5.318181818181818	1.8111998406309878e-28	0.12541322	1.0
THY1	4.651515151515151	5.700658646082387e-99	0.29365683	8.59754861605906e-65
RPS10	4.212121212121212	1.3452563711804457e-160	0.22793871	6.193413558353e-08
SRI	4.984848484848484	2.5536481937036903e-59	0.16959885	1.0
SSBP2	6.863636363636363	1.0	0.16962971	1.0
ARFIP2	5.53030303030303	1.9631201286694676e-14	0.26114297	3.7001222799697826e-30
HIST1H2BD	6.893939393939394	1.0	0.15592925	1.0
KCNAB2	6.0	0.8130487145366784	0.2227043	8.686171501394239e-06
RPS6KB2	4.303030303030303	3.33264627763135e-147	0.452752	0.0
EZH2	4.363636363636363	1.9296931071479538e-138	0.44943586	1.2594e-320
PGF	5.287878787878788	7.485477606395389e-31	0.21821037	0.0003004996281763654
RBM17	5.121212121212121	1.65394062595959e-45	0.3697149	2.4079929594046033e-179
CTR9	5.606060606060606	1.3777219093908933e-10	0.6195857	0.0
HERPUD1	5.984848484848484	0.6713958573583418	0.19426367	1.0
KIRREL	5.287878787878788	7.485477606395389e-31	0.57904536	0.0
ACE	5.984848484848484	0.6713958573583418	0.39895168	3.447710458296118e-230
BIK	4.681818181818182	4.566391540340071e-95	0.229407	1.3244811409806885e-08
FZD1	8.712121212121213	1.0	0.2575806	4.312059221984931e-27
LUC7L3	4.303030303030303	3.33264627763135e-147	0.44024986	4.16047547174036e-304
CALML3	6.151515151515151	1.0	0.13298203	1.0
SAA4	8.06060606060606	1.0	0.18484314	1.0
UCP1	5.484848484848484	4.837331664837387e-17	0.14599684	1.0
UBR7	5.409090909090909	7.050991745134946e-22	0.37747276	1.2499494838706063e-192
HSPB6	4.287878787878788	2.0335762994395374e-149	0.2619663	6.89043760866554e-31
HINT1	5.848484848484849	0.01364731693088985	0.1275376	1.0
HDAC8	4.924242424242424	5.985953570968111e-66	0.220861	4.018367390985963e-05
CMKLR1	10.151515151515152	1.0	0.22891541	2.2383521833730765e-08
PCED1A	5.46969696969697	5.8303237583507375e-18	0.35998964	5.715384242848613e-163
POU3F4	5.2272727272727275	7.038927224180759e-36	0.31565672	4.880697015839274e-94
TSC22D4	5.015151515151516	4.0682418292930166e-56	0.093562745	1.0
BRIP1	4.181818181818182	4.0396039921142017e-165	0.66314334	0.0
HSPA4	3.772727272727273	2.8003122703195513e-228	0.5315293	0.0
FABP3	5.2272727272727275	7.038927224180759e-36	0.10761404	1.0
RAP1A	4.151515151515151	1.1446109044602285e-169	-0.006525088	1.0
APOC1	8.984848484848484	1.0	0.06904046	1.0
RCOR3	5.257575757575758	2.532355208930679e-33	0.4872244	0.0
CFL2	4.863636363636363	7.461555813357348e-73	0.2383336	2.552988474373018e-13
ARHGAP8	4.803030303030303	5.12655010797389e-80	0.44840902	8.8067e-319
FMN1	5.424242424242424	7.304939763549693e-21	0.64961874	0.0
HRH2	7.621212121212121	1.0	0.26128057	2.7966251712108268e-30
COPB1	6.742424242424242	1.0	0.34082383	7.639780705913417e-132
MRFAP1	5.196969696969697	1.5845634300765288e-38	0.10182735	1.0
DUSP11	5.4393939393939394	7.15071135886857e-20	0.29292363	6.854889677754593e-64
NGB	6.075757575757576	1.0	0.18890467	1.0
SDHAF2	4.878787878787879	4.201267031456755e-71	0.24139053	3.5114604876195073e-15
METTL18	6.181818181818182	1.0	0.20140833	0.6563475551210766
ZBTB25	4.606060606060606	6.280766027761081e-105	0.45809495	0.0
C9orf24	6.984848484848484	1.0	0.11769159	1.0
PSORS1C2	11.030303030303031	1.0	0.12001288	1.0
HIST1H2AI	6.5606060606060606	1.0	0.18624969	1.0
CDC42EP5	4.757575757575758	1.4989734955504187e-85	0.22568823	5.779010066221576e-07
IGSF21	4.4393939393939394	1.1179237737721773e-127	0.15185031	1.0
MED22	6.454545454545454	1.0	0.1154662	1.0
FAM86C1	5.121212121212121	1.65394062595959e-45	0.18654622	1.0
ADCY5	4.4393939393939394	1.1179237737721773e-127	0.6829066	0.0
CTSC	6.045454545454546	1.0	0.13158964	1.0
INHBE	8.242424242424242	1.0	0.17368872	1.0
COTL1	4.848484848484849	1.2797706148193189e-74	0.20008992	0.851408032239825
SYT4	6.196969696969697	1.0	0.3498595	2.6245560039219593e-146
CALR	5.5	3.7842004657943047e-16	0.30880073	1.7067632052066908e-84
SERPINB8	8.727272727272727	1.0	0.25545242	2.464198488341981e-25
EBNA1BP2	6.242424242424242	1.0	0.18361267	1.0
DSCC1	4.863636363636363	7.461555813357348e-73	0.34321356	1.2546207867142031e-135
KISS1	7.166666666666667	1.0	0.15702231	1.0
UBXN6	6.257575757575758	1.0	0.21625346	0.001150903151492085
SEPT5	5.878787878787879	0.04703166165001248	0.20595875	0.18687631679670866
BTAF1	4.53030303030303	4.226910827537424e-115	0.69904923	0.0
CDKN3	4.106060606060606	1.5042150568912314e-176	0.22795366	6.100332356764481e-08
LHX1	6.53030303030303	1.0	0.25118527	5.5297369059030825e-22
AKR7A3	9.227272727272727	1.0	0.15773529	1.0
MRPL20	4.833333333333333	2.107807229110395e-76	0.20912394	0.05514516121443481
GIF	7.045454545454546	1.0	0.30097896	4.553683628665277e-74
FBXO5	5.4393939393939394	7.15071135886857e-20	0.22491446	1.1995275244766055e-06
ATAD5	5.378787878787879	5.596677988813906e-24	0.68674415	0.0
FAM86A	7.712121212121212	1.0	0.13919747	1.0
IL2	4.681818181818182	4.566391540340071e-95	0.17531097	1.0
NEUROD2	4.96969696969697	5.9836842956166486e-61	0.3017812	4.1006089814448404e-75
LOXL4	7.833333333333333	1.0	0.4918528	0.0
CYCS	5.909090909090909	0.1300519624973496	0.050415143	1.0
DBF4B	5.424242424242424	7.304939763549693e-21	0.41475123	2.5782302934434917e-258
SAV1	5.0606060606060606	1.868647141764226e-51	0.33987024	2.423862220659646e-130
KRT31	5.287878787878788	7.485477606395389e-31	0.38452482	7.546102932859007e-205
CLDN11	5.878787878787879	0.04703166165001248	0.082382455	1.0
MGST2	15.0	1.0	0.06480269	1.0
ATP5J2	5.318181818181818	1.8111998406309878e-28	0.050029293	1.0
RASSF7	9.424242424242424	1.0	0.19095826	1.0
RPL23A	5.575757575757576	4.742374516777844e-12	0.20990995	0.038900854671946816
SMAD9	3.757575757575758	1.1434317634623256e-230	-0.11063021	1.0
SH2D1B	5.651515151515151	1.3838745592303982e-08	0.07711815	1.0
SRP19	5.545454545454546	1.2939466289206966e-13	0.18322393	1.0
METTL1	3.984848484848485	3.796242806180348e-195	0.22980018	8.66195108833015e-09
COL9A2	7.53030303030303	1.0	0.41271317	1.1306404155049843e-254
STAMBPL1	3.984848484848485	3.796242806180348e-195	0.42895326	8.6189568693104e-284
PEX5L	4.378787878787879	2.851091925485961e-136	0.41796133	4.6166749929737295e-264
PTK6	4.393939393939394	4.1588243918237506e-134	0.45737374	0.0
ETV1	3.8333333333333335	9.335542196331431e-219	0.5002845	0.0
DAPK3	3.878787878787879	1.2284127079251473e-211	0.47320044	0.0
RBM4	4.590909090909091	6.15075884339598e-107	0.19728447	1.0
TAC1	6.893939393939394	1.0	0.07708588	1.0
PLA2G2A	6.848484848484849	1.0	0.19079006	1.0
UBE2N	4.46969696969697	1.931907190857211e-123	0.21188742	0.014871173183967431
ETV6	4.348484848484849	1.2952202012909316e-140	0.4772073	0.0
CSNK1G2	4.7272727272727275	2.5869665633246372e-89	0.40477076	1.636235741474166e-240
SRP68	5.2272727272727275	7.038927224180759e-36	0.3472744	3.966267414838401e-142
RPS6KC1	5.878787878787879	0.04703166165001248	0.4269707	3.153848288255043e-280
HIST3H2A	4.515151515151516	3.593818462139579e-117	0.15889275	1.0
SNRPC	4.696969696969697	3.895072545540908e-93	0.23033023	4.847044421604597e-09
ARPC1B	6.151515151515151	1.0	0.19179201	1.0
TIAM2	4.924242424242424	5.985953570968111e-66	0.5153582	0.0
CCL21	10.772727272727273	1.0	0.106932595	1.0
CPLX1	6.378787878787879	1.0	0.16824378	1.0
RSRC2	5.409090909090909	7.050991745134946e-22	0.37767935	5.510018906682533e-193
PPP2R2A	4.287878787878788	2.0335762994395374e-149	0.47160345	0.0
MAFK	5.151515151515151	1.1784022048920932e-42	0.08554696	1.0
CXCL13	10.06060606060606	1.0	0.068470165	1.0
BTC	4.409090909090909	5.914786475214866e-132	0.2299694	7.206975766324295e-09
SORBS2	4.136363636363637	5.900348408278667e-172	0.5481823	0.0
PRMT6	4.833333333333333	2.107807229110395e-76	0.2746313	3.964982959629453e-43
HTR4	6.303030303030303	1.0	0.22858855	3.1570332927738337e-08
TCEB2	5.696969696969697	8.135574001437365e-07	0.06213691	1.0
LY6H	5.409090909090909	7.050991745134946e-22	0.17526248	1.0
LHX2	4.7272727272727275	2.5869665633246372e-89	0.3570944	3.6623755412565855e-158
RLN2	15.0	1.0	0.10031344	1.0
MAOA	5.712121212121212	2.8086318893086953e-06	0.26305914	7.182534335076101e-32
CYTH1	4.303030303030303	3.33264627763135e-147	0.35351875	2.8311651128567745e-152
CEND1	5.409090909090909	7.050991745134946e-22	0.21255903	0.010434907697723268
MAGED1	6.303030303030303	1.0	0.28858697	1.1563230373618952e-58
FAM46D	5.984848484848484	0.6713958573583418	0.2810921	4.569839136776826e-50
SLC1A5	15.0	1.0	0.16921401	1.0
WIPI1	3.8484848484848486	2.263719495264942e-216	0.48945194	0.0
MAP6	4.863636363636363	7.461555813357348e-73	0.4377587	1.2611980607838063e-299
TSHB	6.409090909090909	1.0	0.14444314	1.0
PTH2	15.0	1.0	0.080720216	1.0
SAP18	4.287878787878788	2.0335762994395374e-149	0.22851487	3.409318925979696e-08
DNAJB3	5.242424242424242	1.363714314520086e-34	0.18995027	1.0
FAM195A	4.7727272727272725	1.0830356453634325e-83	0.25178298	1.936454716913442e-22
PPY	15.0	1.0	0.069687374	1.0
TNKS1BP1	7.681818181818182	1.0	0.69142485	0.0
YWHAB	3.3181818181818183	1.5140200550259545e-300	-0.17110321	1.0
RPL23	6.136363636363637	1.0	0.11578381	1.0
CCDC136	4.757575757575758	1.4989734955504187e-85	0.43369687	2.5542875877027406e-292
DNER	6.378787878787879	1.0	0.421407	3.0626398361805123e-270
IRAK4	4.878787878787879	4.201267031456755e-71	0.46364638	0.0
DEFA5	15.0	1.0	0.07031705	1.0
HIST1H2AE	4.924242424242424	5.985953570968111e-66	0.09997908	1.0
CETN3	4.712121212121212	3.234126539505369e-91	0.24668223	1.0631736626384485e-18
ATP6V1F	5.015151515151516	4.0682418292930166e-56	0.21362434	0.0057816910900661996
MCRS1	5.045454545454546	5.449835677091945e-53	0.4538078	0.0
PHPT1	6.075757575757576	1.0	0.08649817	1.0
EFNA1	4.863636363636363	7.461555813357348e-73	0.14754763	1.0
MED4	15.0	1.0	0.108954586	1.0
TRPV4	4.2727272727272725	1.2235597067539176e-151	0.61426693	0.0
CDKN2B	5.287878787878788	7.485477606395389e-31	0.13418306	1.0
TIA1	6.106060606060606	1.0	0.19718418	1.0
GRIN1	3.878787878787879	1.2284127079251473e-211	0.14254253	1.0
CNOT3	5.378787878787879	5.596677988813906e-24	0.5260592	0.0
RANBP10	15.0	1.0	0.20362955	0.3817115483144591
PPBP	7.257575757575758	1.0	0.102658525	1.0
MS4A2	4.242424242424242	4.2660456775394e-156	0.35056838	1.8542382079030718e-147
S100P	6.212121212121212	1.0	0.048315212	1.0
NCBP2	5.303030303030303	1.1955487594189794e-29	0.21643986	0.0010183062859949505
PDE6D	4.393939393939394	4.1588243918237506e-134	0.050407693	1.0
PIGT	15.0	1.0	0.20703161	0.12775820904010873
CTNNA1	4.0	8.378388133182956e-193	0.4334961	5.8630876964733145e-292
PIP	4.712121212121212	3.234126539505369e-91	0.197257	1.0
AGXT	6.166666666666667	1.0	0.24768691	2.0767180067654563e-19
C11orf1	5.015151515151516	4.0682418292930166e-56	0.21664396	0.0008891476779833261
BEX1	4.9393939393939394	2.8876096295366594e-64	0.09159426	1.0
HCFC1R1	5.212121212121212	3.4266830986446446e-37	0.15873614	1.0
VPS26B	7.4393939393939394	1.0	0.15859753	1.0
ROCK1	4.045454545454546	8.293864890908537e-186	0.60713583	0.0
SCAMP2	7.5	1.0	0.14994244	1.0
CPSF2	5.090909090909091	1.923470993656941e-48	0.5459173	0.0
AP2S1	5.590909090909091	2.632737875380154e-11	0.17536335	1.0
VGLL2	4.712121212121212	3.234126539505369e-91	0.19968322	0.9151178494525233
CHIC2	5.348484848484849	3.543656868901738e-26	0.21197149	0.014243450778154709
CAMK1D	4.833333333333333	2.107807229110395e-76	0.22997585	7.158160113524004e-09
SHF	5.015151515151516	4.0682418292930166e-56	0.34991702	2.117408108585767e-146
VHLL	4.621212121212121	6.241076737412368e-103	0.18303394	1.0
MAP1LC3B	6.878787878787879	1.0	0.07571469	1.0
GTPBP10	6.363636363636363	1.0	0.27699086	1.3077143130032233e-45
TWIST2	4.484848484848484	2.430993042715581e-121	0.24177456	2.0068718126588232e-15
NXT2	5.666666666666667	5.7023465843776827e-08	0.17602487	1.0
TPH1	4.136363636363637	5.900348408278667e-172	0.47402534	0.0
PRR13	7.181818181818182	1.0	0.071137704	1.0
FRS2	3.9696969696969697	1.7009092593290584e-197	0.36227462	8.735972310961639e-167
CYTH3	6.196969696969697	1.0	0.33435825	9.313716331784941e-122
RFC1	3.9242424242424243	1.4883845906973111e-204	0.5809283	0.0
SP4	4.318181818181818	5.3259981484645446e-145	0.60587066	0.0
PRKG2	4.712121212121212	3.234126539505369e-91	0.41365692	2.329910458264495e-256
TGFA	4.954545454545454	1.3430778973097058e-62	0.16566558	1.0
UBE2D4	5.803030303030303	0.0013690958295525335	0.12210914	1.0
GLI1	5.924242424242424	0.19929500119739843	0.53847873	0.0
CMTM3	3.9696969696969697	1.7009092593290584e-197	0.29387197	4.668490526666086e-65
PAEP	4.681818181818182	4.566391540340071e-95	0.270242	1.1220807752701476e-38
KAT2A	4.015151515151516	1.8150337481646768e-190	0.6228175	0.0
KIAA0513	6.393939393939394	1.0	0.4067844	4.2714114841176164e-244
SEC14L2	5.393939393939394	6.482752192123682e-23	0.29224202	4.666542726032617e-63
TUBB4A	4.348484848484849	1.2952202012909316e-140	0.4105429	8.491185943535858e-251
TFB2M	15.0	1.0	0.30798388	2.208611378399362e-83
TIMM8A	5.681818181818182	2.220023745055577e-07	0.06121772	1.0
PER2	5.333333333333333	2.600528747744788e-27	0.7049281	0.0
MLN	15.0	1.0	0.077579126	1.0
OVGP1	15.0	1.0	0.27625823	7.821504762701787e-45
CDAN1	4.545454545454546	4.834723743239444e-113	0.6528161	0.0
SKIV2L	6.166666666666667	1.0	0.6642406	0.0
SEL1L3	8.287878787878787	1.0	0.4770571	0.0
ATF2	3.6363636363636362	7.240515644060204e-250	0.14104486	1.0
SOD1	4.363636363636363	1.9296931071479538e-138	0.19761954	1.0
NPPC	7.333333333333333	1.0	0.099099554	1.0
C4orf34	6.242424242424242	1.0	0.06577852	1.0
GABPA	4.166666666666667	2.1673241151360944e-167	0.49828985	0.0
BFAR	4.393939393939394	4.1588243918237506e-134	0.45469552	0.0
UBE2L6	5.2272727272727275	7.038927224180759e-36	0.08841388	1.0
ASCC1	5.53030303030303	1.9631201286694676e-14	0.15754855	1.0
RHOG	4.454545454545454	1.4842317088682658e-125	0.17874436	1.0
AGR2	5.0606060606060606	1.868647141764226e-51	0.24232885	8.887190638442073e-16
CSNK2A1	3.212121212121212	1.741685e-317	-0.17931585	1.0
MAGOHB	6.015151515151516	0.9432481883172866	0.13602044	1.0
TRAF4	4.5606060606060606	5.400493616127032e-111	0.40246364	2.055886954090269e-236
CPSF7	4.333333333333333	8.36973431338001e-143	0.41739982	4.683115420653141e-263
CST3	7.545454545454546	1.0	0.10376443	1.0
RUNDC3A	5.287878787878788	7.485477606395389e-31	0.30122936	2.1513002052893872e-74
BCAP31	15.0	1.0	0.11077833	1.0
NR2C2AP	4.712121212121212	3.234126539505369e-91	0.13813642	1.0
RUVBL2	4.045454545454546	8.293864890908537e-186	0.4670661	0.0
NAP1L5	4.393939393939394	4.1588243918237506e-134	0.25700402	1.3077286451994783e-26
TEAD2	4.424242424242424	8.234322370316294e-130	0.43693587	3.811171073604894e-298
DDIT3	3.8484848484848486	2.263719495264942e-216	0.17258947	1.0
ITGB6	5.924242424242424	0.19929500119739843	0.6055508	0.0
C14orf119	5.9393939393939394	0.29042308693009067	0.09186674	1.0
RPS15	7.090909090909091	1.0	0.13559356	1.0
APOC2	8.909090909090908	1.0	0.071268894	1.0
PHACTR3	4.4393939393939394	1.1179237737721773e-127	0.42640337	3.2922304689800512e-279
PLA2G5	4.9393939393939394	2.8876096295366594e-64	0.12022213	1.0
HHIP	15.0	1.0	0.34635147	1.2103528710949138e-140
RPL15	4.818181818181818	3.3485901111930753e-78	0.19338584	1.0
PPP3R1	4.363636363636363	1.9296931071479538e-138	0.22679687	1.9621493642655917e-07
RPL10	4.393939393939394	4.1588243918237506e-134	0.267113	1.2274305294663183e-35
IQGAP1	3.772727272727273	2.8003122703195513e-228	0.61072475	0.0
HNF4G	4.53030303030303	4.226910827537424e-115	0.4450164	1.10824492377e-312
CBX3	4.621212121212121	6.241076737412368e-103	0.1418048	1.0
ILK	3.8484848484848486	2.263719495264942e-216	0.3313205	4.2172426851050725e-117
CIRBP	4.378787878787879	2.851091925485961e-136	0.2411406	5.042245776030091e-15
KRT27	4.621212121212121	6.241076737412368e-103	0.44436318	1.65994225964e-311
MT1H	8.984848484848484	1.0	0.055766866	1.0
GCFC2	5.151515151515151	1.1784022048920932e-42	0.54845566	0.0
HRC	9.227272727272727	1.0	0.3086065	3.1388230382646394e-84
CMTM8	4.4393939393939394	1.1179237737721773e-127	0.027983198	1.0
CD79A	4.651515151515151	5.700658646082387e-99	0.20360489	0.3841335505402478
HS1BP3	5.666666666666667	5.7023465843776827e-08	0.23629417	3.797660326505446e-12
PRMT3	6.712121212121212	1.0	0.16284524	1.0
ZNF33B	5.090909090909091	1.923470993656941e-48	0.5329683	0.0
PHYHIP	5.181818181818182	6.9932454275569265e-40	0.109152816	1.0
RDH5	7.090909090909091	1.0	0.13609058	1.0
IL5	5.787878787878788	0.0005657379213339365	0.08729063	1.0
NKX3-1	4.5	2.987526822932176e-119	0.2229444	7.058446936472735e-06
PLA2G10	8.015151515151516	1.0	0.22552967	6.720281340013176e-07
MYL6	5.015151515151516	4.0682418292930166e-56	0.14997998	1.0
MC5R	15.0	1.0	0.14629106	1.0
WDR74	5.4393939393939394	7.15071135886857e-20	0.18501686	1.0
HIST2H2AA3	5.5	3.7842004657943047e-16	0.08363198	1.0
LILRA3	5.242424242424242	1.363714314520086e-34	0.35402808	4.132339576362323e-153
NAA38	6.878787878787879	1.0	0.023378108	1.0
XIAP	3.8333333333333335	9.335542196331431e-219	0.28241414	1.5335054640883812e-51
AAR2	5.318181818181818	1.8111998406309878e-28	0.17845772	1.0
CST7	7.863636363636363	1.0	0.10588238	1.0
NHLH2	5.9393939393939394	0.29042308693009067	0.09658241	1.0
TARS	5.621212121212121	6.787535082773471e-10	0.45704558	0.0
NR1H4	3.9545454545454546	7.665781365813323e-200	0.5094756	0.0
SMO	15.0	1.0	0.46710336	0.0
STAT6	3.6666666666666665	4.818447051986087e-245	0.5878125	0.0
DUSP22	4.151515151515151	1.1446109044602285e-169	0.2767837	2.1702058354090628e-45
FKBP2	6.984848484848484	1.0	0.10361436	1.0
PTRF	4.590909090909091	6.15075884339598e-107	0.27692443	1.5386758314666536e-45
CBX5	4.484848484848484	2.430993042715581e-121	-0.009062556	1.0
GIT2	3.9545454545454546	7.665781365813323e-200	0.5030086	0.0
WDR91	5.53030303030303	1.9631201286694676e-14	0.43705246	2.352566552608614e-298
HAT1	4.878787878787879	4.201267031456755e-71	0.36273298	1.4908563330373674e-167
RBMXL2	5.681818181818182	2.220023745055577e-07	0.19740804	1.0
PRKAR2B	5.0606060606060606	1.868647141764226e-51	0.3567996	1.1249997927080019e-157
DPM1	15.0	1.0	0.116359614	1.0
MYCN	4.045454545454546	8.293864890908537e-186	0.46022844	0.0
PITPNM1	3.9545454545454546	7.665781365813323e-200	0.68573344	0.0
GHRL	15.0	1.0	0.086167656	1.0
MUC1	4.045454545454546	8.293864890908537e-186	0.12910813	1.0
CBLC	4.151515151515151	1.1446109044602285e-169	0.51248497	0.0
YWHAZ	3.393939393939394	1.6648819910612663e-288	-0.1739789	1.0
RRM1	4.045454545454546	8.293864890908537e-186	0.599188	0.0
PPARG	3.984848484848485	3.796242806180348e-195	0.043319248	1.0
PHF23	6.242424242424242	1.0	0.29820123	1.7151458121731987e-70
SGK2	4.545454545454546	4.834723743239444e-113	0.37819958	6.983290296741393e-194
CRABP2	5.015151515151516	4.0682418292930166e-56	0.111445874	1.0
TSPYL1	5.090909090909091	1.923470993656941e-48	0.36624837	1.8111612426208607e-173
SIRT7	7.303030303030303	1.0	0.19437216	1.0
IL7	5.015151515151516	4.0682418292930166e-56	0.2229479	7.03882768708108e-06
BECN1	4.681818181818182	4.566391540340071e-95	0.40389356	5.929899266662195e-239
HTR6	6.363636363636363	1.0	0.3248955	1.9203401713273677e-107
ATF6B	4.7727272727272725	1.0830356453634325e-83	0.42607832	1.2611004280606052e-278
GFRA2	5.924242424242424	0.19929500119739843	0.16003144	1.0
FAM96A	7.242424242424242	1.0	0.07150717	1.0
GABRA1	4.333333333333333	8.36973431338001e-143	0.45974925	0.0
XK	3.9393939393939394	3.3887978519689985e-202	0.44422364	2.9590133859753e-311
NDUFB9	4.7727272727272725	1.0830356453634325e-83	0.22465679	1.5228657822996888e-06
HDDC3	5.181818181818182	6.9932454275569265e-40	0.10293514	1.0
AP1S2	6.378787878787879	1.0	0.1854317	1.0
SH3GLB2	6.0606060606060606	1.0	0.21910894	0.00015585019623603685
MPC1	7.621212121212121	1.0	0.07523206	1.0
GLIPR2	5.242424242424242	1.363714314520086e-34	0.17574273	1.0
TTR	5.2272727272727275	7.038927224180759e-36	0.10563485	1.0
TPI1	15.0	1.0	0.12955795	1.0
LSM4	5.242424242424242	1.363714314520086e-34	0.08043451	1.0
PKP2	5.106060606060606	5.774871996982557e-47	0.6482696	0.0
AP1M1	4.7727272727272725	1.0830356453634325e-83	0.2803647	2.9072016779236466e-49
RAB38	3.8181818181818183	3.9384120538611244e-221	0.3678241	3.903562921521578e-176
ERCC8	5.333333333333333	2.600528747744788e-27	0.16098225	1.0
UBD	4.5	2.987526822932176e-119	0.20812728	0.08368414524142165
FBXO18	5.166666666666667	2.93824026063579e-41	0.6440153	0.0
CDK1	3.3181818181818183	1.5140200550259545e-300	-0.17528072	1.0
CDKN1B	3.5606060606060606	6.279138206492591e-262	-0.022200389	1.0
BYSL	5.090909090909091	1.923470993656941e-48	0.37812746	9.29909002079852e-194
RAP2A	4.045454545454546	8.293864890908537e-186	0.1662912	1.0
CCR9	10.151515151515152	1.0	0.15970449	1.0
SAP30L	5.4393939393939394	7.15071135886857e-20	0.12704997	1.0
PDK3	7.818181818181818	1.0	0.2434347	1.6974740625981377e-16
DCTN3	4.696969696969697	3.895072545540908e-93	0.1992167	0.9893215953495705
CCNDBP1	7.606060606060606	1.0	0.20341349	0.4045066062723593
NRAS	4.2727272727272725	1.2235597067539176e-151	0.24059354	1.1049566487247592e-14
RAP1B	4.318181818181818	5.3259981484645446e-145	0.24612497	2.595140391646598e-18
FOXO4	3.4242424242424243	1.1600838694801925e-283	0.51215816	0.0
AKT3	3.878787878787879	1.2284127079251473e-211	0.47621408	0.0
EXOSC1	6.909090909090909	1.0	0.168073	1.0
EXOSC3	7.2272727272727275	1.0	0.21534237	0.002064801421386966
ARHGAP10	4.454545454545454	1.4842317088682658e-125	0.59865904	0.0
HNRNPH1	4.924242424242424	5.985953570968111e-66	0.41251802	2.52371001878349e-254
POLR2H	5.787878787878788	0.0005657379213339365	0.0645345	1.0
VAMP4	8.621212121212121	1.0	0.092645794	1.0
BMP8B	7.075757575757576	1.0	0.21900998	0.00016776706577549148
BCL2	3.6818181818181817	1.1853923178705118e-242	-0.15740862	1.0
ZBTB44	4.484848484848484	2.430993042715581e-121	0.45728606	0.0
CD5L	6.4393939393939394	1.0	0.15275817	1.0
SSBP4	6.863636363636363	1.0	0.16722791	1.0
KCNE4	4.424242424242424	8.234322370316294e-130	0.23263595	3.489213847291371e-10
RAB7L1	7.4393939393939394	1.0	0.08123761	1.0
ATXN7L2	5.833333333333333	0.0067181671876451274	0.2831865	2.068204771274282e-52
ATG7	7.7384615384615385	1.0	0.21544161	0.0019405405269153333
NFYB	3.787878787878788	6.691875806829089e-226	0.21050374	0.029532582719345498
AP1S1	5.757575757575758	8.110867378945913e-05	0.16222216	1.0
SNX7	5.7272727272727275	9.160567380971782e-06	0.3288294	2.5176730337209087e-113
MYO10	7.151515151515151	1.0	0.53034556	0.0
ZNF107	4.7272727272727275	2.5869665633246372e-89	0.5808516	0.0
RGS10	6.075757575757576	1.0	0.17558943	1.0
CDA	4.681818181818182	4.566391540340071e-95	0.16565871	1.0
LIPC	6.409090909090909	1.0	0.3994402	4.710278280796138e-231
TXNL4B	4.803030303030303	5.12655010797389e-80	0.16608025	1.0
GDF11	6.378787878787879	1.0	0.23036666	4.65656546299328e-09
ACIN1	6.2272727272727275	1.0	0.36475408	5.9986165425123895e-171
IQUB	5.4393939393939394	7.15071135886857e-20	0.5359302	0.0
COX5A	4.818181818181818	3.3485901111930753e-78	0.17563967	1.0
EID1	4.075757575757576	3.621754795530252e-181	0.30838257	6.334392112050921e-84
CDKN2D	4.606060606060606	6.280766027761081e-105	0.22316949	5.804226883864953e-06
MTHFS	6.015151515151516	0.9432481883172866	0.12651378	1.0
UPF3B	6.742424242424242	1.0	0.42825308	1.5660418806973403e-282
FGF1	4.666666666666667	5.190235199322125e-97	0.07479458	1.0
C19orf10	5.348484848484849	3.543656868901738e-26	0.18679112	1.0
ZCCHC13	5.151515151515151	1.1784022048920932e-42	0.22114682	3.1918640735272655e-05
ARF4	4.4393939393939394	1.1179237737721773e-127	0.08578318	1.0
NKIRAS1	4.303030303030303	3.33264627763135e-147	0.29423302	1.6690140144891834e-65
RPS16	5.712121212121212	2.8086318893086953e-06	0.12157102	1.0
PDK2	5.863636363636363	0.026010289548509757	0.19569819	1.0
LLPH	8.742424242424242	1.0	0.083702415	1.0
TOMM7	15.0	1.0	0.048700675	1.0
RARRES3	4.863636363636363	7.461555813357348e-73	0.19212726	1.0
FXN	4.954545454545454	1.3430778973097058e-62	0.22202712	1.5435485566344095e-05
LMO1	4.984848484848484	2.5536481937036903e-59	0.111192375	1.0
MALL	4.5606060606060606	5.400493616127032e-111	0.18198326	1.0
PIP5KL1	5.878787878787879	0.04703166165001248	0.3101485	2.4304438567647124e-86
AXL	4.196969696969697	7.408854155105656e-163	0.48746705	0.0
ITPKA	4.303030303030303	3.33264627763135e-147	0.49556148	0.0
TMPRSS11A	4.742424242424242	2.0112480802320904e-87	0.33619085	1.3640688149709807e-124
IL9	5.333333333333333	2.600528747744788e-27	0.07904419	1.0
MKNK2	3.727272727272727	1.8809940959048096e-235	0.5012149	0.0
SCTR	9.833333333333334	1.0	0.2409073	7.057767407849064e-15
PAFAH1B2	4.924242424242424	5.985953570968111e-66	0.10196867	1.0
SPINK1	15.0	1.0	0.053810764	1.0
RIT1	3.8636363636363638	5.309754525883307e-214	0.24551798	6.796527031989576e-18
EPDR1	5.409090909090909	7.050991745134946e-22	0.20929964	0.05107821735350176
JTB	5.7272727272727275	9.160567380971782e-06	0.100285344	1.0
LALBA	5.621212121212121	6.787535082773471e-10	0.088238835	1.0
FRS3	3.8181818181818183	3.9384120538611244e-221	0.50386846	0.0
ARFRP1	4.075757575757576	3.621754795530252e-181	0.22793308	6.227790481076337e-08
ARHGAP17	4.090909090909091	7.431731658940583e-179	0.5887172	0.0
PARK7	4.2727272727272725	1.2235597067539176e-151	0.2419152	1.6330211171261334e-15
CAMK4	4.0	8.378388133182956e-193	0.48001415	0.0
ZNF193	8.242424242424242	1.0	0.20067954	0.7611165105791123
ACADM	5.090909090909091	1.923470993656941e-48	0.2942187	1.7381415978956824e-65
C7orf34	6.196969696969697	1.0	0.11344497	1.0
G3BP1	4.833333333333333	2.107807229110395e-76	0.44357458	4.3542000667532e-310
KXD1	5.181818181818182	6.9932454275569265e-40	5.866799e-05	1.0
FANCA	3.606060606060606	1.151654573846843e-254	0.6290031	0.0
F2RL2	6.893939393939394	1.0	0.16980855	1.0
SRF	3.696969696969697	3.006258229506499e-240	-0.044096492	1.0
ABCC9	15.0	1.0	0.52609676	0.0
CCDC91	5.7727272727272725	0.0002205579338264052	0.38146257	1.5834785625192162e-199
F9	8.227272727272727	1.0	0.403582	2.12240337162838e-238
FAM178B	8.242424242424242	1.0	0.102227286	1.0
GRAP	4.393939393939394	4.1588243918237506e-134	0.33614546	1.6033233891987152e-124
GCSH	4.2727272727272725	1.2235597067539176e-151	0.22256571	9.780008763478778e-06
EIF1AD	4.575757575757576	5.853914984634287e-109	0.20487864	0.2652372395198255
ZBTB12	4.833333333333333	2.107807229110395e-76	0.4368617	5.1782092728892626e-298
UBE2C	5.803030303030303	0.0013690958295525335	0.10188138	1.0
MRGPRX2	11.333333333333334	1.0	0.14170913	1.0
ZNF593	5.954545454545454	0.4021808346106391	0.08480098	1.0
CRABP1	7.303030303030303	1.0	0.091072336	1.0
CHST4	5.378787878787879	5.596677988813906e-24	0.16708283	1.0
SIGMAR1	6.166666666666667	1.0	0.19880806	1.0
CHMP3	5.409090909090909	7.050991745134946e-22	0.10426095	1.0
MEP1B	6.9393939393939394	1.0	0.26551065	3.990114802466185e-34
GEMIN6	5.878787878787879	0.04703166165001248	0.1582893	1.0
CALU	7.878787878787879	1.0	0.13852061	1.0
B3GALT4	6.621212121212121	1.0	0.1772883	1.0
GABRB3	4.333333333333333	8.36973431338001e-143	0.45847082	0.0
SHH	15.0	1.0	0.27122152	1.1891899136194974e-39
PACSIN2	5.03030303030303	1.5255864629947634e-54	0.46528846	0.0
ARL5B	4.166666666666667	2.1673241151360944e-167	0.24809103	1.0668042811375584e-19
KCNJ16	6.575757575757576	1.0	0.26221263	4.1532887036505064e-31
CTSL1	6.96969696969697	1.0	0.10723065	1.0
COL8A2	15.0	1.0	0.24175279	2.07133328564243e-15
MGST3	8.727272727272727	1.0	0.114416085	1.0
MLC1	5.318181818181818	1.8111998406309878e-28	0.15951598	1.0
AVPR1A	6.484848484848484	1.0	0.21932401	0.00013267523459514148
SSBP1	6.863636363636363	1.0	0.0993606	1.0
RNF128	6.181818181818182	1.0	0.19386487	1.0
LIN7B	5.045454545454546	5.449835677091945e-53	0.17715254	1.0
RPL29	4.515151515151516	3.593818462139579e-117	0.17195697	1.0
FBXL3	5.863636363636363	0.026010289548509757	0.27327067	1.0030239329645953e-41
MICA	15.0	1.0	0.14403948	1.0
CCL20	15.0	1.0	0.06328747	1.0
TLR4	5.03030303030303	1.5255864629947634e-54	0.50352395	0.0
SEC23A	6.454545454545454	1.0	0.47738004	0.0
CUL7	5.553846153846154	3.600182214003601e-13	0.6775259	0.0
METTL17	5.075757575757576	6.148878058809979e-50	0.4059602	1.2513096666648067e-242
MAFF	5.0606060606060606	1.868647141764226e-51	0.09484925	1.0
KEL	4.9393939393939394	2.8876096295366594e-64	0.26268137	1.5761125318429649e-31
SMCR7L	4.363636363636363	1.9296931071479538e-138	0.40697542	1.9535841208286716e-244
CETN1	4.590909090909091	6.15075884339598e-107	0.22993912	7.4479789405674906e-09
CITED4	4.121212121212121	2.993933330416968e-174	0.2249386	1.173075104285415e-06
PIPOX	7.242424242424242	1.0	0.20745577	0.10892602730564412
PLA2G15	5.287878787878788	7.485477606395389e-31	0.24157193	2.6975857815296014e-15
MC4R	15.0	1.0	0.123977065	1.0
SGK3	4.106060606060606	1.5042150568912314e-176	0.4751695	0.0
BEND5	5.03030303030303	1.5255864629947634e-54	0.31765342	6.971654218067121e-97
SOCS2	4.515151515151516	3.593818462139579e-117	0.30138472	1.3500034792882907e-74
C10orf82	5.924242424242424	0.19929500119739843	0.11586433	1.0
TMEM216	15.0	1.0	0.087450296	1.0
ARPC5	6.075757575757576	1.0	0.09765137	1.0
FAM32A	7.454545454545454	1.0	0.07042593	1.0
GREM1	7.045454545454546	1.0	0.09152423	1.0
CCDC85B	4.5	2.987526822932176e-119	-0.22973487	1.0
LRR1	6.045454545454546	1.0	0.08372756	1.0
SYT1	5.53030303030303	1.9631201286694676e-14	0.24375615	1.0417957027273318e-16
CNR1	6.075757575757576	1.0	0.41362244	2.684390130964374e-256
C1orf61	4.712121212121212	3.234126539505369e-91	0.17720312	1.0
POU5F1	3.9242424242424243	1.4883845906973111e-204	0.22705689	1.5141318398664707e-07
PLCD4	6.181818181818182	1.0	0.38931087	3.2732988395531404e-213
NCALD	4.46969696969697	1.931907190857211e-123	0.2359247	6.1109554072810774e-12
TRIP11	4.318181818181818	5.3259981484645446e-145	0.70061266	0.0
GDA	5.666666666666667	5.7023465843776827e-08	0.4727893	0.0
CD40	4.46969696969697	1.931907190857211e-123	0.10808532	1.0
BHLHA15	4.681818181818182	4.566391540340071e-95	0.23964354	4.2146669579752366e-14
RAB5B	4.9393939393939394	2.8876096295366594e-64	0.14458346	1.0
RGS4	5.242424242424242	1.363714314520086e-34	0.18348457	1.0
ARF5	5.106060606060606	5.774871996982557e-47	0.19994885	0.8731778347662837
PLA2G1B	5.848484848484849	0.01364731693088985	0.102529526	1.0
RILP	4.863636363636363	7.461555813357348e-73	0.17707902	1.0
TIFA	4.833333333333333	2.107807229110395e-76	0.20413673	0.330893287032038
PTH	15.0	1.0	0.0775216	1.0
GLRX2	15.0	1.0	0.08652577	1.0
FBXO2	15.0	1.0	0.12755395	1.0
VWF	6.424242424242424	1.0	0.6813163	0.0
TMOD1	6.257575757575758	1.0	0.15434285	1.0
CTSS	8.545454545454545	1.0	0.0891686	1.0
FBXO15	5.863636363636363	0.026010289548509757	0.27340245	7.354735094225906e-42
CHRDL2	6.954545454545454	1.0	0.2534652	9.571015363702524e-24
POLR2G	5.090909090909091	1.923470993656941e-48	0.16811247	1.0
FATE1	5.03030303030303	1.5255864629947634e-54	0.22839704	3.856207205866868e-08
MAGOH	6.151515151515151	1.0	0.07010017	1.0
TSPAN4	5.636363636363637	3.1603395062496015e-09	0.10858751	1.0
LITAF	5.166666666666667	2.93824026063579e-41	0.116406225	1.0
CD59	6.393939393939394	1.0	0.054458782	1.0
LYPD3	8.242424242424242	1.0	0.14160809	1.0
IFI6	5.454545454545454	6.638801559632507e-19	0.07931707	1.0
RPS18	5.46969696969697	5.8303237583507375e-18	0.084307015	1.0
SIGLEC7	4.575757575757576	5.853914984634287e-109	0.47200328	0.0
MRPL17	7.621212121212121	1.0	0.13399322	1.0
UHRF2	4.090909090909091	7.431731658940583e-179	0.5696412	0.0
RBP1	4.318181818181818	5.3259981484645446e-145	0.23486523	2.3331419354344364e-11
SEMA3A	7.106060606060606	1.0	0.5449513	0.0
POP5	15.0	1.0	0.120433316	1.0
MYOT	4.863636363636363	7.461555813357348e-73	0.47721872	0.0
TWIST1	4.151515151515151	1.1446109044602285e-169	0.29385155	4.946170772569564e-65
CSF3	5.4393939393939394	7.15071135886857e-20	0.2023326	0.5320433640687086
NUCB2	4.924242424242424	5.985953570968111e-66	0.24811815	1.02020532615233e-19
RAET1G	15.0	1.0	0.1405957	1.0
SERTAD3	4.242424242424242	4.2660456775394e-156	0.2700984	1.5556660739308086e-38
RPL12	5.5606060606060606	8.070067712540837e-13	0.14440131	1.0
WWP2	4.803030303030303	5.12655010797389e-80	0.6121648	0.0
NRXN1	5.636363636363637	3.1603395062496015e-09	0.49149784	0.0
RABIF	6.545454545454546	1.0	0.060624752	1.0
ARHGAP26	4.46969696969697	1.931907190857211e-123	0.6213846	0.0
UBE2G2	6.575757575757576	1.0	0.08643195	1.0
TNFSF4	5.045454545454546	5.449835677091945e-53	0.23547801	1.079847271609121e-11
MRFAP1L1	6.106060606060606	1.0	0.076365285	1.0
HSP90B1	5.621212121212121	6.787535082773471e-10	0.51640105	0.0
FSHB	8.045454545454545	1.0	0.069777235	1.0
TSACC	7.863636363636363	1.0	0.07052123	1.0
PDK1	6.863636363636363	1.0	0.24087979	7.340554955012494e-15
VTN	5.4393939393939394	7.15071135886857e-20	0.42914426	3.914254780556683e-284
RPL26	15.0	1.0	0.08121816	1.0
TCEAL1	4.924242424242424	5.985953570968111e-66	0.12542626	1.0
MALT1	4.46969696969697	1.931907190857211e-123	0.6167168	0.0
ITFG2	4.96969696969697	5.9836842956166486e-61	0.4024818	1.9096569874887964e-236
PRDM4	4.090909090909091	7.431731658940583e-179	0.5770176	0.0
RASSF1	4.090909090909091	7.431731658940583e-179	0.1956771	1.0
ZNF398	3.984848484848485	3.796242806180348e-195	0.43802527	4.181767218116813e-300
TOM1L2	5.106060606060606	5.774871996982557e-47	0.41219643	9.468102864840127e-254
PHYH	15.0	1.0	0.13179587	1.0
ATP5G3	7.742424242424242	1.0	0.09349477	1.0
FGG	7.318181818181818	1.0	0.36741075	1.958509906944248e-175
IFNG	5.409090909090909	7.050991745134946e-22	0.10536048	1.0
RBBP9	4.378787878787879	2.851091925485961e-136	0.24638566	1.7110978863986535e-18
CFHR1	11.787878787878787	1.0	0.13471927	1.0
RAB13	4.045454545454546	8.293864890908537e-186	0.27946714	2.799318299524832e-48
WNT7B	12.712121212121213	1.0	0.14200337	1.0
DCTPP1	5.924242424242424	0.19929500119739843	0.1191487	1.0
C11orf16	5.242424242424242	1.363714314520086e-34	0.35467508	3.578061052551124e-154
NME3	4.9393939393939394	2.8876096295366594e-64	0.14904772	1.0
CSN1S1	4.863636363636363	7.461555813357348e-73	0.16369589	1.0
FERD3L	5.045454545454546	5.449835677091945e-53	0.17466442	1.0
AP5Z1	5.4393939393939394	7.15071135886857e-20	0.5375631	0.0
RGS13	6.818181818181818	1.0	0.12720816	1.0
PYY	15.0	1.0	0.050294805	1.0
CDK18	5.454545454545454	6.638801559632507e-19	0.42397007	7.721275804208369e-275
GPBP1	4.2727272727272725	1.2235597067539176e-151	0.43653446	2.0074360598486522e-297
SDC4	4.257575757575758	7.351715149052645e-154	0.24675776	9.412721591665173e-19
CYP11A1	6.348484848484849	1.0	0.1482089	1.0
LIN7C	5.454545454545454	6.638801559632507e-19	0.20251904	0.5086802043880481
UBE2G1	5.378787878787879	5.596677988813906e-24	0.12723632	1.0
ARL3	5.015151515151516	4.0682418292930166e-56	0.16167848	1.0
NEK3	4.5606060606060606	5.400493616127032e-111	0.45093435	0.0
HIST1H2AC	6.03030303030303	1.0	0.07791691	1.0
NTSR1	5.984848484848484	0.6713958573583418	0.20737839	0.11219381426567951
LGALS7	6.848484848484849	1.0	0.07699494	1.0
MYL12A	5.242424242424242	1.363714314520086e-34	0.1728444	1.0
CRADD	4.333333333333333	8.36973431338001e-143	0.23210306	6.505019833129526e-10
TROAP	6.090909090909091	1.0	0.073386095	1.0
CSRP2	4.484848484848484	2.430993042715581e-121	0.21021315	0.033857287838439415
TEX37	5.166666666666667	2.93824026063579e-41	0.17320573	1.0
PAN3	5.181818181818182	6.9932454275569265e-40	0.6027534	0.0
TNIK	4.696969696969697	3.895072545540908e-93	0.68823653	0.0
C16orf80	4.363636363636363	1.9296931071479538e-138	0.25866312	5.23333439730876e-28
IFT57	5.0	1.0403022436148605e-57	0.2636593	2.0444302586911172e-32
ZMYND10	6.015151515151516	0.9432481883172866	0.27791986	1.3261729084905173e-46
INSRR	4.666666666666667	5.190235199322125e-97	0.67310846	0.0
CDC20	4.515151515151516	3.593818462139579e-117	0.30459738	7.916989996270318e-79
CDK2AP2	5.606060606060606	1.3777219093908933e-10	0.06386955	1.0
ADAM33	5.409090909090909	7.050991745134946e-22	0.53241396	0.0
CBFB	4.515151515151516	3.593818462139579e-117	0.21827531	0.00028682619743926503
PFDN2	5.242424242424242	1.363714314520086e-34	0.07242282	1.0
PYGM	6.2272727272727275	1.0	0.3286618	4.500707932607673e-113
FHL3	4.636363636363637	6.063285131315225e-101	0.07826478	1.0
DUSP10	4.03030303030303	3.9142803071732094e-188	0.48843163	0.0
FADD	3.9393939393939394	3.3887978519689985e-202	-0.06913409	1.0
HBZ	6.575757575757576	1.0	0.07980681	1.0
CLSPN	4.121212121212121	2.993933330416968e-174	0.7032283	0.0
IQCG	6.212121212121212	1.0	0.22582005	5.095281438916641e-07
ANGPTL3	5.484848484848484	4.837331664837387e-17	0.47017956	0.0
KCNG3	15.0	1.0	0.2659208	1.6474918980576744e-34
ADAM9	5.484848484848484	4.837331664837387e-17	0.570119	0.0
NPM3	5.015151515151516	4.0682418292930166e-56	0.21005638	0.03637287976086739
GMFG	8.212121212121213	1.0	0.091319546	1.0
MBD6	5.878787878787879	0.04703166165001248	0.32296073	1.378543303795332e-104
CETN2	5.5	3.7842004657943047e-16	0.14992817	1.0
IL1RN	6.621212121212121	1.0	0.101578265	1.0
WIZ	6.333333333333333	1.0	0.5752825	0.0
POMP	6.166666666666667	1.0	0.06222274	1.0
MT2A	15.0	1.0	0.04837081	1.0
SCOC	5.4393939393939394	7.15071135886857e-20	0.10888185	1.0
C9orf9	5.909090909090909	0.1300519624973496	0.14207676	1.0
VEGFB	5.287878787878788	7.485477606395389e-31	0.32090256	1.4177976436985599e-101
UQCRB	5.696969696969697	8.135574001437365e-07	0.07620364	1.0
KPTN	5.454545454545454	6.638801559632507e-19	0.25013626	3.397221760237623e-21
TCAP	4.666666666666667	5.190235199322125e-97	0.13307771	1.0
IGJ	5.651515151515151	1.3838745592303982e-08	0.11439205	1.0
CAMK2D	4.46969696969697	1.931907190857211e-123	0.40799838	2.938755231547497e-246
GREM2	7.045454545454546	1.0	0.12208329	1.0
GSTM4	3.878787878787879	1.2284127079251473e-211	0.25549766	2.264554153950502e-25
RAC2	4.651515151515151	5.700658646082387e-99	0.117623575	1.0
OCM2	7.863636363636363	1.0	0.060908593	1.0
GTF2F1	3.9696969696969697	1.7009092593290584e-197	0.44795206	5.839767e-318
ANXA7	4.257575757575758	7.351715149052645e-154	0.44360733	3.80343302050667e-310
PRKRIP1	4.5606060606060606	5.400493616127032e-111	0.19854143	1.0
MXD1	4.136363636363637	5.900348408278667e-172	0.17125578	1.0
MEIS3	5.545454545454546	1.2939466289206966e-13	0.20138825	0.6590649221092493
UTP3	4.621212121212121	6.241076737412368e-103	0.43337962	9.487217798746276e-292
C5orf25	4.818181818181818	3.3485901111930753e-78	0.35030448	4.976750283457353e-147
POGZ	4.424242424242424	8.234322370316294e-130	0.6687276	0.0
SCIN	5.136363636363637	4.541988465132742e-44	0.38257578	1.8542130455067754e-201
RGS7	6.075757575757576	1.0	0.41528454	2.863068344290459e-259
ERBB2IP	3.757575757575758	1.1434317634623256e-230	0.6615452	0.0
H1F0	4.636363636363637	6.063285131315225e-101	0.20704676	0.12706819545564488
C16orf70	5.954545454545454	0.4021808346106391	0.18080689	1.0
CCDC112	5.46969696969697	5.8303237583507375e-18	0.32557225	1.8986630288454165e-108
RGL4	4.848484848484849	1.2797706148193189e-74	0.44662383	1.42180154e-315
TAGLN	4.318181818181818	5.3259981484645446e-145	0.26432824	4.984165500934273e-33
GABARAPL2	5.96969696969697	0.5313972993119761	0.034592755	1.0
MED30	6.454545454545454	1.0	0.12950319	1.0
CDH3	4.181818181818182	4.0396039921142017e-165	0.6119999	0.0
OXT	6.878787878787879	1.0	0.060611673	1.0
TBX19	4.9393939393939394	2.8876096295366594e-64	0.3480674	2.0869063754117798e-143
PPIL1	4.7727272727272725	1.0830356453634325e-83	0.15977904	1.0
GPX1	4.484848484848484	2.430993042715581e-121	0.23953591	4.8936256462401576e-14
VAMP7	6.2272727272727275	1.0	0.120327376	1.0
CHN2	4.2272727272727275	2.4241998747786866e-158	0.4612231	0.0
RHOD	3.893939393939394	2.855528363833788e-209	0.29739738	1.8036223887271666e-69
TIFAB	5.833333333333333	0.0067181671876451274	0.08207246	1.0
TACR2	5.909090909090909	0.1300519624973496	0.17161964	1.0
ARL2BP	5.696969696969697	8.135574001437365e-07	0.08085525	1.0
RHOC	4.787878787878788	7.589866940626278e-82	0.20529763	0.23228414591246926
SFTPD	10.651515151515152	1.0	0.14859477	1.0
PTN	4.121212121212121	2.993933330416968e-174	-0.19557393	1.0
RGMA	6.03030303030303	1.0	0.34977525	3.5949997331325067e-146
CREBBP	3.3230769230769233	9.051136722782306e-300	-0.13924173	1.0
ZNF581	4.96969696969697	5.9836842956166486e-61	0.2195759	0.00010968396025848919
TIMM13	6.681818181818182	1.0	0.052912258	1.0
TM4SF1	4.348484848484849	1.2952202012909316e-140	0.15645552	1.0
FNDC5	6.045454545454546	1.0	0.047124047	1.0
SPRR3	11.030303030303031	1.0	0.12021154	1.0
RAD51C	6.863636363636363	1.0	0.07569115	1.0
HNRNPUL1	3.9545454545454546	7.665781365813323e-200	0.6433675	0.0
FTH1	5.212121212121212	3.4266830986446446e-37	0.18418775	1.0
SYT17	5.303030303030303	1.1955487594189794e-29	0.4297905	2.7032269649123723e-285
IP6K1	7.2272727272727275	1.0	0.2694316	7.041395388698339e-38
IFNGR1	4.46969696969697	1.931907190857211e-123	0.4858607	0.0
AP4E1	5.53030303030303	1.9631201286694676e-14	0.46397343	0.0
MEAF6	5.2272727272727275	7.038927224180759e-36	0.260917	5.850595869757745e-30
ASCL2	4.818181818181818	3.3485901111930753e-78	0.21919751	0.00014590785391288089
PAX3	4.590909090909091	6.15075884339598e-107	0.43201527	2.6969308338944877e-289
RPL36	6.636363636363637	1.0	0.05543818	1.0
CHGA	6.893939393939394	1.0	0.21866031	0.00021691587375554665
APOA2	7.984848484848484	1.0	0.037494514	1.0
FKBP3	3.9393939393939394	3.3887978519689985e-202	0.3318946	5.610779285617079e-118
CYBA	4.484848484848484	2.430993042715581e-121	0.19657975	1.0
PKNOX1	4.878787878787879	4.201267031456755e-71	0.22472486	1.4300894130237168e-06
PPP1R2	3.9696969696969697	1.7009092593290584e-197	0.22281244	7.912178007698093e-06
ARPC3	5.151515151515151	1.1784022048920932e-42	0.0687009	1.0
TDGF1	5.2727272727272725	4.464690473874677e-32	0.116477676	1.0
AGRP	15.0	1.0	0.05989653	1.0
ADAM28	6.090909090909091	1.0	0.42807636	3.2534462615804066e-282
PTP4A3	5.696969696969697	8.135574001437365e-07	0.107558586	1.0
SSFA2	5.333333333333333	2.600528747744788e-27	0.6307493	0.0
IL32	8.757575757575758	1.0	0.06805007	1.0
RPS7	5.575757575757576	4.742374516777844e-12	0.19638239	1.0
KIAA1609	5.757575757575758	8.110867378945913e-05	0.2559283	1.0091610779959971e-25
TPD52L3	9.303030303030303	1.0	0.06793063	1.0
ARL15	4.7727272727272725	1.0830356453634325e-83	0.17832235	1.0
ATG12	7.909090909090909	1.0	0.06055246	1.0
REG1B	6.212121212121212	1.0	0.09614983	1.0
SOCS1	4.151515151515151	1.1446109044602285e-169	-0.006219229	1.0
CHMP7	4.848484848484849	1.2797706148193189e-74	0.32722273	6.530292485782641e-111
RSL24D1	6.075757575757576	1.0	0.102378085	1.0
LSM11	12.242424242424242	1.0	0.13549753	1.0
USP40	5.4393939393939394	7.15071135886857e-20	0.6394322	0.0
HCLS1	4.666666666666667	5.190235199322125e-97	0.47691524	0.0
LCN2	7.515151515151516	1.0	0.2096208	0.04432309021115465
UCN2	15.0	1.0	0.061289325	1.0
ZSWIM7	7.863636363636363	1.0	0.07715225	1.0
ZNF295	4.363636363636363	1.9296931071479538e-138	0.6609843	0.0
COG7	15.0	1.0	0.3112623	7.045476636982968e-88
FAM82A2	4.212121212121212	1.3452563711804457e-160	0.47271845	0.0
SLC9A1	3.878787878787879	1.2284127079251473e-211	0.6108701	0.0
CTAG1B	15.0	1.0	0.08662221	1.0
BMP3	7.681818181818182	1.0	0.45719853	0.0
CCL25	9.151515151515152	1.0	0.086147964	1.0
PTP4A1	4.742424242424242	2.0112480802320904e-87	0.13892458	1.0
RCVRN	4.545454545454546	4.834723743239444e-113	0.21006402	0.03625322167155026
ELAVL4	7.242424242424242	1.0	0.16715261	1.0
HSPB8	3.8484848484848486	2.263719495264942e-216	0.24017015	2.012993362741214e-14
ZNF580	5.984848484848484	0.6713958573583418	0.14836892	1.0
ZDHHC6	15.0	1.0	0.16712287	1.0
AKIRIN2	5.393939393939394	6.482752192123682e-23	0.20196114	0.5799663437756621
ASCL4	5.2727272727272725	4.464690473874677e-32	0.114007376	1.0
DYNLT1	6.984848484848484	1.0	0.044341702	1.0
DCTN2	5.257575757575758	2.532355208930679e-33	0.160114	1.0
EIF4A3	6.424242424242424	1.0	0.18340744	1.0
RNASEL	15.0	1.0	0.24394639	7.797148269877291e-17
PRDX2	4.803030303030303	5.12655010797389e-80	0.21011008	0.03550240264366091
UBE2M	5.303030303030303	1.1955487594189794e-29	0.19141014	1.0
TLL1	9.727272727272727	1.0	0.1554223	1.0
DYRK1A	3.757575757575758	1.1434317634623256e-230	0.49525735	0.0
PLIN2	5.9393939393939394	0.29042308693009067	0.21367404	0.005620047638641796
CLIC5	4.454545454545454	1.4842317088682658e-125	0.25051737	1.7632754396720565e-21
VLDLR	5.151515151515151	1.1784022048920932e-42	0.6351661	0.0
DBI	15.0	1.0	0.054817565	1.0
HIST1H2BB	7.575757575757576	1.0	0.067261495	1.0
F7	8.712121212121213	1.0	0.2925678	1.8670839472821479e-63
AFAP1L2	4.287878787878788	2.0335762994395374e-149	0.5963124	0.0
BMPR1B	4.196969696969697	7.408854155105656e-163	-0.028445514	1.0
AGPAT6	6.196969696969697	1.0	0.33432722	1.0395137517981186e-121
RFK	5.621212121212121	6.787535082773471e-10	0.08318958	1.0
DNMT3A	4.106060606060606	1.5042150568912314e-176	0.5173116	0.0
DPP4	7.833333333333333	1.0	0.21866283	0.00021657229916885345
DAO	6.636363636363637	1.0	0.119378544	1.0
EPM2A	15.0	1.0	0.12816006	1.0
ZMYND11	3.787878787878788	6.691875806829089e-226	0.46447727	0.0
TAF10	4.53030303030303	4.226910827537424e-115	0.06386435	1.0
PTTG1	3.772727272727273	2.8003122703195513e-228	0.16956039	1.0
ATP5H	5.484848484848484	4.837331664837387e-17	0.08048529	1.0
DRD5	5.2727272727272725	4.464690473874677e-32	0.3620018	2.5005598631748092e-166
SUPV3L1	4.954545454545454	1.3430778973097058e-62	0.42104942	1.3410394216397081e-269
CGA	7.045454545454546	1.0	0.031172033	1.0
MATK	4.136363636363637	5.900348408278667e-172	0.51341534	0.0
APH1A	4.742424242424242	2.0112480802320904e-87	0.17301275	1.0
BAG2	4.287878787878788	2.0335762994395374e-149	0.23845945	2.1516387164678083e-13
TRIM11	4.803030303030303	5.12655010797389e-80	0.4097965	1.8240408059814818e-249
SLC12A4	5.075757575757576	6.148878058809979e-50	0.5306147	0.0
FGF18	5.242424242424242	1.363714314520086e-34	0.15941685	1.0
FGF8	5.242424242424242	1.363714314520086e-34	0.15941685	1.0
HMGB2	3.9242424242424243	1.4883845906973111e-204	0.20753016	0.10585786969322036
POLE3	5.363636363636363	4.575487144392107e-25	0.052006345	1.0
BRD2	4.590909090909091	6.15075884339598e-107	0.5706793	0.0
HSPB7	4.848484848484849	1.2797706148193189e-74	0.081401184	1.0
STIL	4.409090909090909	5.914786475214866e-132	0.6508187	0.0
FGF4	5.242424242424242	1.363714314520086e-34	0.15365317	1.0
GPHN	4.909090909090909	1.1939958588792523e-67	0.41732657	6.334010896817111e-263
EFNA4	5.242424242424242	1.363714314520086e-34	0.19905293	1.0
PMF1	4.5606060606060606	5.400493616127032e-111	0.22449932	1.760378998720784e-06
ISG15	5.863636363636363	0.026010289548509757	0.070635766	1.0
CNBP	5.424242424242424	7.304939763549693e-21	0.097975425	1.0
PI4K2B	5.181818181818182	6.9932454275569265e-40	0.3970786	7.056291843088409e-227
AHSP	15.0	1.0	0.054981377	1.0
CLTA	4.0606060606060606	1.739805437553857e-183	0.20247184	0.514510439853286
HAND2	4.121212121212121	2.993933330416968e-174	0.15202646	1.0
CLU	6.151515151515151	1.0	0.22230971	1.2160832310555487e-05
AP1G2	6.318181818181818	1.0	0.48176613	0.0
RGS16	6.0	0.8130487145366784	0.16623162	1.0
IFNA2	5.03030303030303	1.5255864629947634e-54	0.19594873	1.0
HESX1	4.7272727272727275	2.5869665633246372e-89	0.14911394	1.0
SEMA4G	5.348484848484849	3.543656868901738e-26	0.5486755	0.0
CCHCR1	5.424242424242424	7.304939763549693e-21	0.38793743	8.314698211658556e-211
ARHGDIA	4.378787878787879	2.851091925485961e-136	0.25892842	3.105835688190893e-28
AGR3	7.696969696969697	1.0	0.100163996	1.0
CSH1	3.727272727272727	1.8809940959048096e-235	0.3176999	5.98164310806934e-97
MYL3	4.348484848484849	1.2952202012909316e-140	0.23194478	7.81525383068831e-10
YAF2	4.7272727272727275	2.5869665633246372e-89	0.16231936	1.0
MOCS3	6.5606060606060606	1.0	0.22990467	7.732027210188504e-09
CENPBD1	6.348484848484849	1.0	0.14044175	1.0
CTCF	3.878787878787879	1.2284127079251473e-211	0.6293981	0.0
SRPX2	7.015151515151516	1.0	0.31973404	7.037748497567547e-100
ESR2	3.757575757575758	1.1434317634623256e-230	-0.002816447	1.0
RHOJ	3.6666666666666665	4.818447051986087e-245	0.27264813	4.331214997528063e-41
PDAP1	4.848484848484849	1.2797706148193189e-74	0.17650147	1.0
PISD	15.0	1.0	0.14277253	1.0
ABCD3	10.166666666666666	1.0	0.5086274	0.0
ACP6	7.212121212121212	1.0	0.18661769	1.0
JPH2	7.136363636363637	1.0	0.059568435	1.0
RPL24	7.878787878787879	1.0	0.085706405	1.0
IGSF1	5.333333333333333	2.600528747744788e-27	0.6985775	0.0
GP1BB	4.287878787878788	2.0335762994395374e-149	0.22984336	8.26552024124413e-09
BAK1	4.621212121212121	6.241076737412368e-103	0.13630126	1.0
KPNA2	3.6818181818181817	1.1853923178705118e-242	0.06914098	1.0
PPP1R1A	5.0606060606060606	1.868647141764226e-51	0.0872283	1.0
GLTSCR2	5.090909090909091	1.923470993656941e-48	0.3698157	1.6240133719106613e-179
FUNDC2	5.121212121212121	1.65394062595959e-45	0.18118468	1.0
KIF15	4.333333333333333	8.36973431338001e-143	0.70578384	0.0
UQCRC2	6.803030303030303	1.0	0.29235134	3.4324996372859386e-63
CLEC4A	5.015151515151516	4.0682418292930166e-56	0.22804281	5.568113441679981e-08
BRI3	15.0	1.0	0.06959593	1.0
HAND1	4.363636363636363	1.9296931071479538e-138	0.19239385	1.0
PSMA5	5.166666666666667	2.93824026063579e-41	0.1707649	1.0
SOCS3	4.181818181818182	4.0396039921142017e-165	0.08124254	1.0
HIST1H2BN	6.7272727272727275	1.0	0.063234836	1.0
RALA	4.909090909090909	1.1939958588792523e-67	0.1666411	1.0
GSTO1	4.393939393939394	4.1588243918237506e-134	0.28488123	2.4247237966706725e-54
SMARCD1	3.787878787878788	6.691875806829089e-226	0.50199187	0.0
CDH19	15.0	1.0	0.47017553	0.0
LYZ	10.045454545454545	1.0	0.06993704	1.0
SYT7	6.287878787878788	1.0	0.35074833	9.453677163900889e-148
SNAPIN	7.5	1.0	0.049257286	1.0
RNASE6	6.7727272727272725	1.0	0.08118343	1.0
TUBGCP3	5.075757575757576	6.148878058809979e-50	0.6088777	0.0
GLP1R	5.803030303030303	0.0013690958295525335	0.2398727	3.059034054687359e-14
BHLHE41	4.606060606060606	6.280766027761081e-105	0.40778413	7.079124924461604e-246
TESC	4.818181818181818	3.3485901111930753e-78	0.13057524	1.0
MMP20	8.590909090909092	1.0	0.31569767	4.2708578749752905e-94
HIST1H2AB	7.575757575757576	1.0	0.066328675	1.0
ZFAND6	4.424242424242424	8.234322370316294e-130	0.24963154	8.043765931375206e-21
LSM10	13.242424242424242	1.0	0.054672632	1.0
CTSH	8.545454545454545	1.0	0.10706833	1.0
BLOC1S2	7.5	1.0	0.05370869	1.0
KAT6A	4.363636363636363	1.9296931071479538e-138	0.70249236	0.0
ACVR2A	5.7727272727272725	0.0002205579338264052	0.36120048	5.469296953838297e-165
YES1	4.242424242424242	4.2660456775394e-156	0.16871443	1.0
ARL4C	5.409090909090909	7.050991745134946e-22	0.20197444	0.5784628774624517
ARL14	4.787878787878788	7.589866940626278e-82	0.20902602	0.05751420389404468
EHMT2	5.333333333333333	2.600528747744788e-27	0.39480844	7.128798803058775e-223
SLC50A1	10.333333333333334	1.0	0.11580955	1.0
CORT	10.333333333333334	1.0	0.03927484	1.0
ACR	15.0	1.0	0.2368372	1.8736700321712912e-12
CST5	9.545454545454545	1.0	0.07121221	1.0
OTC	6.651515151515151	1.0	0.13157213	1.0
FGF9	5.242424242424242	1.363714314520086e-34	0.15696263	1.0
PSMC3IP	3.8636363636363638	5.309754525883307e-214	0.3157935	3.12528736069392e-94
CCBP2	8.181818181818182	1.0	0.060533766	1.0
AFG3L2	6.863636363636363	1.0	0.33443794	7.021992873197879e-122
TRIM3	4.484848484848484	2.430993042715581e-121	0.59106743	0.0
IQCB1	5.409090909090909	7.050991745134946e-22	0.24932078	1.3632529584315807e-20
GP9	5.2727272727272725	4.464690473874677e-32	0.084168464	1.0
RIPK2	4.378787878787879	2.851091925485961e-136	0.23480305	2.519589223215167e-11
FGF12	5.090909090909091	1.923470993656941e-48	0.12499262	1.0
PSMC6	5.954545454545454	0.4021808346106391	0.14120057	1.0
CIB1	4.454545454545454	1.4842317088682658e-125	0.0729512	1.0
SPTLC1	6.196969696969697	1.0	0.28291303	4.210045736871362e-52
CABP1	5.363636363636363	4.575487144392107e-25	0.2063154	0.1653239590492077
CD79B	4.590909090909091	6.15075884339598e-107	0.29130366	6.438579378308894e-62
RELT	15.0	1.0	0.19606951	1.0
EID2	3.8333333333333335	9.335542196331431e-219	0.36199424	2.5735837770989297e-166
NUP62CL	4.954545454545454	1.3430778973097058e-62	0.10285513	1.0
GPX7	5.409090909090909	7.050991745134946e-22	0.16906953	1.0
LOXL3	15.0	1.0	0.29285708	8.270270557597943e-64
FABP5	5.954545454545454	0.4021808346106391	0.05804732	1.0
SPG7	5.2272727272727275	7.038927224180759e-36	0.39866653	1.1022091667556349e-229
SAR1A	5.151515151515151	1.1784022048920932e-42	0.21296065	0.008390762936472283
C10orf10	5.409090909090909	7.050991745134946e-22	0.23148894	1.3194727724663707e-09
TSEN15	6.636363636363637	1.0	0.051558834	1.0
C20orf20	4.363636363636363	1.9296931071479538e-138	0.15723635	1.0
BMP5	7.954545454545454	1.0	0.21257983	0.010320575189301025
TNFRSF13C	5.545454545454546	1.2939466289206966e-13	0.14963184	1.0
CD55	15.0	1.0	0.1375945	1.0
BNIP3	4.681818181818182	4.566391540340071e-95	0.19340749	1.0
KLC3	4.0606060606060606	1.739805437553857e-183	0.49687305	0.0
JAKMIP2	5.848484848484849	0.01364731693088985	0.4724837	0.0
CTLA4	4.393939393939394	4.1588243918237506e-134	0.28516555	1.1435508002246661e-54
RAB30	4.545454545454546	4.834723743239444e-113	0.22574694	5.465181826760486e-07
NCS1	5.136363636363637	4.541988465132742e-44	0.118568435	1.0
PPIL3	6.5	1.0	0.064561844	1.0
NEU1	15.0	1.0	0.15251599	1.0
ALDOA	15.0	1.0	0.21643391	0.0010220642148921874
CTF1	5.090909090909091	1.923470993656941e-48	0.20310521	0.4387893317795409
LIF	5.090909090909091	1.923470993656941e-48	0.20310521	0.4387893317795409
CSNK2B	3.3181818181818183	1.5140200550259545e-300	-0.093720205	1.0
SRY	3.909090909090909	6.631144541376156e-207	0.2473085	3.859795817869831e-19
CYB5A	15.0	1.0	0.048743878	1.0
HTR7	7.621212121212121	1.0	0.26544744	4.567906065435329e-34
TPD52L1	8.303030303030303	1.0	0.04797624	1.0
ACVR2B	5.378787878787879	5.596677988813906e-24	0.25983632	5.132703595888329e-29
HOXB7	3.909090909090909	6.631144541376156e-207	0.27233362	9.034678766325682e-41
HMGB1	3.621212121212121	2.8697289860358173e-252	-0.08127162	1.0
CCDC53	5.212121212121212	3.4266830986446446e-37	0.106517404	1.0
CBX2	5.393939393939394	6.482752192123682e-23	0.22179267	1.87781833733766e-05
PI4KB	4.181818181818182	4.0396039921142017e-165	0.4838542	0.0
MST1R	3.6515151515151514	1.916297134297963e-247	0.58212835	0.0
EHBP1	6.090909090909091	1.0	0.54767716	0.0
GCOM1	5.090909090909091	1.923470993656941e-48	0.11664813	1.0
GNB5	7.954545454545454	1.0	0.13084146	1.0
ZNF594	6.0606060606060606	1.0	0.37105134	1.2785700217490002e-181
PRIMA1	15.0	1.0	0.082318425	1.0
CLEC3B	6.742424242424242	1.0	0.17985065	1.0
CIB2	4.696969696969697	3.895072545540908e-93	0.18880966	1.0
DOK3	4.318181818181818	5.3259981484645446e-145	0.3483204	8.145961782379867e-144
KCNMB1	5.954545454545454	0.4021808346106391	0.18622704	1.0
MAGEH1	4.2727272727272725	1.2235597067539176e-151	0.21136981	0.019342936958867088
TP53BP1	3.757575757575758	1.1434317634623256e-230	0.51210946	0.0
RNF5	5.575757575757576	4.742374516777844e-12	0.09964786	1.0
PDGFA	5.696969696969697	8.135574001437365e-07	0.18240638	1.0
CCDC50	4.803030303030303	5.12655010797389e-80	0.39802164	1.5218403702277596e-228
PTHLH	5.833333333333333	0.0067181671876451274	0.072891645	1.0
PCNP	5.090909090909091	1.923470993656941e-48	0.07505576	1.0
FOXN3	7.2272727272727275	1.0	0.26151207	1.744750451031567e-30
ZNF622	4.863636363636363	7.461555813357348e-73	0.39089808	5.3872838623416973e-216
SSX4	4.621212121212121	6.241076737412368e-103	0.17500253	1.0
BCL2L2	4.5	2.987526822932176e-119	0.14556989	1.0
PSMC1	5.545454545454546	1.2939466289206966e-13	0.167957	1.0
ING1	3.590909090909091	4.482079897318998e-257	0.12332188	1.0
RAB27A	5.121212121212121	1.65394062595959e-45	0.039402816	1.0
TNFAIP8L1	5.424242424242424	7.304939763549693e-21	0.14328243	1.0
RAB25	4.454545454545454	1.4842317088682658e-125	0.15842997	1.0
PGRMC1	5.515151515151516	2.804737320536277e-15	0.20220806	0.5481035254907476
CD19	4.2272727272727275	2.4241998747786866e-158	0.426968	3.1873389362885685e-280
SSTR1	9.333333333333334	1.0	0.1468223	1.0
NACA	4.696969696969697	3.895072545540908e-93	0.21911383	0.00015532196552183464
RAB2B	4.106060606060606	1.5042150568912314e-176	0.28071386	1.1982104289000057e-49
SLC9A3	5.863636363636363	0.026010289548509757	0.5779831	0.0
MSH6	4.121212121212121	2.993933330416968e-174	0.68958694	0.0
HYAL2	4.651515151515151	5.700658646082387e-99	0.3413049	1.3287868550980113e-132
NOC4L	5.46969696969697	5.8303237583507375e-18	0.4490497	6.2153e-320
INSL3	15.0	1.0	0.09267108	1.0
GOSR2	5.954545454545454	0.4021808346106391	0.16832829	1.0
ITGB3BP	3.893939393939394	2.855528363833788e-209	0.28842017	1.8220863750427777e-58
UCHL1	3.8636363636363638	5.309754525883307e-214	0.25181416	1.833745680147925e-22
CD3D	5.5	3.7842004657943047e-16	0.06672245	1.0
DLGAP5	4.696969696969697	3.895072545540908e-93	0.60862684	0.0
SIGLEC14	15.0	1.0	0.15349138	1.0
EFNA2	5.257575757575758	2.532355208930679e-33	0.18756217	1.0
BTF3	4.287878787878788	2.0335762994395374e-149	0.18655121	1.0
CD200	15.0	1.0	0.09668696	1.0
WNK1	3.909090909090909	6.631144541376156e-207	0.6810591	0.0
LCP2	4.333333333333333	8.36973431338001e-143	0.15388294	1.0
ACVR1C	6.151515151515151	1.0	0.18908463	1.0
SPINK7	7.984848484848484	1.0	0.03976182	1.0
GFER	4.363636363636363	1.9296931071479538e-138	0.19848725	1.0
ASH2L	4.484848484848484	2.430993042715581e-121	0.4689691	0.0
POLM	4.863636363636363	7.461555813357348e-73	0.40029958	1.4160132272127974e-232
MYOG	4.2727272727272725	1.2235597067539176e-151	0.17853785	1.0
BCAR3	5.03030303030303	1.5255864629947634e-54	0.52304655	0.0
SLC12A2	15.0	1.0	0.5335272	0.0
CAV3	6.136363636363637	1.0	0.06278093	1.0
TELO2	4.484848484848484	2.430993042715581e-121	0.56794435	0.0
NDRG1	4.712121212121212	3.234126539505369e-91	-0.00891064	1.0
HCFC1	4.212121212121212	1.3452563711804457e-160	0.5636494	0.0
OSTF1	4.9393939393939394	2.8876096295366594e-64	0.23999892	2.562070105094295e-14
KCNA1	5.2727272727272725	4.464690473874677e-32	0.45644882	0.0
SIKE1	5.121212121212121	1.65394062595959e-45	0.20988822	0.03928131419450135
PTTG1IP	4.7727272727272725	1.0830356453634325e-83	0.080523476	1.0
MNS1	5.242424242424242	1.363714314520086e-34	0.3545471	5.8009243802468383e-154
LTF	10.045454545454545	1.0	0.19931093	0.9743999924861514
CNTF	4.9393939393939394	2.8876096295366594e-64	0.18783043	1.0
HSPBAP1	5.121212121212121	1.65394062595959e-45	0.37309653	4.101764447849306e-185
KIAA0664	6.666666666666667	1.0	0.6325548	0.0
BACE2	5.545454545454546	1.2939466289206966e-13	0.33583736	4.814175598926957e-124
ASIP	15.0	1.0	0.03776276	1.0
OLR1	4.7727272727272725	1.0830356453634325e-83	0.12594338	1.0
RIT2	4.212121212121212	1.3452563711804457e-160	0.20805338	0.08618409179107409
TFEB	4.7272727272727275	2.5869665633246372e-89	0.34493637	2.2398144684443653e-138
IGF1	6.53030303030303	1.0	0.042214055	1.0
RABEP1	5.409090909090909	7.050991745134946e-22	0.6037596	0.0
COG4	15.0	1.0	0.35350516	2.9791086557300578e-152
CSRP1	5.151515151515151	1.1784022048920932e-42	0.17135544	1.0
GSTP1	4.166666666666667	2.1673241151360944e-167	0.19371915	1.0
COPZ1	7.742424242424242	1.0	0.08827822	1.0
RPL21	6.0606060606060606	1.0	0.06888882	1.0
HPCAL4	5.090909090909091	1.923470993656941e-48	0.11579459	1.0
MPP6	6.015151515151516	0.9432481883172866	0.24713218	5.141427539944547e-19
SSPN	15.0	1.0	0.062122677	1.0
PPP3CA	4.212121212121212	1.3452563711804457e-160	0.23364952	1.0385006292030875e-10
SIRPB1	15.0	1.0	0.15315844	1.0
NPY1R	15.0	1.0	0.1401219	1.0
RRAS	4.4393939393939394	1.1179237737721773e-127	0.23670466	2.2278212724475327e-12
CIT	4.621212121212121	6.241076737412368e-103	0.69685835	0.0
DRAP1	4.393939393939394	4.1588243918237506e-134	0.16964367	1.0
YWHAQ	3.4545454545454546	7.596371136203158e-279	-0.14246821	1.0
BLOC1S1	7.5	1.0	0.05048987	1.0
HPCA	5.121212121212121	1.65394062595959e-45	0.19421656	1.0
FGF17	5.242424242424242	1.363714314520086e-34	0.15185308	1.0
EPO	5.166666666666667	2.93824026063579e-41	0.18508127	1.0
GOPC	6.848484848484849	1.0	0.19794965	1.0
KLF11	3.742424242424242	4.647503459395832e-233	0.49497002	0.0
SSX3	6.121212121212121	1.0	0.06897324	1.0
PAFAH1B3	3.8484848484848486	2.263719495264942e-216	-0.01411893	1.0
ZMYM6	4.651515151515151	5.700658646082387e-99	0.6537507	0.0
DLX4	7.303030303030303	1.0	0.07836207	1.0
WDR18	7.090909090909091	1.0	0.1701651	1.0
TK1	3.8484848484848486	2.263719495264942e-216	0.17727841	1.0
PIGK	15.0	1.0	0.14200796	1.0
MBD3L1	5.393939393939394	6.482752192123682e-23	0.14977917	1.0
MEA1	6.196969696969697	1.0	0.0959596	1.0
PYGB	5.151515151515151	1.1784022048920932e-42	0.55447495	0.0
NRTN	4.924242424242424	5.985953570968111e-66	0.15775706	1.0
EEF1A2	5.181818181818182	6.9932454275569265e-40	0.20659786	0.14957422912959423
NPFF	15.0	1.0	0.048574906	1.0
KCNN4	15.0	1.0	0.16420574	1.0
DAOA	7.636363636363637	1.0	0.054534957	1.0
NDUFB8	4.878787878787879	4.201267031456755e-71	0.09728466	1.0
XCL2	15.0	1.0	0.052387647	1.0
ADRA1A	6.666666666666667	1.0	0.20960346	0.044659766369785255
MET	3.923076923076923	1.051269217677449e-204	0.42215815	1.3744854676714264e-271
C19orf60	5.4393939393939394	7.15071135886857e-20	0.19586432	1.0
DNAJC5	6.2272727272727275	1.0	0.1284391	1.0
DPM3	15.0	1.0	0.042073388	1.0
CDK5RAP1	4.606060606060606	6.280766027761081e-105	0.42340538	7.941718069732907e-274
RPL13	6.242424242424242	1.0	0.1210283	1.0
HBA1	8.878787878787879	1.0	0.067747235	1.0
MEIS1	5.045454545454546	5.449835677091945e-53	0.0142848315	1.0
MXI1	4.181818181818182	4.0396039921142017e-165	0.21887194	0.00018580122848263906
DRD1	6.0	0.8130487145366784	0.16624331	1.0
BMP2	6.045454545454546	1.0	0.10344414	1.0
CSN3	4.484848484848484	2.430993042715581e-121	0.104897276	1.0
SKP1	4.863636363636363	7.461555813357348e-73	-0.09734795	1.0
TRIM21	5.2272727272727275	7.038927224180759e-36	0.21951272	0.00011506845277916302
AES	4.5606060606060606	5.400493616127032e-111	0.075730994	1.0
TIMP3	7.590909090909091	1.0	0.17571321	1.0
SNX22	5.424242424242424	7.304939763549693e-21	0.14151731	1.0
MCC	5.0606060606060606	1.868647141764226e-51	0.5053384	0.0
CDC42EP2	4.757575757575758	1.4989734955504187e-85	0.19530998	1.0
TLR5	5.606060606060606	1.3777219093908933e-10	0.6128769	0.0
RNF183	5.9393939393939394	0.29042308693009067	0.096711695	1.0
GADD45GIP1	4.136363636363637	5.900348408278667e-172	0.23020571	5.560739113806251e-09
FAM13C	5.5	3.7842004657943047e-16	0.41046467	1.1704084094479392e-250
PSMB9	4.484848484848484	2.430993042715581e-121	0.24211836	1.211682401181141e-15
ELP2	4.212121212121212	1.3452563711804457e-160	0.6325257	0.0
SPA17	15.0	1.0	0.064387314	1.0
NLRP1	4.5	2.987526822932176e-119	0.68795276	0.0
STXBP6	6.257575757575758	1.0	0.18227138	1.0
NKD2	5.954545454545454	0.4021808346106391	0.17358273	1.0
HES6	4.121212121212121	2.993933330416968e-174	0.25336853	1.1392770616004906e-23
KRT16	5.666666666666667	5.7023465843776827e-08	0.22545831	7.187425640381436e-07
SSTR4	10.333333333333334	1.0	0.1373859	1.0
C19orf43	5.742424242424242	2.8116884309810437e-05	0.07352875	1.0
MCM3AP	15.0	1.0	0.3388617	9.29459241177721e-129
STAU1	4.666666666666667	5.190235199322125e-97	0.19555338	1.0
CCT7	4.393939393939394	4.1588243918237506e-134	0.47165465	0.0
NUP98	4.409090909090909	5.914786475214866e-132	0.6309636	0.0
IFNW1	5.0606060606060606	1.868647141764226e-51	0.12760107	1.0
FAM100A	6.181818181818182	1.0	0.09154211	1.0
THAP1	4.621212121212121	6.241076737412368e-103	0.1492101	1.0
RUSC1	4.833333333333333	2.107807229110395e-76	0.35603088	2.0934131600674985e-156
TPRKB	4.954545454545454	1.3430778973097058e-62	0.0536553	1.0
KPNA1	4.46969696969697	1.931907190857211e-123	0.45967358	0.0
CPSF3L	5.136363636363637	4.541988465132742e-44	0.3110705	1.2979332353327938e-87
MICB	15.0	1.0	0.13877273	1.0
NOL3	4.454545454545454	1.4842317088682658e-125	0.20220293	0.5486383318554515
POLR2E	5.090909090909091	1.923470993656941e-48	0.06926355	1.0
GRM3	4.606060606060606	6.280766027761081e-105	0.63064504	0.0
C20orf27	6.03030303030303	1.0	0.09439053	1.0
MXD3	4.848484848484849	1.2797706148193189e-74	0.16494532	1.0
FRK	4.393939393939394	4.1588243918237506e-134	0.43784386	8.864430567152236e-300
TIRAP	5.0	1.0403022436148605e-57	0.17911573	1.0
ZG16B	5.409090909090909	7.050991745134946e-22	0.19690548	1.0
DFNA5	5.121212121212121	1.65394062595959e-45	0.37370774	3.6860361868865825e-186
TMEM11	5.681818181818182	2.220023745055577e-07	0.07882276	1.0
IDH3G	15.0	1.0	0.13340376	1.0
PLEKHG2	4.590909090909091	6.15075884339598e-107	0.6815058	0.0
PTPRM	4.03030303030303	3.9142803071732094e-188	0.6809621	0.0
CAMP	7.242424242424242	1.0	0.08787133	1.0
CREG1	4.303030303030303	3.33264627763135e-147	0.3080951	1.5595524416630871e-83
SYNC	7.2272727272727275	1.0	0.30567035	2.9218052700641723e-80
ASL	7.242424242424242	1.0	0.2618405	8.921529331159327e-31
PTGER2	15.0	1.0	0.10833826	1.0
RHOH	5.378787878787879	5.596677988813906e-24	0.07702676	1.0
IL2RB	4.0	8.378388133182956e-193	0.22483355	1.2932664783526358e-06
PRDX6	4.666666666666667	5.190235199322125e-97	0.2131316	0.007636589972401908
TXNDC9	4.318181818181818	5.3259981484645446e-145	0.23037006	4.640338383887785e-09
TMED2	4.924242424242424	5.985953570968111e-66	0.12133346	1.0
RPS9	4.954545454545454	1.3430778973097058e-62	0.09317885	1.0
PWP1	4.787878787878788	7.589866940626278e-82	0.40477028	1.638640061980462e-240
LAMP2	15.0	1.0	0.14897363	1.0
CLDN1	6.0	0.8130487145366784	0.17941424	1.0
MEF2D	4.015151515151516	1.8150337481646768e-190	0.48290887	0.0
PIWIL1	8.0	1.0	0.47176242	0.0
SUMF2	4.7727272727272725	1.0830356453634325e-83	0.18440284	1.0
HIST1H3G	15.0	1.0	0.057885543	1.0
NME4	5.348484848484849	3.543656868901738e-26	0.1121171	1.0
NCF2	4.4393939393939394	1.1179237737721773e-127	0.47156295	0.0
POR	15.0	1.0	0.16682133	1.0
TAF4B	4.363636363636363	1.9296931071479538e-138	0.58190626	0.0
DIABLO	4.5	2.987526822932176e-119	0.10943109	1.0
VIP	5.787878787878788	0.0005657379213339365	0.06800705	1.0
PSMB2	5.166666666666667	2.93824026063579e-41	0.15927625	1.0
TICAM2	4.651515151515151	5.700658646082387e-99	0.06624323	1.0
GCGR	6.378787878787879	1.0	0.20318507	0.4298493303428393
RPL13A	6.045454545454546	1.0	0.111344606	1.0
DDX6	4.909090909090909	1.1939958588792523e-67	0.33152157	2.0817899351179295e-117
RANBP1	4.878787878787879	4.201267031456755e-71	0.11025624	1.0
CDC34	4.03030303030303	3.9142803071732094e-188	0.10852452	1.0
SLC7A8	15.0	1.0	0.15812944	1.0
MAD2L2	5.575757575757576	4.742374516777844e-12	0.20866069	0.06715839311501341
SRRT	4.318181818181818	5.3259981484645446e-145	0.6219739	0.0
RBP2	6.318181818181818	1.0	0.052498784	1.0
GDF5	6.0	0.8130487145366784	0.3963387	1.427304632243352e-225
SEPT8	4.984848484848484	2.5536481937036903e-59	0.21653484	0.0009561941179938352
IDH3B	15.0	1.0	0.13275313	1.0
RUFY3	5.257575757575758	2.532355208930679e-33	0.39702624	8.729367744290391e-227
DUSP14	5.5	3.7842004657943047e-16	0.1069807	1.0
PRRG2	5.166666666666667	2.93824026063579e-41	0.16079427	1.0
APBB3	4.7272727272727275	2.5869665633246372e-89	0.402779	5.664102752837713e-237
VGLL4	4.712121212121212	3.234126539505369e-91	0.18386188	1.0
CALB2	4.818181818181818	3.3485901111930753e-78	0.10242687	1.0
AK1	4.848484848484849	1.2797706148193189e-74	0.08383825	1.0
ATP6V0C	7.848484848484849	1.0	0.06314834	1.0
UBE2E3	4.606060606060606	6.280766027761081e-105	0.08136246	1.0
NME1	4.46969696969697	1.931907190857211e-123	0.034849506	1.0
RAB11B	6.075757575757576	1.0	0.11016715	1.0
DR1	5.378787878787879	5.596677988813906e-24	0.07481897	1.0
C11orf58	8.181818181818182	1.0	0.08618295	1.0
RGS19	6.0606060606060606	1.0	0.13575964	1.0
EVI5	6.4393939393939394	1.0	0.27767956	2.4009228985611532e-46
PTRH2	5.5606060606060606	8.070067712540837e-13	0.07488611	1.0
CCDC11	5.348484848484849	3.543656868901738e-26	0.40023595	1.8344951896365283e-232
RCAN2	5.212121212121212	3.4266830986446446e-37	0.10941208	1.0
SIRPA	4.712121212121212	3.234126539505369e-91	0.4705989	0.0
CAMKK1	3.8333333333333335	9.335542196331431e-219	0.45802796	0.0
LPP	6.045454545454546	1.0	0.20842111	0.07422649836058297
TRIT1	6.696969696969697	1.0	0.191116	1.0
SOSTDC1	7.0	1.0	0.110409126	1.0
PKM	6.106060606060606	1.0	0.37896633	3.3154937774677098e-195
CORO1B	5.954545454545454	0.4021808346106391	0.2422774	9.585837732483144e-16
YAE1D1	4.424242424242424	8.234322370316294e-130	0.25601107	8.636669274327596e-26
ZNF91	15.0	1.0	0.39877456	7.097449638801901e-230
ARL4A	4.681818181818182	4.566391540340071e-95	0.15500854	1.0
NUDT14	4.378787878787879	2.851091925485961e-136	0.24020715	1.9112752280117644e-14
C3AR1	10.151515151515152	1.0	0.45769617	0.0
CHCHD3	5.424242424242424	7.304939763549693e-21	0.23215964	6.091920721763824e-10
DCC	3.9393939393939394	3.3887978519689985e-202	0.6705978	0.0
CALCA	15.0	1.0	0.048482537	1.0
RPP25	15.0	1.0	0.0956724	1.0
VSTM2L	5.151515151515151	1.1784022048920932e-42	0.17265114	1.0
GALR1	15.0	1.0	0.11460489	1.0
CORO2A	4.636363636363637	6.063285131315225e-101	0.43822643	1.818556196208883e-300
CLTB	3.9242424242424243	1.4883845906973111e-204	0.21731496	0.0005645018946611517
GCG	5.96969696969697	0.5313972993119761	0.045964055	1.0
DHFR	5.287878787878788	7.485477606395389e-31	0.07147698	1.0
REEP6	8.303030303030303	1.0	0.08290172	1.0
ADAR	4.893939393939394	2.282999105755518e-69	0.6731655	0.0
PRICKLE1	4.803030303030303	5.12655010797389e-80	0.4376708	1.8151331127808603e-299
OPRL1	8.742424242424242	1.0	0.11999639	1.0
TMCO6	5.878787878787879	0.04703166165001248	0.2863469	4.920621339445537e-56
RYBP	4.803030303030303	5.12655010797389e-80	0.20589444	0.19098114009663855
HINFP	4.863636363636363	7.461555813357348e-73	0.44069168	6.683727935690179e-305
EMP3	15.0	1.0	0.0784242	1.0
EFNA5	5.106060606060606	5.774871996982557e-47	0.18668686	1.0
APOBEC3C	6.984848484848484	1.0	0.103202306	1.0
PDCD6IP	5.166666666666667	2.93824026063579e-41	0.59722346	0.0
TSPAN3	5.181818181818182	6.9932454275569265e-40	0.11315516	1.0
PPIF	4.878787878787879	4.201267031456755e-71	0.11013975	1.0
RORA	4.2272727272727275	2.4241998747786866e-158	0.41357732	3.2314456989142574e-256
LIN7A	5.045454545454546	5.449835677091945e-53	0.14843298	1.0
WDYHV1	5.2727272727272725	4.464690473874677e-32	0.07317859	1.0
INPP5D	4.46969696969697	1.931907190857211e-123	0.009130506	1.0
RNMT	4.681818181818182	4.566391540340071e-95	0.3479613	3.0954341497574385e-143
TNNC2	8.393939393939394	1.0	0.06287302	1.0
ORM1	6.96969696969697	1.0	0.1057381	1.0
NPTX1	15.0	1.0	0.16588807	1.0
MTA3	4.7272727272727275	2.5869665633246372e-89	0.43747485	4.08455255063234e-299
HIST1H1E	5.46969696969697	5.8303237583507375e-18	0.1880108	1.0
CCNL2	4.363636363636363	1.9296931071479538e-138	0.18220626	1.0
ARMC7	5.96969696969697	0.5313972993119761	0.083095714	1.0
WASF3	4.621212121212121	6.241076737412368e-103	0.46780816	0.0
BAAT	15.0	1.0	0.1386729	1.0
OMP	5.848484848484849	0.01364731693088985	0.046243075	1.0
MON1A	6.196969696969697	1.0	0.3373851	1.8939316978085047e-126
TINAG	5.681818181818182	2.220023745055577e-07	0.1958991	1.0
RAB8A	5.545454545454546	1.2939466289206966e-13	0.059022546	1.0
PSMD10	4.151515151515151	1.1446109044602285e-169	0.21455872	0.0033392630753911073
P2RX3	15.0	1.0	0.12886274	1.0
MUC20	4.863636363636363	7.461555813357348e-73	0.37031224	2.3219331002794226e-180
SSR3	6.803030303030303	1.0	0.072617546	1.0
CDT1	4.4393939393939394	1.1179237737721773e-127	0.46988058	0.0
C7	11.151515151515152	1.0	0.4509079	0.0
DGCR6L	5.515151515151516	2.804737320536277e-15	0.18088314	1.0
MRPS34	5.893939393939394	0.08040728585071569	0.21595119	0.0014010127229097363
SLC9A3R2	4.9393939393939394	2.8876096295366594e-64	-0.057431463	1.0
NCR3	5.409090909090909	7.050991745134946e-22	0.11966765	1.0
DDIT4	4.606060606060606	6.280766027761081e-105	0.21867539	0.00021469614257980824
RAB33B	4.46969696969697	1.931907190857211e-123	0.2137049	0.005522283191977461
TM2D1	5.545454545454546	1.2939466289206966e-13	0.141183	1.0
PPP3CC	4.4393939393939394	1.1179237737721773e-127	0.44795644	5.738217e-318
GABARAP	6.621212121212121	1.0	0.023401665	1.0
TSC2	3.3692307692307693	1.9434957980290573e-292	0.47168276	0.0
SHOX	4.212121212121212	1.3452563711804457e-160	0.23261127	3.591318597156394e-10
EDN2	5.7727272727272725	0.0002205579338264052	0.05854647	1.0
COPA	5.409090909090909	7.050991745134946e-22	0.5294222	0.0
RAB3B	6.545454545454546	1.0	0.11189906	1.0
EDNRA	6.363636363636363	1.0	0.09365943	1.0
NBL1	5.742424242424242	2.8116884309810437e-05	0.14390187	1.0
TXNRD2	4.7272727272727275	2.5869665633246372e-89	0.41742966	4.142480592115995e-263
OIP5	4.378787878787879	2.851091925485961e-136	0.2407957	8.276151630618786e-15
ORC2	5.2272727272727275	7.038927224180759e-36	0.20946401	0.047518979707601335
PDHA1	6.863636363636363	1.0	0.13423048	1.0
TOMM20	5.651515151515151	1.3838745592303982e-08	0.04132215	1.0
SNTG1	6.787878787878788	1.0	0.36306542	4.129076904127824e-168
NQO1	3.909090909090909	6.631144541376156e-207	0.20874485	0.06483946243455804
ZC4H2	6.181818181818182	1.0	0.1053053	1.0
DPCD	5.045454545454546	5.449835677091945e-53	0.08311756	1.0
IL6	4.848484848484849	1.2797706148193189e-74	0.14999084	1.0
ARHGDIG	4.590909090909091	6.15075884339598e-107	0.21346524	0.006331472049098498
ERO1LB	8.712121212121213	1.0	0.19992714	0.8764234416117719
UBB	3.484848484848485	5.445536279761997e-274	-0.08517447	1.0
TMEM139	4.803030303030303	5.12655010797389e-80	0.17280059	1.0
KATNA1	4.893939393939394	2.282999105755518e-69	0.3346751	3.0260298897729156e-122
ASF1A	5.242424242424242	1.363714314520086e-34	0.038440462	1.0
POLE2	4.363636363636363	1.9296931071479538e-138	0.46109322	0.0
PRUNE	5.46969696969697	5.8303237583507375e-18	0.16594408	1.0
SSR2	15.0	1.0	0.10376117	1.0
AEBP2	5.166666666666667	2.93824026063579e-41	0.34059957	1.723558417995558e-131
EDC3	4.181818181818182	4.0396039921142017e-165	0.44877145	1.96786e-319
EPHX2	5.787878787878788	0.0005657379213339365	0.19116135	1.0
TCTEX1D4	6.7272727272727275	1.0	0.19347087	1.0
C8orf33	4.7272727272727275	2.5869665633246372e-89	0.19453388	1.0
SPINT2	8.530303030303031	1.0	0.08123665	1.0
TIMP4	7.590909090909091	1.0	0.16599429	1.0
ADAM23	5.666666666666667	5.7023465843776827e-08	0.35314274	1.1671752201253902e-151
ARL11	5.757575757575758	8.110867378945913e-05	0.106572635	1.0
SCNM1	5.454545454545454	6.638801559632507e-19	0.21667068	0.0008738145262672262
VPREB3	15.0	1.0	0.046860944	1.0
BICD2	4.984848484848484	2.5536481937036903e-59	0.46321538	0.0
GAL	15.0	1.0	0.04455525	1.0
CACNB1	4.909090909090909	1.1939958588792523e-67	0.3926667	4.2104978941216934e-219
NSL1	5.484848484848484	4.837331664837387e-17	0.1395408	1.0
TPT1	5.863636363636363	0.026010289548509757	0.05069304	1.0
IL37	6.621212121212121	1.0	0.051366698	1.0
SNAP25	5.863636363636363	0.026010289548509757	0.009359222	1.0
RWDD4	6.5	1.0	0.06926723	1.0
CGB5	8.045454545454545	1.0	0.06268092	1.0
DLST	6.2727272727272725	1.0	0.050025508	1.0
NCR1	5.393939393939394	6.482752192123682e-23	0.12510686	1.0
TRAF3	4.545454545454546	4.834723743239444e-113	-0.023269884	1.0
CDK5RAP3	4.0	8.378388133182956e-193	0.4398496	2.185592637691059e-303
AKT1S1	3.878787878787879	1.2284127079251473e-211	0.2731097	1.4655204092845496e-41
VPS29	5.4393939393939394	7.15071135886857e-20	0.07049275	1.0
ECM1	5.181818181818182	6.9932454275569265e-40	0.46428594	0.0
DUS2L	6.045454545454546	1.0	0.22205722	1.5052947928012056e-05
KDELR1	5.924242424242424	0.19929500119739843	0.11615218	1.0
IL36RN	7.863636363636363	1.0	0.047808345	1.0
PDIA5	5.409090909090909	7.050991745134946e-22	0.37739062	1.7314253953202549e-192
RPGRIP1	5.954545454545454	0.4021808346106391	0.5941671	0.0
RAB14	5.681818181818182	2.220023745055577e-07	0.13885233	1.0
TUBB3	7.287878787878788	1.0	0.097677834	1.0
CEACAM1	4.106060606060606	1.5042150568912314e-176	0.46507484	0.0
TIMP2	7.590909090909091	1.0	0.14494552	1.0
TMED1	4.090909090909091	7.431731658940583e-179	0.23480912	2.501273182534555e-11
PRPF19	5.606060606060606	1.3777219093908933e-10	0.22598147	4.3618806937763913e-07
CD70	6.045454545454546	1.0	0.065130405	1.0
BOK	5.5	3.7842004657943047e-16	0.13511167	1.0
PLXDC1	7.242424242424242	1.0	0.34761465	1.1215913787781733e-142
GUCA1A	15.0	1.0	0.15106076	1.0
NMRK2	4.803030303030303	5.12655010797389e-80	0.17293625	1.0
BLOC1S6	6.5	1.0	0.032306172	1.0
DEFA1	15.0	1.0	0.039464798	1.0
DEFA3	15.0	1.0	0.039464798	1.0
ADCYAP1R1	5.045454545454546	5.449835677091945e-53	0.2764173	5.3093870857304996e-45
EDARADD	5.96969696969697	0.5313972993119761	0.09171312	1.0
C2orf18	6.393939393939394	1.0	0.0885137	1.0
CERS2	6.848484848484849	1.0	0.11088562	1.0
NCAM2	5.666666666666667	5.7023465843776827e-08	0.35343003	3.953473840238968e-152
MAP4K3	5.121212121212121	1.65394062595959e-45	0.5746149	0.0
CYB561D2	5.257575757575758	2.532355208930679e-33	0.1936686	1.0
STMN4	5.393939393939394	6.482752192123682e-23	0.22361262	3.921995793276081e-06
FAM46A	5.636363636363637	3.1603395062496015e-09	0.13487335	1.0
IFNAR1	4.0606060606060606	1.739805437553857e-183	0.27776426	1.947964323720328e-46
GSC2	4.954545454545454	1.3430778973097058e-62	0.07436408	1.0
GORASP2	6.045454545454546	1.0	0.10006875	1.0
SYCP3	5.9393939393939394	0.29042308693009067	0.018452073	1.0
RSF1	4.4393939393939394	1.1179237737721773e-127	0.6809335	0.0
BNIP3L	4.681818181818182	4.566391540340071e-95	0.13956702	1.0
PFKM	6.53030303030303	1.0	0.35590467	3.379723693733778e-156
DPYSL2	4.075757575757576	3.621754795530252e-181	0.48028234	0.0
DUSP23	8.5	1.0	0.054875605	1.0
DDX11	4.681818181818182	4.566391540340071e-95	0.5683983	0.0
CDC7	4.5606060606060606	5.400493616127032e-111	0.34316248	1.5123106583645928e-135
TNNC1	6.787878787878788	1.0	0.040976513	1.0
FAM173A	4.212121212121212	1.3452563711804457e-160	0.19645734	1.0
LGALS1	15.0	1.0	0.049291193	1.0
NTS	6.96969696969697	1.0	0.0650464	1.0
NEK11	5.378787878787879	5.596677988813906e-24	0.42009118	7.037030081218871e-268
HSPB1	4.9393939393939394	2.8876096295366594e-64	0.07564917	1.0
TNFSF18	6.045454545454546	1.0	0.06514681	1.0
TMEM9B	7.0	1.0	0.09029585	1.0
UGP2	6.090909090909091	1.0	0.24023896	1.8280172577755255e-14
RAB27B	6.818181818181818	1.0	0.12288553	1.0
BAG6	5.212121212121212	3.4266830986446446e-37	0.23051484	3.954178332745931e-09
NOSTRIN	5.454545454545454	6.638801559632507e-19	0.23471805	2.7998628981824652e-11
ZNF238	5.075757575757576	6.148878058809979e-50	0.44087023	3.192641001326105e-305
CRHBP	15.0	1.0	0.09544731	1.0
GRB10	3.5606060606060606	6.279138206492591e-262	0.32499212	1.3807427279902636e-107
HARS	5.0606060606060606	1.868647141764226e-51	0.34701437	1.0395225829206398e-141
HBEGF	6.121212121212121	1.0	0.095702484	1.0
PDP2	4.378787878787879	2.851091925485961e-136	0.42386514	1.1901910115232748e-274
AVP	6.5606060606060606	1.0	0.031756815	1.0
SSTR3	10.333333333333334	1.0	0.13396059	1.0
CABP2	4.818181818181818	3.3485901111930753e-78	0.18001948	1.0
ANGPT4	5.409090909090909	7.050991745134946e-22	0.35457623	5.199311201951869e-154
AP3D1	7.7727272727272725	1.0	0.37037224	1.8357175912048227e-180
SNTG2	5.909090909090909	0.1300519624973496	0.40622476	4.2323773206201243e-243
GLRB	5.909090909090909	0.1300519624973496	0.18606985	1.0
MGMT	3.6818181818181817	1.1853923178705118e-242	0.34919745	3.1075369854065713e-145
ADCYAP1	6.045454545454546	1.0	0.05954159	1.0
COX4I2	6.909090909090909	1.0	0.062174544	1.0
CD9	5.651515151515151	1.3838745592303982e-08	0.06815892	1.0
RGS11	8.954545454545455	1.0	0.16468596	1.0
MTTP	6.575757575757576	1.0	0.53210753	0.0
UNC5CL	4.333333333333333	8.36973431338001e-143	0.46087778	0.0
NRSN2	6.333333333333333	1.0	0.123762235	1.0
ECT2	4.787878787878788	7.589866940626278e-82	0.5864741	0.0
STEAP3	5.136363636363637	4.541988465132742e-44	0.20698225	0.13006694667787677
CLDN3	5.984848484848484	0.6713958573583418	0.12497454	1.0
TAF1L	4.53030303030303	4.226910827537424e-115	0.6683295	0.0
IMPDH2	3.787878787878788	6.691875806829089e-226	0.45473757	0.0
ANG	6.878787878787879	1.0	0.043685477	1.0
MKL1	4.333333333333333	8.36973431338001e-143	0.6416869	0.0
RAB4A	5.46969696969697	5.8303237583507375e-18	0.13049401	1.0
VANGL2	5.03030303030303	1.5255864629947634e-54	0.38623524	7.85550864554702e-208
UACA	4.909090909090909	1.1939958588792523e-67	0.6650525	0.0
SERTAD1	4.666666666666667	5.190235199322125e-97	0.19533746	1.0
FBXW11	4.106060606060606	1.5042150568912314e-176	0.48780096	0.0
COPZ2	7.196969696969697	1.0	0.0910065	1.0
FGD6	4.333333333333333	8.36973431338001e-143	0.67175037	0.0
CDSN	5.409090909090909	7.050991745134946e-22	0.37707397	6.083211966690096e-192
TMEM222	6.181818181818182	1.0	0.11841073	1.0
RAB17	4.803030303030303	5.12655010797389e-80	0.11623716	1.0
NRF1	6.0606060606060606	1.0	0.19460072	1.0
CAT	4.757575757575758	1.4989734955504187e-85	0.4461084	1.2013485276e-314
PCID2	5.712121212121212	2.8086318893086953e-06	0.11670625	1.0
PPP1R12B	5.606060606060606	1.3777219093908933e-10	0.109633856	1.0
SCARF1	6.5	1.0	0.33180872	7.587816148875887e-118
ABCF1	6.2272727272727275	1.0	0.35342282	4.061018746670231e-152
GAL3ST1	15.0	1.0	0.14894779	1.0
TSNAXIP1	7.03030303030303	1.0	0.15006085	1.0
KRT5	5.393939393939394	6.482752192123682e-23	0.4343385	1.793151695508035e-293
HSPA4L	6.242424242424242	1.0	0.39001623	1.900363255605268e-214
CYP19A1	5.5606060606060606	8.070067712540837e-13	0.19029792	1.0
BLOC1S5	8.5	1.0	0.050358213	1.0
PARD3	3.9242424242424243	1.4883845906973111e-204	0.3950196	3.0266566178852587e-223
GPRC5C	7.742424242424242	1.0	0.20354466	0.39036964217678494
BMP6	6.075757575757576	1.0	0.2681585	1.217228157006529e-36
PDXDC1	15.0	1.0	0.2207311	4.4564750798874707e-05
CPNE1	4.7727272727272725	1.0830356453634325e-83	0.35393673	5.835238227317818e-153
ENAH	4.303030303030303	3.33264627763135e-147	0.29174882	1.8572633767662266e-62
PTK2B	3.742424242424242	4.647503459395832e-233	0.0088892905	1.0
GH1	5.4393939393939394	7.15071135886857e-20	0.09641037	1.0
C6orf25	4.742424242424242	2.0112480802320904e-87	0.26691893	1.8777783087561638e-35
FASTK	5.106060606060606	5.774871996982557e-47	0.36448398	1.7080842510910116e-170
PSMB3	5.166666666666667	2.93824026063579e-41	0.074126825	1.0
EXOSC4	6.2272727272727275	1.0	-0.036799416	1.0
VSNL1	6.075757575757576	1.0	0.06280917	1.0
TMED10	5.621212121212121	6.787535082773471e-10	0.06698161	1.0
GMNN	4.909090909090909	1.1939958588792523e-67	0.03855359	1.0
HIP1	4.015151515151516	1.8150337481646768e-190	0.51161677	0.0
UBE2E1	5.757575757575758	8.110867378945913e-05	0.055936627	1.0
SNRPB2	5.287878787878788	7.485477606395389e-31	0.15267205	1.0
HSPB9	7.984848484848484	1.0	0.053675536	1.0
GRK1	4.46969696969697	1.931907190857211e-123	0.19109312	1.0
ALS2CR12	6.606060606060606	1.0	0.1480578	1.0
NTNG1	15.0	1.0	0.20117562	0.6890835510723559
RPS8	5.712121212121212	2.8086318893086953e-06	0.1058543	1.0
RAB3C	6.545454545454546	1.0	0.1225022	1.0
GRP	15.0	1.0	0.05047457	1.0
HTR2A	7.045454545454546	1.0	0.096406594	1.0
ARL4D	4.848484848484849	1.2797706148193189e-74	0.030915484	1.0
HEBP2	6.106060606060606	1.0	0.07602668	1.0
LMO2	4.893939393939394	2.282999105755518e-69	0.049190033	1.0
NPC2	15.0	1.0	0.05281058	1.0
NEUROG1	4.212121212121212	1.3452563711804457e-160	0.28764558	1.4923475714872496e-57
CCDC134	5.409090909090909	7.050991745134946e-22	0.18900964	1.0
CLDN6	6.015151515151516	0.9432481883172866	0.14402607	1.0
TRIM39	5.181818181818182	6.9932454275569265e-40	0.1522736	1.0
CYP2E1	15.0	1.0	0.18201008	1.0
FTSJ3	5.121212121212121	1.65394062595959e-45	0.44250327	3.6835729088829833e-308
VANGL1	4.818181818181818	3.3485901111930753e-78	0.4613378	0.0
RAPGEF3	5.106060606060606	5.774871996982557e-47	0.6015558	0.0
ORC6	5.318181818181818	1.8111998406309878e-28	0.13800514	1.0
MPHOSPH8	5.0	1.0403022436148605e-57	0.5054564	0.0
SF3B2	4.03030303030303	3.9142803071732094e-188	0.6162812	0.0
UCN	15.0	1.0	0.041655354	1.0
CRCP	15.0	1.0	0.050866984	1.0
TRIP10	3.696969696969697	3.006258229506499e-240	0.4959103	0.0
LURAP1	5.484848484848484	4.837331664837387e-17	0.06414917	1.0
KLF6	3.9545454545454546	7.665781365813323e-200	0.089175135	1.0
EIF3K	6.303030303030303	1.0	0.0936335	1.0
USH1G	10.121212121212121	1.0	0.15192743	1.0
FAM96B	7.242424242424242	1.0	0.058157727	1.0
BACH2	5.818181818181818	0.0031247077582926205	0.31602955	1.4446875158118017e-94
RAB5C	6.136363636363637	1.0	0.07640188	1.0
RGS1	5.666666666666667	5.7023465843776827e-08	0.070054434	1.0
RNASE2	15.0	1.0	0.053297564	1.0
CHAC1	5.984848484848484	0.6713958573583418	0.111832276	1.0
PIGU	15.0	1.0	0.14217019	1.0
RNF141	4.787878787878788	7.589866940626278e-82	0.19960567	0.9274176186716826
RND3	4.984848484848484	2.5536481937036903e-59	0.12450309	1.0
PRL	5.424242424242424	7.304939763549693e-21	0.08294886	1.0
PARP1	3.772727272727273	2.8003122703195513e-228	0.12969024	1.0
RPL10A	5.303030303030303	1.1955487594189794e-29	0.10209081	1.0
RPL14	6.242424242424242	1.0	0.07774532	1.0
TFPI2	6.893939393939394	1.0	0.16272171	1.0
ERAS	4.878787878787879	4.201267031456755e-71	0.25689185	1.6199073734763895e-26
YKT6	6.363636363636363	1.0	0.081400864	1.0
INO80C	5.121212121212121	1.65394062595959e-45	0.17003858	1.0
NDUFB10	8.045454545454545	1.0	0.057280604	1.0
GRPEL2	4.7727272727272725	1.0830356453634325e-83	0.11518301	1.0
TBPL1	5.954545454545454	0.4021808346106391	0.054340012	1.0
IFIT1	15.0	1.0	0.1758247	1.0
SUCLG2	10.424242424242424	1.0	0.13150805	1.0
IL23A	6.924242424242424	1.0	0.06538807	1.0
SLC8A2	4.121212121212121	2.993933330416968e-174	0.6278232	0.0
MOB1A	6.181818181818182	1.0	0.10027264	1.0
LAD1	5.318181818181818	1.8111998406309878e-28	0.4558909	0.0
AZI2	5.03030303030303	1.5255864629947634e-54	0.20212805	0.5583656332821302
FAM156A	6.015151515151516	0.9432481883172866	0.1114045	1.0
RHBDF1	5.954545454545454	0.4021808346106391	0.3166518	1.8826810901094907e-95
MAPK15	4.166666666666667	2.1673241151360944e-167	0.47062334	0.0
THEM4	4.045454545454546	8.293864890908537e-186	0.22036406	5.962783614400004e-05
MAL2	9.303030303030303	1.0	0.054829337	1.0
FDX1	5.348484848484849	3.543656868901738e-26	0.054363698	1.0
TOP3B	5.196969696969697	1.5845634300765288e-38	0.53940964	0.0
MED19	6.454545454545454	1.0	0.050725166	1.0
SOCS6	4.075757575757576	3.621754795530252e-181	0.48653638	0.0
CDK19	5.924242424242424	0.19929500119739843	0.18711331	1.0
MATN1	7.651515151515151	1.0	0.36660773	4.4737322402460185e-174
CD84	5.5	3.7842004657943047e-16	0.075386316	1.0
INSIG2	4.681818181818182	4.566391540340071e-95	0.23727642	1.0519032833815718e-12
CEP170	4.363636363636363	1.9296931071479538e-138	0.6649701	0.0
GJB2	4.575757575757576	5.853914984634287e-109	0.09657192	1.0
UCN3	15.0	1.0	0.05287265	1.0
NMBR	15.0	1.0	0.11305317	1.0
MLLT1	5.090909090909091	1.923470993656941e-48	0.30008224	6.609065645743786e-73
EDNRB	5.454545454545454	6.638801559632507e-19	0.32589966	6.180806098519027e-109
CNOT7	4.075757575757576	3.621754795530252e-181	0.10879167	1.0
LYPLA2	5.242424242424242	1.363714314520086e-34	0.15757604	1.0
RAI2	4.954545454545454	1.3430778973097058e-62	0.39391845	2.634229322603477e-221
CARD9	5.045454545454546	5.449835677091945e-53	0.44619235	8.48696653e-315
MUTYH	4.515151515151516	3.593818462139579e-117	0.46291152	0.0
GRM8	4.181818181818182	4.0396039921142017e-165	0.6255579	0.0
PLIN1	4.590909090909091	6.15075884339598e-107	0.36079344	2.6137346376018423e-164
IL18	5.303030303030303	1.1955487594189794e-29	0.04411029	1.0
KSR2	3.909090909090909	6.631144541376156e-207	0.62092286	0.0
RPE	6.257575757575758	1.0	0.13268727	1.0
UBR4	5.424242424242424	7.304939763549693e-21	0.6158356	0.0
POT1	5.681818181818182	2.220023745055577e-07	0.2396144	4.387650281837209e-14
MED29	6.454545454545454	1.0	0.100128464	1.0
C22orf46	4.015151515151516	1.8150337481646768e-190	0.22719787	1.3147638562699748e-07
CLDN8	6.015151515151516	0.9432481883172866	0.14296494	1.0
CDK17	4.0606060606060606	1.739805437553857e-183	0.4738589	0.0
TGIF2	3.9696969696969697	1.7009092593290584e-197	0.30163026	6.456354403078242e-75
GMCL1	4.7272727272727275	2.5869665633246372e-89	0.33271337	3.137334762408118e-119
PDCD10	5.2727272727272725	4.464690473874677e-32	0.08411923	1.0
GZMB	4.196969696969697	7.408854155105656e-163	0.13552547	1.0
PMS2	6.090909090909091	1.0	0.44299123	4.882247914836434e-309
RAB31	7.303030303030303	1.0	0.07657603	1.0
PHKB	5.287878787878788	7.485477606395389e-31	0.43532506	3.017598867905823e-295
VBP1	6.2272727272727275	1.0	0.059835717	1.0
BLOC1S3	8.5	1.0	0.06789983	1.0
POP4	15.0	1.0	0.10075839	1.0
TUBGCP2	5.909090909090909	0.1300519624973496	0.5046898	0.0
ASF1B	6.045454545454546	1.0	0.00746011	1.0
UMPS	5.757575757575758	8.110867378945913e-05	0.15506482	1.0
CHMP5	15.0	1.0	0.04348967	1.0
DNAJC30	7.136363636363637	1.0	0.11274969	1.0
PNKP	5.636363636363637	3.1603395062496015e-09	0.34298792	2.862012331690786e-135
RAB37	6.454545454545454	1.0	0.09700847	1.0
CLIC3	4.848484848484849	1.2797706148193189e-74	0.18695469	1.0
STAM	4.681818181818182	4.566391540340071e-95	0.4438448	1.42140796307784e-310
P4HA2	7.181818181818182	1.0	0.29973388	1.8587721571473065e-72
TRAPPC2L	15.0	1.0	0.04409032	1.0
TREX2	4.984848484848484	2.5536481937036903e-59	0.13980508	1.0
PDGFB	5.651515151515151	1.3838745592303982e-08	0.14758246	1.0
RAMP2	15.0	1.0	0.0591828	1.0
FLT3LG	5.515151515151516	2.804737320536277e-15	0.12085457	1.0
SRP14	7.454545454545454	1.0	0.039467897	1.0
CPSF1	5.53030303030303	1.9631201286694676e-14	0.6943145	0.0
U2AF1	5.136363636363637	4.541988465132742e-44	0.09567655	1.0
NRXN2	6.0	0.8130487145366784	0.6882466	0.0
ZNF136	5.4393939393939394	7.15071135886857e-20	0.3818846	2.935964403127274e-200
PVRL2	4.954545454545454	1.3430778973097058e-62	0.40031022	1.3564432765194015e-232
PRND	9.787878787878787	1.0	0.055371948	1.0
RIMS1	6.348484848484849	1.0	0.45265526	0.0
ACAN	7.590909090909091	1.0	0.61837137	0.0
CCNL1	5.121212121212121	1.65394062595959e-45	0.39179996	1.4051112864333018e-217
SOBP	6.0606060606060606	1.0	0.31242722	1.6967683428579384e-89
KRT7	5.575757575757576	4.742374516777844e-12	0.13600007	1.0
PRKD2	5.196969696969697	1.5845634300765288e-38	0.56506157	0.0
HTR3A	5.909090909090909	0.1300519624973496	0.29219684	5.296705437975596e-63
IKZF2	5.015151515151516	4.0682418292930166e-56	0.3968162	2.0493504547171416e-226
EEF1B2	5.075757575757576	6.148878058809979e-50	0.21867345	0.00021494510580935409
PPIL2	4.2272727272727275	2.4241998747786866e-158	0.41437528	1.2102761348989872e-257
FRAT2	4.333333333333333	8.36973431338001e-143	0.20053522	0.7828473060631926
RP9	6.136363636363637	1.0	0.078830354	1.0
MAPK1IP1L	4.333333333333333	8.36973431338001e-143	0.19380037	1.0
PPP2R3A	4.833333333333333	2.107807229110395e-76	0.3220966	2.5556689667192445e-103
AKAP4	15.0	1.0	0.46510324	0.0
GLYCTK	5.757575757575758	8.110867378945913e-05	0.25536865	2.8809529311501305e-25
KLRC4	15.0	1.0	0.03576343	1.0
CARHSP1	6.666666666666667	1.0	0.039739173	1.0
FAM134A	4.5	2.987526822932176e-119	0.44034088	2.853882269023896e-304
ING5	3.8636363636363638	5.309754525883307e-214	0.20257173	0.5022011682746899
ZMIZ2	4.378787878787879	2.851091925485961e-136	0.57970476	0.0
CIDEA	4.484848484848484	2.430993042715581e-121	0.09103656	1.0
SOD2	6.181818181818182	1.0	0.09035184	1.0
IL11	6.015151515151516	0.9432481883172866	0.08790341	1.0
PDCL2	4.318181818181818	5.3259981484645446e-145	0.22422065	2.2709667709185195e-06
SMNDC1	4.606060606060606	6.280766027761081e-105	0.20780988	0.09494054047746701
PORCN	11.712121212121213	1.0	0.14261436	1.0
CLEC1B	5.666666666666667	5.7023465843776827e-08	0.16405451	1.0
RILPL2	7.924242424242424	1.0	0.0727775	1.0
COMMD8	5.924242424242424	0.19929500119739843	0.064162135	1.0
YWHAH	3.3636363636363638	2.4699394528442936e-293	-0.08115567	1.0
CIDEB	5.0	1.0403022436148605e-57	0.057973646	1.0
PMPCA	5.696969696969697	8.135574001437365e-07	0.2806607	1.3713707084135081e-49
INCA1	4.757575757575758	1.4989734955504187e-85	0.11811891	1.0
CNOT2	5.454545454545454	6.638801559632507e-19	0.32844976	9.386856899761801e-113
USB1	4.166666666666667	2.1673241151360944e-167	0.22450429	1.7527982220984429e-06
MED6	4.742424242424242	2.0112480802320904e-87	0.18835622	1.0
RAB32	5.863636363636363	0.026010289548509757	0.10804315	1.0
GABRG1	7.621212121212121	1.0	0.1507764	1.0
TCOF1	4.136363636363637	5.900348408278667e-172	0.6914687	0.0
IL10	15.0	1.0	0.065852284	1.0
FBXO44	5.863636363636363	0.026010289548509757	0.10799409	1.0
TIMM22	6.106060606060606	1.0	0.056409806	1.0
EGLN3	4.621212121212121	6.241076737412368e-103	0.07698752	1.0
PATZ1	4.909090909090909	1.1939958588792523e-67	0.18525648	1.0
ANP32A	4.196969696969697	7.408854155105656e-163	0.14877506	1.0
MLH1	5.257575757575758	2.532355208930679e-33	0.1694516	1.0
BBS4	6.5	1.0	0.30911207	6.414708604917023e-85
CREB3L1	4.53030303030303	4.226910827537424e-115	0.29553163	4.0336987482008324e-67
CENPC1	4.287878787878788	2.0335762994395374e-149	0.6206866	0.0
NXF3	4.742424242424242	2.0112480802320904e-87	0.33719552	3.7374398631538955e-126
LTB	4.803030303030303	5.12655010797389e-80	0.11185173	1.0
HOXB9	4.166666666666667	2.1673241151360944e-167	0.26389334	1.249912207520659e-32
VIPR1	15.0	1.0	0.11146159	1.0
YARS	7.333333333333333	1.0	0.26693583	1.8105872812897195e-35
CASP3	3.3484848484848486	1.002605741804758e-295	-0.16574284	1.0
TAF9B	3.909090909090909	6.631144541376156e-207	0.14094387	1.0
MID1	6.46969696969697	1.0	0.1739589	1.0
RAB9A	5.166666666666667	2.93824026063579e-41	0.05596422	1.0
HIST1H1B	5.378787878787879	5.596677988813906e-24	0.079018764	1.0
INPP5B	4.787878787878788	7.589866940626278e-82	0.57093805	0.0
KCNIP3	4.03030303030303	3.9142803071732094e-188	0.19138922	1.0
ZSCAN21	10.242424242424242	1.0	0.15145965	1.0
OSM	8.06060606060606	1.0	0.20757806	0.1039282203507945
ZNF174	5.333333333333333	2.600528747744788e-27	0.09151792	1.0
MYF5	4.015151515151516	1.8150337481646768e-190	0.21637695	0.001061113046049844
RAB6A	6.2727272727272725	1.0	0.01153213	1.0
EFNA3	5.242424242424242	1.363714314520086e-34	0.21129039	0.02012203551322885
ASCL1	4.621212121212121	6.241076737412368e-103	0.107931525	1.0
SSX2	6.121212121212121	1.0	0.07283746	1.0
WDR33	3.712121212121212	7.49123416449061e-238	0.14799815	1.0
TRAF3IP2	4.257575757575758	7.351715149052645e-154	0.4818401	0.0
IRX5	7.893939393939394	1.0	0.15165213	1.0
PZP	7.348484848484849	1.0	0.69064635	0.0
MYO5B	5.454545454545454	6.638801559632507e-19	0.6568799	0.0
TWSG1	7.7272727272727275	1.0	0.074065536	1.0
IL34	5.151515151515151	1.1784022048920932e-42	0.19567858	1.0
AGTRAP	15.0	1.0	0.04438063	1.0
SAMM50	7.196969696969697	1.0	0.14671813	1.0
SFN	3.606060606060606	1.151654573846843e-254	-0.011336586	1.0
ERCC6	4.53030303030303	4.226910827537424e-115	0.6957561	0.0
PIGH	15.0	1.0	0.05372758	1.0
C1orf174	4.4393939393939394	1.1179237737721773e-127	0.21014164	0.03500130002795818
ARHGAP9	4.621212121212121	6.241076737412368e-103	0.4161833	7.062193054654081e-261
ISOC2	7.878787878787879	1.0	0.07247443	1.0
PMCH	15.0	1.0	0.03902866	1.0
CLNS1A	5.303030303030303	1.1955487594189794e-29	0.10083743	1.0
ITPRIPL1	5.409090909090909	7.050991745134946e-22	0.37596983	4.838164029182833e-190
PPIH	6.96969696969697	1.0	0.055341233	1.0
CTDP1	4.0606060606060606	1.739805437553857e-183	0.44074774	5.303319608985234e-305
IMP3	15.0	1.0	0.0521074	1.0
PI4K2A	7.696969696969697	1.0	0.14238203	1.0
PDE1A	5.045454545454546	5.449835677091945e-53	0.3659182	6.536320855198535e-173
CRYGC	15.0	1.0	0.042532247	1.0
C16orf45	7.9393939393939394	1.0	0.057783965	1.0
ZYX	4.378787878787879	2.851091925485961e-136	0.43606028	1.4332224904542392e-296
NDUFS7	5.984848484848484	0.6713958573583418	0.0784921	1.0
PTGS1	7.075757575757576	1.0	0.19037482	1.0
KCNG4	15.0	1.0	0.34135556	1.1052993192870338e-132
LMAN1	10.121212121212121	1.0	0.17423701	1.0
PSMA2	6.136363636363637	1.0	0.057475165	1.0
ITPRIP	5.575757575757576	4.742374516777844e-12	0.40279013	5.41739988001551e-237
PXMP4	10.166666666666666	1.0	0.082338125	1.0
TMEM147	6.090909090909091	1.0	0.09601178	1.0
CHMP4B	7.424242424242424	1.0	0.073283434	1.0
NIPSNAP3A	4.787878787878788	7.589866940626278e-82	0.15547705	1.0
LMNB1	3.909090909090909	6.631144541376156e-207	0.41451326	6.85470744447658e-258
NR0B2	3.8333333333333335	9.335542196331431e-219	0.03850445	1.0
RAX2	7.303030303030303	1.0	0.05591047	1.0
GDNF	5.924242424242424	0.19929500119739843	0.065867655	1.0
PDDC1	6.242424242424242	1.0	0.085427165	1.0
NBEA	5.863636363636363	0.026010289548509757	0.5004622	0.0
MYL12B	15.0	1.0	0.049301893	1.0
HBA2	15.0	1.0	0.035478868	1.0
KLRB1	5.015151515151516	4.0682418292930166e-56	0.10125651	1.0
TBC1D3F	4.606060606060606	6.280766027761081e-105	0.4507922	5.4e-323
RAB35	7.090909090909091	1.0	0.09614426	1.0
ZNF20	5.090909090909091	1.923470993656941e-48	0.28374228	4.84786741212277e-53
TOMM22	15.0	1.0	0.039250657	1.0
ERO1L	8.712121212121213	1.0	0.15244241	1.0
NOG	7.0	1.0	0.08522365	1.0
MYOZ3	4.818181818181818	3.3485901111930753e-78	0.14244412	1.0
TJAP1	5.893939393939394	0.08040728585071569	0.4192825	1.984458597972565e-266
RPL9	5.318181818181818	1.8111998406309878e-28	0.030980688	1.0
CNDP1	6.712121212121212	1.0	0.17189234	1.0
PRPH	15.0	1.0	0.13503185	1.0
NUDT21	5.257575757575758	2.532355208930679e-33	0.05839899	1.0
BIRC8	4.651515151515151	5.700658646082387e-99	0.15115167	1.0
ORAI2	4.681818181818182	4.566391540340071e-95	0.24681251	8.62228959997616e-19
REN	15.0	1.0	0.1021035	1.0
HLA-DQA1	4.863636363636363	7.461555813357348e-73	0.23057476	3.699837955540576e-09
MAPRE1	4.590909090909091	6.15075884339598e-107	0.17145246	1.0
FAM124A	6.151515151515151	1.0	0.18997142	1.0
MARCKSL1	6.257575757575758	1.0	0.049522486	1.0
CCDC90B	4.409090909090909	5.914786475214866e-132	-0.09752165	1.0
PCMT1	4.545454545454546	4.834723743239444e-113	0.18846627	1.0
SLC16A3	6.2272727272727275	1.0	0.13309255	1.0
NPM1	3.712121212121212	7.49123416449061e-238	0.09497936	1.0
MAGEA11	5.015151515151516	4.0682418292930166e-56	-0.049031027	1.0
EPN1	4.606060606060606	6.280766027761081e-105	0.46450973	0.0
CDK5	3.712121212121212	7.49123416449061e-238	-0.12264333	1.0
EIF5A2	15.0	1.0	0.04251149	1.0
RASA1	3.9242424242424243	1.4883845906973111e-204	0.028449	1.0
C2	10.151515151515152	1.0	0.4612409	0.0
ASIC3	5.712121212121212	2.8086318893086953e-06	0.43073964	5.305210531626422e-287
GM2A	15.0	1.0	0.045647744	1.0
VPS37D	4.5606060606060606	5.400493616127032e-111	0.1922147	1.0
NFIA	4.2727272727272725	1.2235597067539176e-151	0.4392336	2.8062571157080066e-302
IL17B	7.9393939393939394	1.0	0.051154554	1.0
LAPTM5	4.454545454545454	1.4842317088682658e-125	0.050524946	1.0
SCN3B	6.257575757575758	1.0	0.060268614	1.0
UBXN11	5.787878787878788	0.0005657379213339365	0.14587088	1.0
DNAJB9	4.818181818181818	3.3485901111930753e-78	0.04028808	1.0
CISH	4.2727272727272725	1.2235597067539176e-151	0.1865885	1.0
PDHX	6.666666666666667	1.0	0.15237847	1.0
EGFL6	4.803030303030303	5.12655010797389e-80	0.40434653	9.283127870746051e-240
IGFBP6	7.53030303030303	1.0	0.13945688	1.0
CRYAB	15.0	1.0	0.038104255	1.0
TSEN2	15.0	1.0	0.1164138	1.0
PRKCSH	6.2272727272727275	1.0	0.3406577	1.3963670644433408e-131
CD48	4.696969696969697	3.895072545540908e-93	0.1656692	1.0
DUSP13	4.454545454545454	1.4842317088682658e-125	0.2602668	2.171021532914025e-29
JAZF1	4.712121212121212	3.234126539505369e-91	0.11088034	1.0
RGS20	6.242424242424242	1.0	0.13867782	1.0
AANAT	4.590909090909091	6.15075884339598e-107	0.20457628	0.2908004704127162
TYROBP	15.0	1.0	0.0022138297	1.0
C21orf7	4.7727272727272725	1.0830356453634325e-83	0.12355523	1.0
ATPAF1	7.181818181818182	1.0	0.04661992	1.0
HDGF	4.166666666666667	2.1673241151360944e-167	0.22046207	5.5197468590839505e-05
ADAMTS5	8.484848484848484	1.0	0.5453474	0.0
ZNF426	5.0	1.0403022436148605e-57	0.46274945	0.0
REG1A	15.0	1.0	0.04105367	1.0
HOXA7	5.909090909090909	0.1300519624973496	0.10031985	1.0
SARNP	7.121212121212121	1.0	0.07151287	1.0
MPP2	5.893939393939394	0.08040728585071569	0.41933215	1.617180817689999e-266
NOTCH2NL	7.333333333333333	1.0	0.096629314	1.0
TAF9	4.257575757575758	7.351715149052645e-154	0.009961739	1.0
EDN1	5.7727272727272725	0.0002205579338264052	0.031914026	1.0
EHD1	7.0606060606060606	1.0	0.23060569	3.5753139575382704e-09
XCR1	15.0	1.0	0.07663677	1.0
NRBP1	5.015151515151516	4.0682418292930166e-56	0.27956083	2.2127692386288558e-48
GRIK3	5.015151515151516	4.0682418292930166e-56	0.5279839	0.0
KLF16	4.712121212121212	3.234126539505369e-91	0.20007017	0.8543234477875999
ZNF155	5.712121212121212	2.8086318893086953e-06	0.26513153	9.000718304757384e-34
DEAF1	5.545454545454546	1.2939466289206966e-13	0.32740816	3.445751389943254e-111
GALNT1	4.7272727272727275	2.5869665633246372e-89	0.42974374	3.2758665188283457e-285
RAB15	7.075757575757576	1.0	0.051900465	1.0
SLC22A11	6.090909090909091	1.0	0.4028009	5.186529291364138e-237
ADCK1	5.954545454545454	0.4021808346106391	0.17943949	1.0
TOM1L1	7.0	1.0	0.1362536	1.0
PTBP2	5.515151515151516	2.804737320536277e-15	0.33403394	2.9405814685494047e-121
PNOC	9.742424242424242	1.0	0.043089088	1.0
CEP70	4.878787878787879	4.201267031456755e-71	0.34859595	2.9201392188470665e-144
ST7	4.7272727272727275	2.5869665633246372e-89	0.3991551	1.504814294102333e-230
TPD52	9.303030303030303	1.0	0.035013456	1.0
SCAND1	9.242424242424242	1.0	0.023678152	1.0
PTPRN	7.121212121212121	1.0	0.5563671	0.0
SMAD3	3.090909090909091	0.0	-0.18884718	1.0
PHB2	3.8484848484848486	2.263719495264942e-216	0.32314545	7.374381242224847e-105
TMEM9	6.742424242424242	1.0	0.04494845	1.0
ZNF76	4.121212121212121	2.993933330416968e-174	0.50917876	0.0
TNC	5.833333333333333	0.0067181671876451274	0.68631583	0.0
TRIM29	4.848484848484849	1.2797706148193189e-74	0.27354896	5.202605045698513e-42
PRAF2	7.212121212121212	1.0	0.04187141	1.0
C14orf166	5.0	1.0403022436148605e-57	0.14086542	1.0
KRT6B	5.5606060606060606	8.070067712540837e-13	0.41055632	8.039303598709423e-251
KLRD1	15.0	1.0	0.032900523	1.0
ZNF434	8.242424242424242	1.0	0.15538733	1.0
TRPT1	5.045454545454546	5.449835677091945e-53	0.21182682	0.015335345454061984
KDM5B	4.303030303030303	3.33264627763135e-147	0.68128574	0.0
ZIK1	6.242424242424242	1.0	0.14015113	1.0
MED12	6.015151515151516	0.9432481883172866	0.68746	0.0
GBP2	4.484848484848484	2.430993042715581e-121	0.42932507	1.853264652880532e-284
NUDT5	15.0	1.0	0.06702944	1.0
FOLR1	5.015151515151516	4.0682418292930166e-56	0.21267554	0.009802129612199822
BTG3	4.53030303030303	4.226910827537424e-115	0.1901832	1.0
CSE1L	4.454545454545454	1.4842317088682658e-125	0.5745394	0.0
TNFSF13	6.045454545454546	1.0	0.05397741	1.0
PSAP	8.606060606060606	1.0	0.15951885	1.0
SRSF10	4.0606060606060606	1.739805437553857e-183	0.21683694	0.000781817272905124
RCBTB2	5.590909090909091	2.632737875380154e-11	0.22254087	9.988250356967362e-06
RALGPS1	4.7272727272727275	2.5869665633246372e-89	0.44915488	4.0237e-320
PSMA7	5.166666666666667	2.93824026063579e-41	0.057825744	1.0
EBI3	5.121212121212121	1.65394062595959e-45	0.05751524	1.0
PSMD2	5.545454545454546	1.2939466289206966e-13	0.3131988	1.4193412328919306e-90
TSN	5.0606060606060606	1.868647141764226e-51	0.06708375	1.0
NUDT3	5.803030303030303	0.0013690958295525335	0.030615369	1.0
IGF2	6.53030303030303	1.0	0.022940952	1.0
MGEA5	12.151515151515152	1.0	0.5072454	0.0
ELP3	4.484848484848484	2.430993042715581e-121	0.4462352	7.113915386e-315
NMB	15.0	1.0	0.03385955	1.0
CALY	7.0	1.0	0.056859594	1.0
IMPA1	6.212121212121212	1.0	0.047897954	1.0
HCRTR2	15.0	1.0	0.113388345	1.0
CLIC4	4.196969696969697	7.408854155105656e-163	0.2679281	2.0308561060257208e-36
POLR3C	5.893939393939394	0.08040728585071569	0.29979542	1.5487624148633176e-72
RAB1B	15.0	1.0	0.04361575	1.0
BORA	4.590909090909091	6.15075884339598e-107	0.4043569	8.901183457195344e-240
TOP2A	3.5	1.434207471176549e-271	0.5665963	0.0
PLP1	5.803030303030303	0.0013690958295525335	0.18366072	1.0
KCNIP1	6.606060606060606	1.0	0.07084899	1.0
RPS19	15.0	1.0	0.030359272	1.0
COMMD2	7.924242424242424	1.0	0.05924512	1.0
COMMD4	7.924242424242424	1.0	0.05924512	1.0
COMMD7	7.924242424242424	1.0	0.05924512	1.0
TNPO2	5.045454545454546	5.449835677091945e-53	0.2666718	3.219838973041841e-35
SMARCA2	3.696969696969697	3.006258229506499e-240	0.6100645	0.0
CXorf26	6.151515151515151	1.0	0.11114689	1.0
TRIM8	5.151515151515151	1.1784022048920932e-42	0.3737857	2.714095230920724e-186
SORL1	6.484848484848484	1.0	0.68135315	0.0
CYP17A1	15.0	1.0	0.15933672	1.0
EBAG9	8.5	1.0	0.05364385	1.0
RANGAP1	4.2727272727272725	1.2235597067539176e-151	0.46902072	0.0
CEBPD	3.9393939393939394	3.3887978519689985e-202	0.32015437	1.7323463818698397e-100
DET1	4.893939393939394	2.282999105755518e-69	0.3073874	1.4219524438364435e-82
ARL6IP1	7.045454545454546	1.0	0.061626356	1.0
PSME1	4.363636363636363	1.9296931071479538e-138	0.13806391	1.0
UBOX5	5.46969696969697	5.8303237583507375e-18	0.20658259	0.15036306860252266
RPL17	10.393939393939394	1.0	0.047916207	1.0
EMD	4.484848484848484	2.430993042715581e-121	0.05562353	1.0
KCNIP4	5.106060606060606	5.774871996982557e-47	0.08707604	1.0
ALOX5AP	5.96969696969697	0.5313972993119761	0.050792772	1.0
CRYBA4	15.0	1.0	0.04538901	1.0
PRPF40B	15.0	1.0	0.3104877	8.286090646286241e-87
PSMB6	5.166666666666667	2.93824026063579e-41	0.09432908	1.0
HOMEZ	5.106060606060606	5.774871996982557e-47	0.17816055	1.0
TNFSF12	5.666666666666667	5.7023465843776827e-08	0.073306456	1.0
RCOR2	6.7727272727272725	1.0	0.18072905	1.0
ACD	6.318181818181818	1.0	0.16726914	1.0
KALRN	5.348484848484849	3.543656868901738e-26	0.67418677	0.0
CA2	6.196969696969697	1.0	0.058759086	1.0
BBC3	4.681818181818182	4.566391540340071e-95	0.16648097	1.0
RASL11B	5.242424242424242	1.363714314520086e-34	0.16145064	1.0
SLA2	5.015151515151516	4.0682418292930166e-56	0.26027885	2.119741398619218e-29
COPB2	5.924242424242424	0.19929500119739843	0.5017179	0.0
HOXB8	6.045454545454546	1.0	0.11821486	1.0
TSPO	15.0	1.0	0.03566823	1.0
IGF2BP2	5.484848484848484	4.837331664837387e-17	0.21108185	0.022318471608929094
RASL12	3.8181818181818183	3.9384120538611244e-221	0.33835432	5.7927454925915e-128
OAZ2	15.0	1.0	0.04112043	1.0
VPREB1	15.0	1.0	0.029040027	1.0
MEX3B	4.106060606060606	1.5042150568912314e-176	0.46005043	0.0
ETHE1	5.03030303030303	1.5255864629947634e-54	0.17478238	1.0
LIM2	15.0	1.0	0.04153299	1.0
HAUS2	5.909090909090909	0.1300519624973496	0.054296855	1.0
PDE4B	4.590909090909091	6.15075884339598e-107	0.5817397	0.0
TNFRSF18	5.045454545454546	5.449835677091945e-53	0.18113957	1.0
RPS6	5.0606060606060606	1.868647141764226e-51	0.13086772	1.0
ERBB2	4.0	8.378388133182956e-193	0.10365729	1.0
CNKSR3	6.151515151515151	1.0	0.22525604	8.705543174012877e-07
TP53RK	3.9545454545454546	7.665781365813323e-200	0.058498684	1.0
MARS	5.242424242424242	1.363714314520086e-34	0.4150183	8.578014285090806e-259
AKAP1	4.621212121212121	6.241076737412368e-103	0.52264136	0.0
PQBP1	4.606060606060606	6.280766027761081e-105	0.1772731	1.0
GYG2	4.924242424242424	5.985953570968111e-66	0.07607355	1.0
EP400	4.287878787878788	2.0335762994395374e-149	0.65185165	0.0
DGKZ	5.818181818181818	0.0031247077582926205	0.55595887	0.0
EXOSC6	6.136363636363637	1.0	-0.07558296	1.0
FLT3	4.5606060606060606	5.400493616127032e-111	0.5945463	0.0
TNNI2	7.393939393939394	1.0	0.019134512	1.0
CDC45	4.424242424242424	8.234322370316294e-130	0.4467287	9.2156472e-316
RHOU	4.196969696969697	7.408854155105656e-163	0.33230132	1.3408450581078385e-118
GSC	3.893939393939394	2.855528363833788e-209	0.28559062	3.7020818589867086e-55
KBTBD4	7.303030303030303	1.0	0.19124547	1.0
MED24	3.9696969696969697	1.7009092593290584e-197	0.6214985	0.0
ZFP91	5.454545454545454	6.638801559632507e-19	0.32842395	1.0258816570773154e-112
PSME2	5.363636363636363	4.575487144392107e-25	0.06162658	1.0
MYOZ2	4.96969696969697	5.9836842956166486e-61	0.16614741	1.0
VPS11	7.257575757575758	1.0	0.56178087	0.0
EYA2	5.893939393939394	0.08040728585071569	0.17894185	1.0
TSR2	6.712121212121212	1.0	0.036024455	1.0
CRP	5.878787878787879	0.04703166165001248	0.055979706	1.0
BSG	5.2272727272727275	7.038927224180759e-36	0.03764453	1.0
ODC1	15.0	1.0	0.11187314	1.0
CPNE3	7.242424242424242	1.0	0.2636254	2.1948341827450342e-32
XBP1	3.9696969696969697	1.7009092593290584e-197	0.27405137	1.5809541667516427e-42
MAF1	4.696969696969697	3.895072545540908e-93	0.15346798	1.0
GZMA	4.363636363636363	1.9296931071479538e-138	0.18822572	1.0
DACH1	3.9696969696969697	1.7009092593290584e-197	0.47934157	0.0
NASP	15.0	1.0	0.1372881	1.0
DRP2	7.2272727272727275	1.0	0.49288508	0.0
PPP2R1A	4.2727272727272725	1.2235597067539176e-151	0.14516668	1.0
PRF1	5.196969696969697	1.5845634300765288e-38	0.30950707	1.8465877291023163e-85
TGFBR2	4.123076923076923	5.75414058423669e-174	0.39477506	8.160523892359145e-223
BLOC1S4	7.5	1.0	0.04503471	1.0
RAB34	3.8636363636363638	5.309754525883307e-214	0.2687278	3.42013804226494e-37
SLC22A12	7.848484848484849	1.0	0.28433913	1.0125221339621394e-53
CHMP4C	7.424242424242424	1.0	0.06777769	1.0
RFXANK	4.818181818181818	3.3485901111930753e-78	0.20014359	0.8431332746105659
ZBTB7A	4.424242424242424	8.234322370316294e-130	0.47229433	0.0
PHB	3.787878787878788	6.691875806829089e-226	0.24217343	1.1173355011343042e-15
SH3BP4	4.363636363636363	1.9296931071479538e-138	0.5858361	0.0
RASD2	3.8181818181818183	3.9384120538611244e-221	0.332252	1.5948408446942674e-118
RWDD3	4.4393939393939394	1.1179237737721773e-127	0.20394553	0.34930807565562993
APOB	6.454545454545454	1.0	0.65113276	0.0
SHC2	4.454545454545454	1.4842317088682658e-125	0.48290533	0.0
FGF23	6.53030303030303	1.0	0.14100257	1.0
PMP22	15.0	1.0	0.034904618	1.0
HYI	5.924242424242424	0.19929500119739843	0.089752525	1.0
LIN37	5.924242424242424	0.19929500119739843	0.089752525	1.0
REG3A	15.0	1.0	0.031929176	1.0
SMN1	4.818181818181818	3.3485901111930753e-78	-0.14664559	1.0
CFHR4	10.151515151515152	1.0	0.29539862	5.9132699810791034e-67
ZFAND3	6.363636363636363	1.0	0.072650485	1.0
C6orf203	6.075757575757576	1.0	0.077109985	1.0
AGT	8.378787878787879	1.0	0.11399089	1.0
DYDC2	15.0	1.0	0.03796721	1.0
FCER1A	5.242424242424242	1.363714314520086e-34	0.06496018	1.0
MOG	5.666666666666667	5.7023465843776827e-08	0.06503154	1.0
CLCF1	6.9393939393939394	1.0	0.05640383	1.0
BPIFA1	5.409090909090909	7.050991745134946e-22	0.17651546	1.0
CCDC107	5.409090909090909	7.050991745134946e-22	0.17651546	1.0
RNF138	6.015151515151516	0.9432481883172866	0.10444317	1.0
TRAPPC4	6.242424242424242	1.0	0.05758274	1.0
CDC42EP3	4.757575757575758	1.4989734955504187e-85	0.12993671	1.0
CYFIP1	4.5606060606060606	5.400493616127032e-111	0.61287934	0.0
P4HA3	8.712121212121213	1.0	0.20532668	0.23016558499231762
BEND2	5.151515151515151	1.1784022048920932e-42	0.5603663	0.0
TRIM24	3.742424242424242	4.647503459395832e-233	0.2545671	1.2763331821922273e-24
ITM2C	7.181818181818182	1.0	0.05378354	1.0
SHC3	4.303030303030303	3.33264627763135e-147	0.46863773	0.0
USP21	6.257575757575758	1.0	0.34137797	1.0190390783923163e-132
NXPH3	6.636363636363637	1.0	0.09260055	1.0
GLI3	3.9393939393939394	3.3887978519689985e-202	0.62091666	0.0
TNNI3	5.787878787878788	0.0005657379213339365	0.029771676	1.0
CHRNB2	8.878787878787879	1.0	0.13181232	1.0
PITPNM3	4.742424242424242	2.0112480802320904e-87	0.5842696	0.0
CD8B	6.2272727272727275	1.0	0.047407232	1.0
ARL6IP5	8.212121212121213	1.0	0.036157135	1.0
CTDSP1	4.712121212121212	3.234126539505369e-91	0.11033106	1.0
FGF5	5.242424242424242	1.363714314520086e-34	0.11531751	1.0
ZBTB3	4.803030303030303	5.12655010797389e-80	0.38184834	3.392782901571487e-200
SFTPA2	7.651515151515151	1.0	0.069239736	1.0
DCUN1D1	5.0	1.0403022436148605e-57	0.15481946	1.0
CD58	4.984848484848484	2.5536481937036903e-59	0.075941205	1.0
ARFGEF2	5.0606060606060606	1.868647141764226e-51	0.6532947	0.0
RPRD2	6.9393939393939394	1.0	0.6340222	0.0
XPA	4.2727272727272725	1.2235597067539176e-151	0.03307962	1.0
SCN1B	6.257575757575758	1.0	0.08268188	1.0
KCTD4	5.5	3.7842004657943047e-16	0.18142411	1.0
CRH	15.0	1.0	0.04358486	1.0
SIM2	4.5	2.987526822932176e-119	0.3892895	3.5667236670028304e-213
EPHB4	4.742424242424242	2.0112480802320904e-87	0.61311656	0.0
SCG5	15.0	1.0	0.04634111	1.0
RLN1	15.0	1.0	0.0393083	1.0
CTSA	15.0	1.0	0.101322725	1.0
TAF3	5.53030303030303	1.9631201286694676e-14	0.48180985	0.0
NAA11	15.0	1.0	0.06066014	1.0
VTI1B	7.4393939393939394	1.0	0.05210355	1.0
BCL9	4.196969696969697	7.408854155105656e-163	0.6524423	0.0
HIRIP3	5.2727272727272725	4.464690473874677e-32	0.3697472	2.1225208287840785e-179
PSMB4	4.515151515151516	3.593818462139579e-117	0.21501271	0.002534337342064061
RAET1E	15.0	1.0	0.04889994	1.0
TNFRSF11A	4.151515151515151	1.1446109044602285e-169	0.23709165	1.3418044750627784e-12
TAF15	4.848484848484849	1.2797706148193189e-74	0.4248478	2.0455994797004577e-276
NTF3	4.7727272727272725	1.0830356453634325e-83	0.11818581	1.0
PPP1R16A	5.181818181818182	6.9932454275569265e-40	0.10077043	1.0
OSR1	4.484848484848484	2.430993042715581e-121	0.19972868	0.9080161922858762
VTI1A	9.621212121212121	1.0	0.044615313	1.0
TSSK3	4.166666666666667	2.1673241151360944e-167	0.21383989	0.005109279982862674
IL27	5.121212121212121	1.65394062595959e-45	0.053327184	1.0
GSR	6.863636363636363	1.0	0.10269682	1.0
SPAG7	7.742424242424242	1.0	0.07289589	1.0
ERP29	5.2727272727272725	4.464690473874677e-32	0.16076091	1.0
HSD17B10	5.545454545454546	1.2939466289206966e-13	0.12855601	1.0
IRF2BP2	4.878787878787879	4.201267031456755e-71	0.26448447	3.577311104064532e-33
JMY	4.151515151515151	1.1446109044602285e-169	0.60395825	0.0
WISP2	7.53030303030303	1.0	0.087943725	1.0
IL29	15.0	1.0	0.05266173	1.0
GHR	4.015151515151516	1.8150337481646768e-190	0.29468718	4.5592791161351305e-66
TNFRSF10C	5.181818181818182	6.9932454275569265e-40	0.043981757	1.0
WDR47	5.393939393939394	6.482752192123682e-23	0.42518923	4.984352615029754e-277
SLC30A9	3.9545454545454546	7.665781365813323e-200	0.46804515	0.0
RAB11FIP3	5.075757575757576	6.148878058809979e-50	0.29071268	3.3339981699319635e-61
CAPNS1	5.878787878787879	0.04703166165001248	0.073804736	1.0
CD8A	6.166666666666667	1.0	0.018842876	1.0
SURF2	5.833333333333333	0.0067181671876451274	0.062966906	1.0
SPI1	3.8181818181818183	3.9384120538611244e-221	-0.06482216	1.0
MAPK4	4.2727272727272725	1.2235597067539176e-151	0.46379364	0.0
C4BPB	9.121212121212121	1.0	0.06271648	1.0
SPR	5.075757575757576	6.148878058809979e-50	0.12174048	1.0
COASY	5.2272727272727275	7.038927224180759e-36	0.32317448	6.685593302511207e-105
ZNF417	5.106060606060606	5.774871996982557e-47	0.45151812	0.0
EPB41L2	5.03030303030303	1.5255864629947634e-54	0.61401784	0.0
EMX2	5.393939393939394	6.482752192123682e-23	0.07328214	1.0
PRRX2	5.242424242424242	1.363714314520086e-34	0.13476141	1.0
LPL	7.909090909090909	1.0	0.100644216	1.0
CDKN2AIP	5.454545454545454	6.638801559632507e-19	0.3292189	6.502282044378333e-114
LMBR1L	8.045454545454545	1.0	0.11085398	1.0
EPS8L1	4.893939393939394	2.282999105755518e-69	0.4469391	3.8636203e-316
PRDX3	5.515151515151516	2.804737320536277e-15	0.12254269	1.0
NAA15	15.0	1.0	0.20996135	0.0379996765329663
EPHA1	4.681818181818182	4.566391540340071e-95	0.58759016	0.0
MORF4L1	5.166666666666667	2.93824026063579e-41	0.026495507	1.0
SAE1	4.787878787878788	7.589866940626278e-82	0.1529353	1.0
UNC5B	5.621212121212121	6.787535082773471e-10	0.4972261	0.0
CBX7	5.893939393939394	0.08040728585071569	0.07680094	1.0
PGLS	4.9393939393939394	2.8876096295366594e-64	0.19669534	1.0
ELF5	5.121212121212121	1.65394062595959e-45	0.11846181	1.0
CHMP2A	8.424242424242424	1.0	0.05271629	1.0
CYP1A1	15.0	1.0	0.13137034	1.0
GALNT2	5.045454545454546	5.449835677091945e-53	0.29148588	3.873230510208755e-62
SDC2	7.242424242424242	1.0	0.034228195	1.0
CBFA2T2	4.515151515151516	3.593818462139579e-117	0.47364193	0.0
MBD4	4.2727272727272725	1.2235597067539176e-151	0.42929202	2.124144430054796e-284
CRYBA2	15.0	1.0	0.029937757	1.0
MMP26	7.5606060606060606	1.0	0.116717376	1.0
PHACTR1	4.212121212121212	1.3452563711804457e-160	0.43524444	4.210844689745614e-295
KRT6A	5.106060606060606	5.774871996982557e-47	0.38670707	1.1793929686494391e-208
MADD	5.363636363636363	4.575487144392107e-25	0.687719	0.0
ATG10	8.621212121212121	1.0	0.04048222	1.0
AMHR2	4.424242424242424	8.234322370316294e-130	0.429748	3.2203027750068274e-285
RABGGTA	5.681818181818182	2.220023745055577e-07	0.26224932	3.8514318438317213e-31
ATXN7	4.651515151515151	5.700658646082387e-99	0.622095	0.0
MAP3K2	3.9242424242424243	1.4883845906973111e-204	0.4099523	9.614417502274036e-250
SRGAP2	4.363636363636363	1.9296931071479538e-138	0.59941936	0.0
NGF	8.575757575757576	1.0	0.082692064	1.0
SFTPA1	8.651515151515152	1.0	0.051674142	1.0
PTCHD2	5.621212121212121	6.787535082773471e-10	0.54483795	0.0
LAIR1	4.681818181818182	4.566391540340071e-95	0.2651124	9.374795618131465e-34
NQO2	7.045454545454546	1.0	0.053012352	1.0
FBXW7	4.045454545454546	8.293864890908537e-186	0.33437884	8.659786011829035e-122
CLIP1	4.863636363636363	7.461555813357348e-73	0.6765364	0.0
CDCA3	4.5	2.987526822932176e-119	0.1550962	1.0
HES1	4.2272727272727275	2.4241998747786866e-158	0.045915566	1.0
BPGM	5.03030303030303	1.5255864629947634e-54	0.11039182	1.0
FAM60A	15.0	1.0	0.058644924	1.0
ROPN1L	15.0	1.0	0.06147936	1.0
MAGI3	5.712121212121212	2.8086318893086953e-06	0.6681711	0.0
ENO2	6.9393939393939394	1.0	0.06622381	1.0
SNRPA1	6.106060606060606	1.0	0.104714915	1.0
TCEB3C	6.636363636363637	1.0	0.15680432	1.0
NR2C2	3.712121212121212	7.49123416449061e-238	0.28198007	4.697476483300901e-51
RPS4X	5.303030303030303	1.1955487594189794e-29	0.15676871	1.0
APLF	6.893939393939394	1.0	0.13713865	1.0
CD63	6.696969696969697	1.0	0.046918243	1.0
TRIM55	6.742424242424242	1.0	0.24500832	1.5109964883732235e-17
MTMR2	4.712121212121212	3.234126539505369e-91	0.3960538	4.545607562776328e-225
SH3BP2	4.196969696969697	7.408854155105656e-163	0.35350147	3.019783601926748e-152
ARL6	15.0	1.0	0.03331443	1.0
LAT	4.363636363636363	1.9296931071479538e-138	0.061533373	1.0
CPSF6	5.0606060606060606	1.868647141764226e-51	0.30644408	2.670776393192772e-81
EIF3J	5.96969696969697	0.5313972993119761	0.15563507	1.0
SEMG2	6.393939393939394	1.0	0.22615555	3.686241840673731e-07
GBA	9.606060606060606	1.0	0.15069082	1.0
RACGAP1	4.121212121212121	2.993933330416968e-174	0.33074602	3.156825112490254e-116
CCIN	4.848484848484849	1.2797706148193189e-74	0.4090113	4.58960908381004e-248
CHMP6	15.0	1.0	0.020593967	1.0
UCP3	4.151515151515151	1.1446109044602285e-169	0.3342698	1.2742791885432409e-121
CD81	6.151515151515151	1.0	0.016084123	1.0
PCGF1	5.651515151515151	1.3838745592303982e-08	0.15549739	1.0
PPEF1	4.818181818181818	3.3485901111930753e-78	0.4190167	5.949073458260659e-266
CCDC127	5.106060606060606	5.774871996982557e-47	0.13615172	1.0
NOP56	5.03030303030303	1.5255864629947634e-54	0.32741857	3.3253354080220948e-111
RFXAP	4.454545454545454	1.4842317088682658e-125	0.086804144	1.0
DISC1	5.121212121212121	1.65394062595959e-45	0.46423823	0.0
SNX9	4.424242424242424	8.234322370316294e-130	0.4854204	0.0
LAPTM4A	8.287878787878787	1.0	0.056293022	1.0
POM121	4.909090909090909	1.1939958588792523e-67	0.6045003	0.0
PRAME	15.0	1.0	0.13057399	1.0
AP1AR	6.378787878787879	1.0	0.11169194	1.0
CYHR1	15.0	1.0	0.03684751	1.0
USP33	6.196969696969697	1.0	0.27483055	2.461612026564859e-43
HDHD3	5.757575757575758	8.110867378945913e-05	0.08953022	1.0
AQP5	5.4393939393939394	7.15071135886857e-20	0.17130087	1.0
RTKN	5.045454545454546	5.449835677091945e-53	0.30072314	9.78076198871409e-74
WBP1	4.712121212121212	3.234126539505369e-91	0.20567802	0.2052040125769169
UROS	5.409090909090909	7.050991745134946e-22	0.17189506	1.0
ICAM2	5.106060606060606	5.774871996982557e-47	0.1170145	1.0
CHMP1A	8.424242424242424	1.0	0.06084126	1.0
GATAD2B	3.984848484848485	3.796242806180348e-195	0.46796605	0.0
TG	7.606060606060606	1.0	0.65500766	0.0
ZNF451	4.2727272727272725	1.2235597067539176e-151	0.628336	0.0
NEIL2	4.2727272727272725	1.2235597067539176e-151	0.22780079	7.130082649574474e-08
NR4A1	3.4393939393939394	2.874829087237775e-281	0.24201272	1.4151088276956235e-15
SYN3	4.7272727272727275	2.5869665633246372e-89	0.40764648	1.2448542150850244e-245
VAPA	5.378787878787879	5.596677988813906e-24	0.068430565	1.0
ABL2	4.378787878787879	2.851091925485961e-136	0.59853977	0.0
TYR	7.151515151515151	1.0	0.13298717	1.0
ASIC1	5.212121212121212	3.4266830986446446e-37	0.29500324	1.8425355690882499e-66
ASGR1	6.606060606060606	1.0	0.03765291	1.0
KCTD5	7.045454545454546	1.0	0.051734693	1.0
RND2	6.787878787878788	1.0	0.04345215	1.0
SDCBP2	6.181818181818182	1.0	0.012731472	1.0
ARHGAP27	5.2727272727272725	4.464690473874677e-32	0.12785542	1.0
TOR1AIP1	4.909090909090909	1.1939958588792523e-67	0.39795235	2.0175340629870635e-228
F5	7.242424242424242	1.0	0.67332995	0.0
PGS1	5.7727272727272725	0.0002205579338264052	0.18270864	1.0
MYB	3.878787878787879	1.2284127079251473e-211	0.12695208	1.0
MPDU1	6.984848484848484	1.0	0.08617995	1.0
TOE1	9.212121212121213	1.0	0.117632695	1.0
PSMA1	5.136363636363637	4.541988465132742e-44	0.0527368	1.0
NECAP1	4.545454545454546	4.834723743239444e-113	0.17243329	1.0
SFMBT1	6.2272727272727275	1.0	0.3553668	2.600779690259527e-155
IGFBP5	5.575757575757576	4.742374516777844e-12	0.066517115	1.0
IL18R1	5.621212121212121	6.787535082773471e-10	0.14225665	1.0
FUBP3	6.136363636363637	1.0	0.21342804	0.0064653822906044645
SNX13	6.4393939393939394	1.0	0.4107102	4.2765576109738124e-251
ETV7	5.378787878787879	5.596677988813906e-24	0.06784609	1.0
C1QBP	3.6818181818181817	1.1853923178705118e-242	0.2998257	1.415988990570114e-72
ASNS	6.7727272727272725	1.0	0.25675726	2.094937485931755e-26
HLA-DQA2	5.893939393939394	0.08040728585071569	0.047312744	1.0
SYNDIG1	5.590909090909091	2.632737875380154e-11	0.061208777	1.0
KLK1	7.7272727272727275	1.0	0.107724585	1.0
CTPS1	4.363636363636363	1.9296931071479538e-138	0.43251213	3.44657160499835e-290
MGAT4B	8.242424242424242	1.0	0.2174503	0.0005140400396738804
SPATC1	5.075757575757576	6.148878058809979e-50	0.36405945	8.835587562495831e-170
VPS18	7.712121212121212	1.0	0.58728874	0.0
CAPNS2	6.196969696969697	1.0	0.07629381	1.0
MMP7	7.575757575757576	1.0	0.068863876	1.0
MMP17	6.348484848484849	1.0	0.33838707	5.1494776063716e-128
CEBPE	3.9393939393939394	3.3887978519689985e-202	0.10297539	1.0
IL1R1	5.621212121212121	6.787535082773471e-10	0.19527395	1.0
TYRP1	6.151515151515151	1.0	0.14322376	1.0
CENPJ	4.166666666666667	2.1673241151360944e-167	0.6191126	0.0
SET	4.075757575757576	3.621754795530252e-181	-0.032549087	1.0
ARNTL	4.4393939393939394	1.1179237737721773e-127	0.43405923	5.703255352947574e-293
ARID3A	3.909090909090909	6.631144541376156e-207	0.47000137	0.0
NLRP3	6.121212121212121	1.0	0.28779888	9.852769729655907e-58
RCHY1	5.242424242424242	1.363714314520086e-34	0.10107151	1.0
CCDC106	3.909090909090909	6.631144541376156e-207	0.21011394	0.03544769453174205
CTSG	7.045454545454546	1.0	-0.027092176	1.0
NFAM1	4.863636363636363	7.461555813357348e-73	0.23425457	4.967545587346471e-11
NXPH2	6.636363636363637	1.0	0.08810917	1.0
C1QC	8.757575757575758	1.0	0.05172912	1.0
LRP4	15.0	1.0	0.59654194	0.0
COPS7A	3.9242424242424243	1.4883845906973111e-204	0.11671511	1.0
DBNDD2	5.651515151515151	1.3838745592303982e-08	0.15386277	1.0
MMP25	7.151515151515151	1.0	0.16034822	1.0
MUS81	15.0	1.0	0.14042851	1.0
HSPD1	4.287878787878788	2.0335762994395374e-149	0.3743944	2.458519478835055e-187
OCLN	4.106060606060606	1.5042150568912314e-176	0.21755545	0.0004779361380703855
IGFBP1	7.484848484848484	1.0	0.096159674	1.0
ZNF496	4.833333333333333	2.107807229110395e-76	0.39414126	1.0670645755128539e-221
DPYSL4	4.924242424242424	5.985953570968111e-66	0.31742263	1.4919319505342248e-96
LASP1	5.287878787878788	7.485477606395389e-31	0.060012836	1.0
CARD10	4.863636363636363	7.461555813357348e-73	0.59882945	0.0
PRR14	5.484848484848484	4.837331664837387e-17	0.29376858	6.26118979582072e-65
CITED2	4.151515151515151	1.1446109044602285e-169	0.210479	0.02986836469717717
ATRNL1	15.0	1.0	0.4544554	0.0
PSMF1	5.0	1.0403022436148605e-57	0.11261474	1.0
DFFA	4.318181818181818	5.3259981484645446e-145	0.15081196	1.0
URGCP	15.0	1.0	0.26144916	1.9836085782827137e-30
CACNA1D	7.196969696969697	1.0	0.65238863	0.0
POLR3H	15.0	1.0	0.031255987	1.0
CXorf40A	15.0	1.0	0.026310788	1.0
MCL1	4.5	2.987526822932176e-119	-0.030978307	1.0
PSMG2	7.393939393939394	1.0	0.050026562	1.0
PEX11A	10.166666666666666	1.0	0.07200687	1.0
FMNL3	5.424242424242424	7.304939763549693e-21	0.5687067	0.0
CDK13	5.424242424242424	7.304939763549693e-21	0.6498474	0.0
SPIN1	5.121212121212121	1.65394062595959e-45	0.1527325	1.0
SLA	4.409090909090909	5.914786475214866e-132	0.272659	4.223517199072174e-41
FOSL1	4.424242424242424	8.234322370316294e-130	0.1757497	1.0
TOP3A	4.924242424242424	5.985953570968111e-66	0.54105777	0.0
ARHGEF5	4.848484848484849	1.2797706148193189e-74	0.66279954	0.0
APC2	4.196969696969697	7.408854155105656e-163	0.67256725	0.0
OLIG3	5.2727272727272725	4.464690473874677e-32	0.08076286	1.0
PLD2	4.075757575757576	3.621754795530252e-181	0.25973707	6.255784284861549e-29
NRSN1	15.0	1.0	0.029572492	1.0
TNF	6.318181818181818	1.0	0.031745758	1.0
DERL2	8.333333333333334	1.0	0.049298283	1.0
RDX	5.015151515151516	4.0682418292930166e-56	0.43243125	4.817185816629137e-290
PDLIM5	4.303030303030303	3.33264627763135e-147	0.48297897	0.0
HLTF	5.090909090909091	1.923470993656941e-48	0.56308925	0.0
DNAJB2	4.106060606060606	1.5042150568912314e-176	0.19786358	1.0
SLC22A2	6.03030303030303	1.0	0.14458129	1.0
IRF2BP1	4.545454545454546	4.834723743239444e-113	0.3702605	2.843265628643457e-180
NRIP2	4.7272727272727275	2.5869665633246372e-89	0.17799109	1.0
E2F6	4.409090909090909	5.914786475214866e-132	0.07643057	1.0
APOBEC2	15.0	1.0	0.038921975	1.0
CFD	8.303030303030303	1.0	0.06091101	1.0
PARP10	4.2727272727272725	1.2235597067539176e-151	0.5941443	0.0
NLRP4	4.363636363636363	1.9296931071479538e-138	0.5870812	0.0
NUPL1	5.53030303030303	1.9631201286694676e-14	0.30856678	3.553634139543033e-84
LMOD1	4.96969696969697	5.9836842956166486e-61	0.4019283	1.833506035357728e-235
BCAS1	5.2727272727272725	4.464690473874677e-32	0.27394408	2.039873953318154e-42
SLC2A4	5.5	3.7842004657943047e-16	0.0897234	1.0
PSMB1	6.166666666666667	1.0	0.037467666	1.0
SCAMP5	9.5	1.0	0.04824738	1.0
THAP8	3.9242424242424243	1.4883845906973111e-204	0.1742734	1.0
COL4A6	7.075757575757576	1.0	0.6187365	0.0
CDC73	6.090909090909091	1.0	0.11572691	1.0
MAGED2	5.121212121212121	1.65394062595959e-45	0.39119318	1.6334597222120836e-216
MED26	6.015151515151516	0.9432481883172866	0.3744036	2.371655693765163e-187
CSN2	5.484848484848484	4.837331664837387e-17	0.030810464	1.0
EFTUD2	5.212121212121212	3.4266830986446446e-37	0.47461367	0.0
FAM124B	4.787878787878788	7.589866940626278e-82	0.20962134	0.04432309021115465
TRAF1	4.287878787878788	2.0335762994395374e-149	-0.13888383	1.0
LRAT	5.318181818181818	1.8111998406309878e-28	0.034396593	1.0
MIP	5.409090909090909	7.050991745134946e-22	0.039202854	1.0
PACS1	5.5	3.7842004657943047e-16	0.3022394	1.0309857955565218e-75
ICAM4	5.787878787878788	0.0005657379213339365	0.1392938	1.0
XRN2	5.666666666666667	5.7023465843776827e-08	0.4447271	3.67657932422e-312
USF2	3.9393939393939394	3.3887978519689985e-202	0.24379782	9.778413287231671e-17
EXOSC7	6.2272727272727275	1.0	-0.030874379	1.0
BRDT	5.696969696969697	8.135574001437365e-07	0.29906094	1.3626567843482569e-71
OTUB1	4.757575757575758	1.4989734955504187e-85	0.17262444	1.0
ARSF	4.818181818181818	3.3485901111930753e-78	0.33549896	1.6104276264483298e-123
ATP1A3	5.151515151515151	1.1784022048920932e-42	0.5594663	0.0
TTK	15.0	1.0	0.15842149	1.0
ZMYND19	15.0	1.0	0.056813177	1.0
TRH	5.984848484848484	0.6713958573583418	0.0416276	1.0
GPC4	6.893939393939394	1.0	0.40116635	4.1195049094115137e-234
KIR2DL4	5.7727272727272725	0.0002205579338264052	0.07077582	1.0
MLH3	6.242424242424242	1.0	0.5750572	0.0
HSD17B14	4.848484848484849	1.2797706148193189e-74	0.13211714	1.0
RPE65	7.166666666666667	1.0	0.12071213	1.0
IL1B	6.03030303030303	1.0	0.061383985	1.0
UTP6	5.363636363636363	4.575487144392107e-25	0.41721633	9.975060474954522e-263
CUTC	5.484848484848484	4.837331664837387e-17	0.17246228	1.0
FEM1B	4.787878787878788	7.589866940626278e-82	0.40696317	2.0533274646090514e-244
ANKRD27	4.545454545454546	4.834723743239444e-113	0.5839086	0.0
BATF2	5.045454545454546	5.449835677091945e-53	0.17373383	1.0
GPC3	13.712121212121213	1.0	0.11676013	1.0
MAPRE3	4.924242424242424	5.985953570968111e-66	0.09845861	1.0
PRDX4	4.893939393939394	2.282999105755518e-69	0.12442995	1.0
CRYBA1	15.0	1.0	0.024769112	1.0
CKAP4	5.454545454545454	6.638801559632507e-19	0.3976791	6.123912238185463e-228
HOXA9	4.2727272727272725	1.2235597067539176e-151	0.13567573	1.0
ZC2HC1C	5.378787878787879	5.596677988813906e-24	0.21500717	0.0025423768106919383
IL1A	6.03030303030303	1.0	0.072868176	1.0
PRKCB	3.772727272727273	2.8003122703195513e-228	-0.08978207	1.0
RPL7A	5.303030303030303	1.1955487594189794e-29	0.058805197	1.0
NRL	6.424242424242424	1.0	0.05305472	1.0
CD96	7.106060606060606	1.0	0.17370687	1.0
ITIH2	5.96969696969697	0.5313972993119761	0.31437156	3.2010212418877686e-92
DLX5	4.575757575757576	5.853914984634287e-109	0.16548948	1.0
ZNF652	5.181818181818182	6.9932454275569265e-40	0.43096653	2.0747159494983002e-287
FARSA	15.0	1.0	0.1077682	1.0
TPM3	5.348484848484849	3.543656868901738e-26	0.013221632	1.0
GEMIN4	5.287878787878788	7.485477606395389e-31	0.6171054	0.0
CHMP4A	6.424242424242424	1.0	0.043738145	1.0
RBL2	4.0	8.378388133182956e-193	0.18610781	1.0
BDNF	5.7727272727272725	0.0002205579338264052	0.04962322	1.0
RAD1	4.681818181818182	4.566391540340071e-95	0.08429662	1.0
IRF3	4.303030303030303	3.33264627763135e-147	0.15939696	1.0
ING2	4.121212121212121	2.993933330416968e-174	0.2688948	2.3537301368478348e-37
QSOX1	5.409090909090909	7.050991745134946e-22	0.37098643	1.6485592135568337e-181
PITPNA	4.333333333333333	8.36973431338001e-143	0.20866942	0.06692822059166605
BIRC7	4.318181818181818	5.3259981484645446e-145	0.20788187	0.09230619610527666
ELANE	6.333333333333333	1.0	-0.09443196	1.0
MXD4	6.4393939393939394	1.0	0.024370635	1.0
RCAN3	6.787878787878788	1.0	0.044545744	1.0
SLAMF6	4.742424242424242	2.0112480802320904e-87	0.2602983	2.0390051618163826e-29
SIGLEC12	4.742424242424242	2.0112480802320904e-87	0.43276256	1.2222326489940406e-290
NRG2	5.166666666666667	2.93824026063579e-41	0.6044836	0.0
MIF4GD	6.4393939393939394	1.0	0.051779445	1.0
GRK5	5.5	3.7842004657943047e-16	0.13727497	1.0
COL5A2	5.863636363636363	0.026010289548509757	0.62961864	0.0
TCP10L	7.4393939393939394	1.0	0.030952638	1.0
PSMB10	5.03030303030303	1.5255864629947634e-54	0.13729	1.0
FGA	6.318181818181818	1.0	0.34278074	6.105906889566089e-135
HTATIP2	4.606060606060606	6.280766027761081e-105	0.090839416	1.0
SH3KBP1	4.2727272727272725	1.2235597067539176e-151	0.08121295	1.0
TNFRSF14	5.03030303030303	1.5255864629947634e-54	0.13863528	1.0
COPS7B	5.5606060606060606	8.070067712540837e-13	0.058438856	1.0
ABL1	3.484848484848485	5.445536279761997e-274	-0.07629263	1.0
SPDYA	4.257575757575758	7.351715149052645e-154	0.20261647	0.4968801566398888
FRAT1	4.333333333333333	8.36973431338001e-143	0.19569083	1.0
NXPH1	6.636363636363637	1.0	0.08494595	1.0
LRRC18	6.5	1.0	0.046765678	1.0
SLC6A1	6.409090909090909	1.0	0.30070356	1.0366845824773526e-73
TREM2	15.0	1.0	0.04377253	1.0
PIWIL2	6.0	0.8130487145366784	0.4462946	5.564369337e-315
MBD3	4.393939393939394	4.1588243918237506e-134	0.07184757	1.0
SEC23IP	4.863636363636363	7.461555813357348e-73	0.54100513	0.0
C1QB	7.757575757575758	1.0	0.038763814	1.0
MLF1	6.015151515151516	0.9432481883172866	0.041525334	1.0
CALCR	15.0	1.0	0.10168856	1.0
CMPK1	15.0	1.0	0.046440423	1.0
TDP1	4.7727272727272725	1.0830356453634325e-83	0.35428476	1.5651609729306575e-153
MMP14	7.590909090909091	1.0	0.07473188	1.0
HUS1B	5.348484848484849	3.543656868901738e-26	0.13132781	1.0
BNIPL	4.378787878787879	2.851091925485961e-136	0.09833133	1.0
SLC5A7	5.424242424242424	7.304939763549693e-21	0.17443922	1.0
UHRF1	6.575757575757576	1.0	0.124191545	1.0
TNFAIP8	15.0	1.0	0.025189087	1.0
COL4A3BP	5.712121212121212	2.8086318893086953e-06	0.24650995	1.402360471086118e-18
JAK1	3.909090909090909	6.631144541376156e-207	-0.02652593	1.0
EWSR1	4.242424242424242	4.2660456775394e-156	-0.13363741	1.0
STX12	6.818181818181818	1.0	0.108685546	1.0
NFATC3	4.257575757575758	7.351715149052645e-154	0.62600476	0.0
ARL6IP6	15.0	1.0	0.034768604	1.0
NXF1	5.151515151515151	1.1784022048920932e-42	0.3588505	4.48684057766861e-161
RIN2	5.863636363636363	0.026010289548509757	0.3438238	1.3390457059842059e-136
LOXL1	9.136363636363637	1.0	0.19277996	1.0
CDC40	3.984848484848485	3.796242806180348e-195	0.4896821	0.0
FARP2	4.045454545454546	8.293864890908537e-186	0.59548265	0.0
SYT3	6.636363636363637	1.0	0.26482448	1.7339864562200205e-33
JAM3	6.757575757575758	1.0	0.037768904	1.0
C1QTNF5	6.5	1.0	0.04570204	1.0
HOXD12	5.257575757575758	2.532355208930679e-33	0.08489032	1.0
PDX1	4.787878787878788	7.589866940626278e-82	0.04971271	1.0
GAD2	5.575757575757576	4.742374516777844e-12	0.22147523	2.4422170936357545e-05
TEX11	4.924242424242424	5.985953570968111e-66	0.19552432	1.0
CABYR	4.333333333333333	8.36973431338001e-143	0.18082783	1.0
BTK	4.0606060606060606	1.739805437553857e-183	-0.044600815	1.0
RABL2B	7.181818181818182	1.0	0.026843442	1.0
FCGR3A	4.606060606060606	6.280766027761081e-105	0.11208141	1.0
IPO13	5.166666666666667	2.93824026063579e-41	0.30462354	7.309057192193224e-79
PLD1	4.090909090909091	7.431731658940583e-179	0.43670568	9.879197015927074e-298
BARX2	4.696969696969697	3.895072545540908e-93	0.16097589	1.0
PEX11B	10.166666666666666	1.0	0.06776635	1.0
RPP30	15.0	1.0	0.067482546	1.0
TFAM	15.0	1.0	0.042006128	1.0
SP2	4.606060606060606	6.280766027761081e-105	0.4027798	5.648891847686417e-237
GRIK5	6.015151515151516	0.9432481883172866	0.3275401	2.1856440705766834e-111
SRPRB	5.0	1.0403022436148605e-57	0.045777325	1.0
GALNT6	7.075757575757576	1.0	0.3993643	6.417727820375293e-231
HLA-DRA	15.0	1.0	0.014616847	1.0
TREM1	15.0	1.0	0.042569395	1.0
POLR2C	5.045454545454546	5.449835677091945e-53	-0.042804446	1.0
PHOX2A	4.2727272727272725	1.2235597067539176e-151	0.18248639	1.0
SRSF8	5.2727272727272725	4.464690473874677e-32	0.112344675	1.0
CLINT1	4.984848484848484	2.5536481937036903e-59	0.4106881	4.6810775785976724e-251
DAPP1	4.2272727272727275	2.4241998747786866e-158	0.3243166	1.3824047360635557e-106
PIAS1	3.5454545454545454	2.4603959389348576e-264	-0.019712308	1.0
CAPZA1	4.833333333333333	2.107807229110395e-76	0.14364778	1.0
WEE1	3.621212121212121	2.8697289860358173e-252	0.38587034	3.4028122272670935e-207
CRHR2	15.0	1.0	0.065015316	1.0
CALB1	5.212121212121212	3.4266830986446446e-37	0.0234555	1.0
LBP	10.787878787878787	1.0	0.08166707	1.0
HNRNPAB	4.075757575757576	3.621754795530252e-181	0.22786967	6.644466578050681e-08
DTNB	6.863636363636363	1.0	0.118822135	1.0
SYTL3	6.015151515151516	0.9432481883172866	0.3439755	7.672603887900669e-137
DAGLB	15.0	1.0	0.11731084	1.0
BLVRB	15.0	1.0	0.025281966	1.0
SIRT3	8.151515151515152	1.0	0.07697344	1.0
STOML3	4.5606060606060606	5.400493616127032e-111	0.15009326	1.0
GAPDH	4.03030303030303	3.9142803071732094e-188	-0.10622811	1.0
TMEM70	6.863636363636363	1.0	0.04821168	1.0
VPS13D	6.363636363636363	1.0	0.60913986	0.0
DNAJC2	6.181818181818182	1.0	0.12717795	1.0
BRMS1	4.106060606060606	1.5042150568912314e-176	-0.038930975	1.0
C1orf35	5.590909090909091	2.632737875380154e-11	0.050908312	1.0
USP53	5.045454545454546	5.449835677091945e-53	0.5833972	0.0
CTRL	8.030303030303031	1.0	0.04875188	1.0
SOD3	11.136363636363637	1.0	0.04413636	1.0
TPM4	4.636363636363637	6.063285131315225e-101	0.17044374	1.0
PLEKHF2	6.181818181818182	1.0	0.012816703	1.0
CASP6	3.787878787878788	6.691875806829089e-226	-0.078618914	1.0
STX3	6.818181818181818	1.0	-0.0062094075	1.0
DCK	7.454545454545454	1.0	0.044598233	1.0
RHOXF2	4.984848484848484	2.5536481937036903e-59	-0.12779741	1.0
SOX30	6.803030303030303	1.0	0.09435291	1.0
ABCB5	7.166666666666667	1.0	0.3094868	1.9679722330482078e-85
CCR6	15.0	1.0	0.053091355	1.0
EAF2	6.090909090909091	1.0	0.05320817	1.0
NUMB	4.0606060606060606	1.739805437553857e-183	0.23633869	3.5856770934863413e-12
PRC1	5.378787878787879	5.596677988813906e-24	0.4456843	6.968074292e-314
TBP	3.5303030303030303	9.616322325664552e-267	-0.17394614	1.0
NRBF2	4.378787878787879	2.851091925485961e-136	0.25948003	1.043232476151901e-28
MKI67IP	6.106060606060606	1.0	0.09766803	1.0
USP25	4.803030303030303	5.12655010797389e-80	0.56513476	0.0
CTDSPL	4.651515151515151	5.700658646082387e-99	0.076383196	1.0
PJA1	5.863636363636363	0.026010289548509757	0.22073838	4.431728196418279e-05
MYOM1	6.121212121212121	1.0	0.66489846	0.0
MSH4	6.166666666666667	1.0	0.38445294	1.0061192556214024e-204
C9orf78	5.333333333333333	2.600528747744788e-27	0.07696412	1.0
STX6	7.621212121212121	1.0	0.00043912232	1.0
HEXIM2	4.590909090909091	6.15075884339598e-107	0.19228944	1.0
CNOT8	5.2727272727272725	4.464690473874677e-32	0.014257239	1.0
CCDC17	6.575757575757576	1.0	0.2695674	5.184089188057934e-38
NOS3	4.454545454545454	1.4842317088682658e-125	0.31335464	8.590603606838232e-91
SMN2	5.590909090909091	2.632737875380154e-11	-0.04164207	1.0
FAM57A	15.0	1.0	0.03621803	1.0
DAAM1	4.590909090909091	6.15075884339598e-107	0.6113797	0.0
SNAP29	7.151515151515151	1.0	0.00809821	1.0
CD7	15.0	1.0	0.02707053	1.0
GPN1	5.136363636363637	4.541988465132742e-44	0.13115528	1.0
CSF3R	4.5	2.987526822932176e-119	0.5292082	0.0
PIK3C2B	4.303030303030303	3.33264627763135e-147	0.6596336	0.0
MS4A1	3.893939393939394	2.855528363833788e-209	0.31361857	3.666267460142081e-91
NCOR1	3.727272727272727	1.8809940959048096e-235	0.11787351	1.0
ATP6V1E1	5.53030303030303	1.9631201286694676e-14	-0.0002506635	1.0
CFTR	5.257575757575758	2.532355208930679e-33	0.64213467	0.0
SLCO1C1	7.863636363636363	1.0	0.24412528	5.926771177353286e-17
C15orf23	5.954545454545454	0.4021808346106391	0.12119272	1.0
TPD52L2	9.303030303030303	1.0	0.018667025	1.0
DNASE1	4.742424242424242	2.0112480802320904e-87	0.18007702	1.0
HLA-DOA	15.0	1.0	0.039492294	1.0
TNFSF13B	6.045454545454546	1.0	0.014019766	1.0
NOP2	4.363636363636363	1.9296931071479538e-138	0.3913137	1.0037664392927383e-216
DPPA2	4.621212121212121	6.241076737412368e-103	0.06307385	1.0
EEA1	5.5	3.7842004657943047e-16	0.5370442	0.0
XAF1	4.833333333333333	2.107807229110395e-76	0.096253194	1.0
AKTIP	5.5606060606060606	8.070067712540837e-13	0.024420299	1.0
GPR37	4.454545454545454	1.4842317088682658e-125	0.37372732	3.4147472549384806e-186
SCAPER	6.151515151515151	1.0	0.6537659	0.0
KARS	4.878787878787879	4.201267031456755e-71	0.17938997	1.0
OGFOD2	4.484848484848484	2.430993042715581e-121	0.19608162	1.0
HOXC9	5.909090909090909	0.1300519624973496	0.04416433	1.0
RPN2	5.181818181818182	6.9932454275569265e-40	0.3491529	3.66542176455084e-145
ROGDI	4.606060606060606	6.280766027761081e-105	0.19521889	1.0
CCNC	6.015151515151516	0.9432481883172866	0.1031787	1.0
IGFBP3	5.833333333333333	0.0067181671876451274	0.015057312	1.0
SSR1	4.878787878787879	4.201267031456755e-71	0.15963101	1.0
CD80	5.363636363636363	4.575487144392107e-25	0.082124315	1.0
HIC2	4.863636363636363	7.461555813357348e-73	0.35144404	6.963241591327341e-149
LYL1	5.045454545454546	5.449835677091945e-53	0.08875218	1.0
GLI2	4.818181818181818	3.3485901111930753e-78	0.67122334	0.0
TAF6	4.893939393939394	2.282999105755518e-69	0.33094406	1.5781666163698404e-116
CD40LG	5.4393939393939394	7.15071135886857e-20	0.028310187	1.0
CDCA8	5.015151515151516	4.0682418292930166e-56	0.045778707	1.0
CDK11B	3.8181818181818183	3.9384120538611244e-221	0.43696797	3.3380309567503633e-298
KLC4	4.2727272727272725	1.2235597067539176e-151	0.44233045	7.530137263070965e-308
ANKRD44	7.257575757575758	1.0	0.35458794	4.975665079878471e-154
TFPT	7.090909090909091	1.0	0.045441102	1.0
PGR	3.727272727272727	1.8809940959048096e-235	0.05331575	1.0
NCLN	6.409090909090909	1.0	0.45360243	0.0
MRPL28	7.621212121212121	1.0	0.044967234	1.0
GRN	6.075757575757576	1.0	0.15921384	1.0
PDILT	9.712121212121213	1.0	0.14077546	1.0
UBQLN1	4.878787878787879	4.201267031456755e-71	-0.011817173	1.0
DLGAP4	4.651515151515151	5.700658646082387e-99	0.19132803	1.0
ZNF691	5.090909090909091	1.923470993656941e-48	0.14063689	1.0
CSTF2T	5.348484848484849	3.543656868901738e-26	0.3532812	6.926565036261788e-152
SLIT2	6.2272727272727275	1.0	0.6420266	0.0
RWDD1	6.090909090909091	1.0	0.03444546	1.0
DNALI1	5.106060606060606	5.774871996982557e-47	0.11099246	1.0
CIC	5.106060606060606	5.774871996982557e-47	0.3821346	1.0815433479126689e-200
SOX13	4.878787878787879	4.201267031456755e-71	0.382401	3.729400161110453e-201
MYPN	5.7727272727272725	0.0002205579338264052	0.5447877	0.0
MYLIP	15.0	1.0	0.059812445	1.0
HNRNPR	15.0	1.0	0.10295901	1.0
IL17RB	8.93939393939394	1.0	0.0797705	1.0
PPP1R3B	4.515151515151516	3.593818462139579e-117	0.14911966	1.0
C1QL3	6.2272727272727275	1.0	0.043649856	1.0
CNKSR2	4.909090909090909	1.1939958588792523e-67	0.59619194	0.0
TLX2	4.363636363636363	1.9296931071479538e-138	0.15320659	1.0
MITD1	9.424242424242424	1.0	0.03277683	1.0
USP7	4.409090909090909	5.914786475214866e-132	0.31918985	4.306795527724572e-99
SENP6	4.454545454545454	1.4842317088682658e-125	0.596513	0.0
CD44	5.151515151515151	1.1784022048920932e-42	0.010312418	1.0
SLX1A	15.0	1.0	0.04875614	1.0
AFP	6.151515151515151	1.0	0.31321758	1.3364090691557819e-90
AP2B1	5.196969696969697	1.5845634300765288e-38	0.268432	6.623221387958681e-37
GALNT4	9.212121212121213	1.0	0.14404358	1.0
VPS37B	4.818181818181818	3.3485901111930753e-78	0.07583845	1.0
TRAPPC3	15.0	1.0	0.014863108	1.0
CELA1	8.030303030303031	1.0	0.029335372	1.0
PPP6C	4.5	2.987526822932176e-119	0.16794467	1.0
APOBEC1	15.0	1.0	0.019678539	1.0
TSPAN7	7.984848484848484	1.0	0.0328957	1.0
CDK5R1	3.8181818181818183	3.9384120538611244e-221	-0.022564964	1.0
KLHL26	5.409090909090909	7.050991745134946e-22	0.30990973	5.175347709490507e-86
CCNG1	3.6818181818181817	1.1853923178705118e-242	0.15056576	1.0
KCNQ5	4.818181818181818	3.3485901111930753e-78	0.41836703	8.66278654012172e-265
ILVBL	4.5	2.987526822932176e-119	0.40611777	6.558717698423425e-243
CUEDC2	3.9393939393939394	3.3887978519689985e-202	0.23822854	2.9435199449474063e-13
KIF1C	3.878787878787879	1.2284127079251473e-211	0.600682	0.0
SAMD4A	4.363636363636363	1.9296931071479538e-138	0.4273478	6.623405699935066e-281
EIF2AK3	4.151515151515151	1.1446109044602285e-169	0.61799204	0.0
PPA1	3.9393939393939394	3.3887978519689985e-202	0.098754674	1.0
SNRPA	4.742424242424242	2.0112480802320904e-87	0.05783638	1.0
SH3BP5	4.121212121212121	2.993933330416968e-174	0.1911834	1.0
RGS9BP	15.0	1.0	0.025713913	1.0
PRKAB1	15.0	1.0	0.0308306	1.0
TLR7	5.636363636363637	3.1603395062496015e-09	0.52832276	0.0
SEMA6D	6.575757575757576	1.0	0.4781168	0.0
SYVN1	3.893939393939394	2.855528363833788e-209	0.46471354	0.0
FZD5	7.712121212121212	1.0	0.17303099	1.0
CTRB1	8.166666666666666	1.0	0.034713335	1.0
SNX6	4.121212121212121	2.993933330416968e-174	0.13573779	1.0
IGSF8	6.515151515151516	1.0	0.25383058	4.92721955304214e-24
OAZ1	15.0	1.0	0.0139498515	1.0
AMOT	5.2272727272727275	7.038927224180759e-36	0.5809365	0.0
GSTM3	15.0	1.0	0.026748167	1.0
REPS2	4.287878787878788	2.0335762994395374e-149	0.4147183	2.951785159685824e-258
NEK9	5.03030303030303	1.5255864629947634e-54	0.27579248	2.4230219641873835e-44
IFI35	4.96969696969697	5.9836842956166486e-61	0.07046332	1.0
PIR	4.757575757575758	1.4989734955504187e-85	0.121867456	1.0
NCK1	3.9242424242424243	1.4883845906973111e-204	-0.15606384	1.0
RIPK1	3.9545454545454546	7.665781365813323e-200	0.03357075	1.0
SULT1E1	4.606060606060606	6.280766027761081e-105	0.13413544	1.0
MORF4L2	4.196969696969697	7.408854155105656e-163	0.17308281	1.0
HOXA5	5.151515151515151	1.1784022048920932e-42	0.046168998	1.0
PRKCG	3.803030303030303	1.6541955466014821e-223	-0.060377397	1.0
TIPARP	4.803030303030303	5.12655010797389e-80	0.23722655	1.1234795884978813e-12
MFRP	7.5	1.0	0.11657654	1.0
C1QTNF1	5.409090909090909	7.050991745134946e-22	0.08509851	1.0
TSPAN15	4.818181818181818	3.3485901111930753e-78	0.09568221	1.0
RIN3	5.257575757575758	2.532355208930679e-33	0.42745	4.342048065030488e-281
STX1B	7.045454545454546	1.0	0.058787	1.0
BCOR	4.287878787878788	2.0335762994395374e-149	0.6206815	0.0
MYOC	5.212121212121212	3.4266830986446446e-37	0.024803903	1.0
APPBP2	5.2727272727272725	4.464690473874677e-32	0.08223552	1.0
KDM5A	3.8333333333333335	9.335542196331431e-219	0.6333188	0.0
CCDC101	4.803030303030303	5.12655010797389e-80	0.13540173	1.0
ENOX1	4.46969696969697	1.931907190857211e-123	0.44858047	4.33454e-319
YRDC	5.378787878787879	5.596677988813906e-24	0.0335768	1.0
GABRG3	7.621212121212121	1.0	0.036929373	1.0
MALSU1	7.090909090909091	1.0	0.023368247	1.0
LY6G6F	4.7272727272727275	2.5869665633246372e-89	0.2076871	0.09960899169096635
PDE4D	4.454545454545454	1.4842317088682658e-125	0.43612435	1.0993702139557404e-296
TMBIM6	4.681818181818182	4.566391540340071e-95	0.18469493	1.0
PSMB8	8.712121212121213	1.0	0.16074009	1.0
CEP72	5.136363636363637	4.541988465132742e-44	0.45600793	0.0
PRKAB2	15.0	1.0	0.035883553	1.0
IL22RA2	15.0	1.0	0.023367489	1.0
IPO9	5.2727272727272725	4.464690473874677e-32	0.5144243	0.0
FBXO16	5.863636363636363	0.026010289548509757	0.0873198	1.0
FBXO25	5.196969696969697	1.5845634300765288e-38	0.14230618	1.0
AQP3	5.075757575757576	6.148878058809979e-50	0.09586068	1.0
CDK10	4.833333333333333	2.107807229110395e-76	0.11308307	1.0
ZEB1	3.8615384615384616	2.630959538683699e-214	0.5958179	0.0
ANKRD13B	5.575757575757576	4.742374516777844e-12	0.21945916	0.00011982224736894792
NANOS1	4.757575757575758	1.4989734955504187e-85	0.21103857	0.022796176764798923
GCH1	5.121212121212121	1.65394062595959e-45	0.005326596	1.0
MBD2	4.409090909090909	5.914786475214866e-132	0.05351573	1.0
USP6	6.257575757575758	1.0	0.36898613	4.1688752323010927e-178
PPP1R9A	4.409090909090909	5.914786475214866e-132	0.6159465	0.0
PIH1D1	6.015151515151516	0.9432481883172866	0.08226855	1.0
CBR3	6.090909090909091	1.0	0.05483663	1.0
GAB2	4.196969696969697	7.408854155105656e-163	0.3468342	2.025696617328329e-141
KLF13	4.2727272727272725	1.2235597067539176e-151	0.18512054	1.0
CRLS1	5.606060606060606	1.3777219093908933e-10	0.13843887	1.0
RPL6	4.9393939393939394	2.8876096295366594e-64	0.12196824	1.0
ATP5B	6.181818181818182	1.0	0.08118848	1.0
RUFY2	4.878787878787879	4.201267031456755e-71	0.38932613	3.0790531982079155e-213
DLG4	4.712121212121212	3.234126539505369e-91	-0.111963525	1.0
SPARC	6.242424242424242	1.0	0.030046102	1.0
C21orf33	8.090909090909092	1.0	0.039832972	1.0
UBASH3B	4.151515151515151	1.1446109044602285e-169	0.4644749	0.0
MLST8	4.742424242424242	2.0112480802320904e-87	0.05662821	1.0
HLA-DMA	15.0	1.0	0.013879193	1.0
ULBP1	15.0	1.0	0.020129453	1.0
PRTN3	7.757575757575758	1.0	0.004003773	1.0
TSKS	6.803030303030303	1.0	0.13453893	1.0
C1orf65	5.136363636363637	4.541988465132742e-44	0.4183808	8.188083943405565e-265
CDKN1C	4.333333333333333	8.36973431338001e-143	0.13187419	1.0
CNN1	4.348484848484849	1.2952202012909316e-140	0.21841496	0.00025929513170183454
MYH1	5.666666666666667	5.7023465843776827e-08	0.5942383	0.0
VDAC1	4.893939393939394	2.282999105755518e-69	0.005108604	1.0
SENP1	4.409090909090909	5.914786475214866e-132	0.3981784	8.047587010802105e-229
FUBP1	4.348484848484849	1.2952202012909316e-140	0.45927617	0.0
F11	7.712121212121212	1.0	0.3339775	3.589979320637833e-121
CCDC88B	6.5606060606060606	1.0	0.47551072	0.0
MYD88	4.636363636363637	6.063285131315225e-101	-0.12069743	1.0
CENPO	6.363636363636363	1.0	0.08085361	1.0
CIITA	4.409090909090909	5.914786475214866e-132	0.58324593	0.0
NOTCH2	4.984848484848484	2.5536481937036903e-59	0.5921855	0.0
PTPRH	3.8636363636363638	5.309754525883307e-214	0.60245425	0.0
TRAF3IP1	5.409090909090909	7.050991745134946e-22	0.37041682	1.5417339918943425e-180
MSMO1	5.151515151515151	1.1784022048920932e-42	0.16520886	1.0
ASB9	6.818181818181818	1.0	0.039506555	1.0
DSC2	5.9393939393939394	0.29042308693009067	0.5979025	0.0
MYOZ1	4.878787878787879	4.201267031456755e-71	0.10352936	1.0
GALNT10	15.0	1.0	0.13755481	1.0
SIAH1	4.196969696969697	7.408854155105656e-163	-0.061030924	1.0
TBC1D7	4.621212121212121	6.241076737412368e-103	0.10846447	1.0
RGR	8.090909090909092	1.0	0.027239935	1.0
FMNL1	4.015151515151516	1.8150337481646768e-190	0.60720867	0.0
VTCN1	5.742424242424242	2.8116884309810437e-05	0.026122335	1.0
MYT1	4.318181818181818	5.3259981484645446e-145	0.5868586	0.0
LDLRAP1	4.9393939393939394	2.8876096295366594e-64	0.102964394	1.0
HSPA2	4.106060606060606	1.5042150568912314e-176	0.44177625	7.47881185100005e-307
MAD2L1BP	3.878787878787879	1.2284127079251473e-211	0.21943235	0.00012225463298067138
FAM131A	6.181818181818182	1.0	0.047223877	1.0
SECTM1	15.0	1.0	0.02569303	1.0
MRPL19	15.0	1.0	0.051725205	1.0
MIS18BP1	4.424242424242424	8.234322370316294e-130	0.5832859	0.0
COG1	15.0	1.0	0.46873465	0.0
THOC1	4.393939393939394	4.1588243918237506e-134	0.4277167	1.4413968699299498e-281
R3HDM1	5.151515151515151	1.1784022048920932e-42	0.55279523	0.0
SNF8	15.0	1.0	0.021849953	1.0
WRNIP1	4.909090909090909	1.1939958588792523e-67	0.35938108	5.886826397066844e-162
CRTC1	4.363636363636363	1.9296931071479538e-138	0.42349595	5.465062785676443e-274
RAB3GAP1	15.0	1.0	0.53450894	0.0
SMPD1	5.484848484848484	4.837331664837387e-17	0.22572437	5.583508509256002e-07
USP49	6.454545454545454	1.0	0.22720739	1.3025630255604572e-07
SIX2	5.075757575757576	6.148878058809979e-50	0.13485065	1.0
DKK1	13.712121212121213	1.0	0.07625932	1.0
ATP4B	6.409090909090909	1.0	0.0892811	1.0
SCNN1G	5.106060606060606	5.774871996982557e-47	0.4133559	8.020802839210313e-256
DDAH2	5.757575757575758	8.110867378945913e-05	0.07668476	1.0
ATP1B2	7.075757575757576	1.0	0.032297023	1.0
VCL	4.075757575757576	3.621754795530252e-181	0.3401176	9.900409105945203e-131
PREPL	5.348484848484849	3.543656868901738e-26	0.37355298	6.784037880068164e-186
C1orf63	5.348484848484849	3.543656868901738e-26	0.07148227	1.0
TACO1	5.121212121212121	1.65394062595959e-45	0.13978393	1.0
CCND1	3.621212121212121	2.8697289860358173e-252	-0.02053905	1.0
C21orf91	5.5	3.7842004657943047e-16	0.1703084	1.0
SPHK2	4.833333333333333	2.107807229110395e-76	0.4538218	0.0
CFDP1	3.9242424242424243	1.4883845906973111e-204	0.26375633	1.668128849559896e-32
CD22	4.484848484848484	2.430993042715581e-121	0.42359713	3.59916633468239e-274
APCS	6.878787878787879	1.0	0.007768761	1.0
SKIL	3.803030303030303	1.6541955466014821e-223	-0.032489367	1.0
CTNNB1	3.196969696969697	6.496e-320	-0.14623165	1.0
CHRD	8.727272727272727	1.0	0.1793548	1.0
KANSL1	5.212121212121212	3.4266830986446446e-37	0.6008833	0.0
CINP	15.0	1.0	0.02116906	1.0
GULP1	6.409090909090909	1.0	0.12244469	1.0
FIP1L1	15.0	1.0	0.10909799	1.0
HAAO	5.575757575757576	4.742374516777844e-12	0.061268054	1.0
NCR2	15.0	1.0	0.03506381	1.0
NIPSNAP1	5.409090909090909	7.050991745134946e-22	0.056241527	1.0
NFKBIA	3.6515151515151514	1.916297134297963e-247	-0.14251013	1.0
SH2B1	4.46969696969697	1.931907190857211e-123	0.44419524	3.326895471011e-311
MAPRE2	5.590909090909091	2.632737875380154e-11	0.19290382	1.0
RAD9A	4.378787878787879	2.851091925485961e-136	-0.06458967	1.0
VDAC3	7.0	1.0	0.062362373	1.0
APOE	5.924242424242424	0.19929500119739843	0.07049167	1.0
SLC25A34	6.196969696969697	1.0	0.08094985	1.0
SSH3	4.878787878787879	4.201267031456755e-71	0.42814904	2.4087052366100112e-282
CLPB	4.712121212121212	3.234126539505369e-91	0.40486297	1.122307215742952e-240
ZBTB22	5.075757575757576	6.148878058809979e-50	0.35878652	5.729920553037086e-161
ERBB3	4.181818181818182	4.0396039921142017e-165	0.34695467	1.2965801486263916e-141
VDAC2	5.53030303030303	1.9631201286694676e-14	0.034962147	1.0
LEO1	4.196969696969697	7.408854155105656e-163	0.4178249	8.106501076250566e-264
CRK	3.9696969696969697	1.7009092593290584e-197	-0.11756718	1.0
PRAM1	5.0	1.0403022436148605e-57	0.43922305	2.9300688924933433e-302
RAB11FIP4	6.0606060606060606	1.0	0.24973173	6.782801626579139e-21
EMCN	7.9393939393939394	1.0	0.032447796	1.0
BCAP29	15.0	1.0	0.017189344	1.0
PTPRN2	5.151515151515151	1.1784022048920932e-42	0.57969266	0.0
TPP1	15.0	1.0	0.09634743	1.0
CCAR1	4.196969696969697	7.408854155105656e-163	0.60006493	0.0
SON	3.9242424242424243	1.4883845906973111e-204	0.64331347	0.0
RFC3	4.681818181818182	4.566391540340071e-95	0.10555091	1.0
APBB1IP	4.818181818181818	3.3485901111930753e-78	0.44321197	1.956682685740384e-309
BCHE	15.0	1.0	0.1600215	1.0
FBXO17	5.863636363636363	0.026010289548509757	0.08392608	1.0
ZNF709	5.863636363636363	0.026010289548509757	0.2285976	3.127988982932727e-08
COMT	6.166666666666667	1.0	0.024115786	1.0
PLEKHF1	7.515151515151516	1.0	0.033544768	1.0
EAF1	8.090909090909092	1.0	0.03122347	1.0
GALNTL2	5.045454545454546	5.449835677091945e-53	0.29033867	9.398422719814379e-61
MNAT1	3.772727272727273	2.8003122703195513e-228	0.13589378	1.0
TMEM241	5.4393939393939394	7.15071135886857e-20	0.15153146	1.0
TOLLIP	6.954545454545454	1.0	0.035319574	1.0
RPP38	15.0	1.0	0.008583173	1.0
SLC40A1	6.363636363636363	1.0	0.10291955	1.0
DBN1	5.378787878787879	5.596677988813906e-24	0.45465976	0.0
MSH3	4.848484848484849	1.2797706148193189e-74	0.59663945	0.0
KIR2DS4	8.151515151515152	1.0	0.0438897	1.0
ZNF167	9.242424242424242	1.0	0.028765325	1.0
BAMBI	7.803030303030303	1.0	0.025303103	1.0
NPLOC4	7.257575757575758	1.0	0.123376675	1.0
NME5	15.0	1.0	0.010809174	1.0
CRKL	4.181818181818182	4.0396039921142017e-165	-0.07857397	1.0
BRSK2	4.333333333333333	8.36973431338001e-143	0.4427821	1.1608844686901345e-308
CXXC1	4.393939393939394	4.1588243918237506e-134	0.43367475	2.7980062713353997e-292
EEF1D	3.9242424242424243	1.4883845906973111e-204	0.44234997	6.948637437174144e-308
MARK4	3.8333333333333335	9.335542196331431e-219	0.26889464	2.353781421288583e-37
SPAST	9.303030303030303	1.0	0.096020825	1.0
IL22RA1	15.0	1.0	0.095828705	1.0
SAP30BP	5.0	1.0403022436148605e-57	0.1261877	1.0
TLX3	6.045454545454546	1.0	0.071770504	1.0
SLC5A1	4.515151515151516	3.593818462139579e-117	0.40190598	2.0078133188461443e-235
DPPA4	4.515151515151516	3.593818462139579e-117	0.1354527	1.0
UBA7	4.9393939393939394	2.8876096295366594e-64	0.34188262	1.6216935613161848e-133
SGTB	5.393939393939394	6.482752192123682e-23	0.06917699	1.0
INADL	5.03030303030303	1.5255864629947634e-54	0.279783	1.2644542691332982e-48
KIF17	5.0606060606060606	1.868647141764226e-51	0.30859837	3.21898705431945e-84
IL31RA	5.090909090909091	1.923470993656941e-48	0.39846385	2.517903553184411e-229
GUCY1B3	6.075757575757576	1.0	0.34443402	1.4223828462998871e-137
COPS5	3.621212121212121	2.8697289860358173e-252	-0.11662676	1.0
GEM	4.2727272727272725	1.2235597067539176e-151	0.19949731	0.9447528869592929
XPO7	5.257575757575758	2.532355208930679e-33	0.5602455	0.0
TIE1	4.651515151515151	5.700658646082387e-99	0.5962828	0.0
HMGCL	8.393939393939394	1.0	0.018200606	1.0
GNB2L1	3.727272727272727	1.8809940959048096e-235	-0.110900804	1.0
ZAP70	4.242424242424242	4.2660456775394e-156	-0.11701697	1.0
MFNG	5.151515151515151	1.1784022048920932e-42	0.14611612	1.0
NUP85	4.242424242424242	4.2660456775394e-156	0.43053824	1.2219298751712877e-286
AQP4	4.0606060606060606	1.739805437553857e-183	0.17174196	1.0
CLIC1	15.0	1.0	0.018800471	1.0
SLC12A3	6.818181818181818	1.0	0.42197588	2.919919907573046e-271
KLKB1	7.606060606060606	1.0	0.2538066	5.146362821739394e-24
ATP6V1A	7.363636363636363	1.0	0.16619307	1.0
MDFI	4.4393939393939394	1.1179237737721773e-127	-0.2431565	1.0
HR	4.287878787878788	2.0335762994395374e-149	0.6034222	0.0
HLA-DOB	15.0	1.0	0.027700381	1.0
ZNF146	5.742424242424242	2.8116884309810437e-05	0.04134957	1.0
KCNIP2	7.075757575757576	1.0	0.019598717	1.0
FAM107B	4.833333333333333	2.107807229110395e-76	0.062901236	1.0
MAPK1	3.0303030303030303	0.0	-0.18698268	1.0
FBXO6	5.863636363636363	0.026010289548509757	0.08217443	1.0
ATN1	4.287878787878788	2.0335762994395374e-149	0.02205613	1.0
DSG2	5.2272727272727275	7.038927224180759e-36	0.6173308	0.0
ZNF44	4.318181818181818	5.3259981484645446e-145	0.37465698	8.713915543041545e-188
DHX30	4.303030303030303	3.33264627763135e-147	0.5313375	0.0
ATF6	4.333333333333333	8.36973431338001e-143	0.41703367	2.117262162365794e-262
GSTM2	15.0	1.0	0.009618459	1.0
NEXN	4.848484848484849	1.2797706148193189e-74	0.3953398	8.243319838264173e-224
GAB1	4.181818181818182	4.0396039921142017e-165	0.16273652	1.0
PLSCR3	5.333333333333333	2.600528747744788e-27	0.12159134	1.0
FSTL3	15.0	1.0	0.029128078	1.0
FFAR1	6.2272727272727275	1.0	0.13419223	1.0
CRYBB1	15.0	1.0	0.01187732	1.0
NAPA	6.242424242424242	1.0	-0.0016390654	1.0
XRCC2	7.863636363636363	1.0	0.038354274	1.0
HLA-DMB	15.0	1.0	0.018428938	1.0
OGDH	5.46969696969697	5.8303237583507375e-18	0.3920822	4.4846113522768863e-218
PRRT2	6.863636363636363	1.0	0.05916338	1.0
AURKC	5.0606060606060606	1.868647141764226e-51	0.05508105	1.0
ORC3	5.287878787878788	7.485477606395389e-31	0.2976018	9.925156746553181e-70
PIM1	4.045454545454546	8.293864890908537e-186	0.10571671	1.0
GOLGA2	5.0606060606060606	1.868647141764226e-51	0.27814472	7.603036239154241e-47
DVL1	4.106060606060606	1.5042150568912314e-176	0.30437672	1.5561285925685298e-78
UBC	3.9242424242424243	1.4883845906973111e-204	0.35869557	8.112808053515885e-161
ZFP64	4.757575757575758	1.4989734955504187e-85	0.41400844	5.478509291131787e-257
KLRK1	15.0	1.0	-0.006352112	1.0
DMTF1	4.621212121212121	6.241076737412368e-103	0.40883937	9.295938607802001e-248
PCSK1N	15.0	1.0	0.024779964	1.0
MYOD1	3.696969696969697	3.006258229506499e-240	-0.11800794	1.0
ZNF510	4.545454545454546	4.834723743239444e-113	0.40403634	3.3054206705409737e-239
FCGR2B	4.924242424242424	5.985953570968111e-66	0.15391235	1.0
MEIS2	5.212121212121212	3.4266830986446446e-37	0.047536727	1.0
POLR1B	5.0606060606060606	1.868647141764226e-51	0.5541075	0.0
ATRAID	7.045454545454546	1.0	0.027575132	1.0
TTC1	6.03030303030303	1.0	0.07009791	1.0
MSX1	3.787878787878788	6.691875806829089e-226	0.013746894	1.0
PLA1A	6.757575757575758	1.0	0.03673581	1.0
CLIC2	15.0	1.0	0.017672943	1.0
EMG1	15.0	1.0	0.02004437	1.0
TP53BP2	3.6363636363636362	7.240515644060204e-250	0.5088377	0.0
PRMT5	6.0	0.8130487145366784	0.16647366	1.0
RGN	4.787878787878788	7.589866940626278e-82	0.15722002	1.0
ARHGAP18	5.954545454545454	0.4021808346106391	0.35455734	5.58283908183876e-154
TH1L	5.46969696969697	5.8303237583507375e-18	0.14243627	1.0
POMC	15.0	1.0	0.004031174	1.0
SP100	4.166666666666667	2.1673241151360944e-167	0.42646384	2.5642238772867835e-279
UNG	4.833333333333333	2.107807229110395e-76	0.16305524	1.0
KDM2A	4.03030303030303	3.9142803071732094e-188	0.58816785	0.0
ATP6V1D	15.0	1.0	0.020901768	1.0
PROL1	15.0	1.0	0.015503841	1.0
F3	8.727272727272727	1.0	0.0686233	1.0
ITGA3	5.651515151515151	1.3838745592303982e-08	0.43474072	3.395625150703895e-294
ATXN2	6.106060606060606	1.0	0.37275136	1.5979377775257787e-184
RNF41	4.848484848484849	1.2797706148193189e-74	0.14468329	1.0
CA4	6.196969696969697	1.0	0.044986557	1.0
WDR61	4.454545454545454	1.4842317088682658e-125	0.22098938	3.623940862517757e-05
ZBED5	4.166666666666667	2.1673241151360944e-167	0.40971422	2.556122936339487e-249
KATNBL1	4.909090909090909	1.1939958588792523e-67	0.11386383	1.0
TM9SF2	4.166666666666667	2.1673241151360944e-167	0.37438998	2.5006885039817633e-187
EYA4	5.893939393939394	0.08040728585071569	0.15353402	1.0
ADCY2	5.4393939393939394	7.15071135886857e-20	0.52660275	0.0
CD47	5.196969696969697	1.5845634300765288e-38	0.053158585	1.0
SFRP2	11.712121212121213	1.0	0.054728657	1.0
AZGP1	6.045454545454546	1.0	0.14001298	1.0
TIPIN	7.0606060606060606	1.0	0.072767615	1.0
TPGS2	5.242424242424242	1.363714314520086e-34	0.13107157	1.0
ANKS3	6.196969696969697	1.0	0.33974433	3.8237852410763724e-130
NIT1	4.409090909090909	5.914786475214866e-132	0.15577939	1.0
EIF2S1	4.196969696969697	7.408854155105656e-163	-0.002189875	1.0
TAB2	4.257575757575758	7.351715149052645e-154	0.38237506	4.135382507791353e-201
ATG5	8.909090909090908	1.0	0.022598036	1.0
PTPN21	4.242424242424242	4.2660456775394e-156	0.6034723	0.0
CEP76	5.7727272727272725	0.0002205579338264052	0.30740044	1.3658094165812992e-82
AK5	15.0	1.0	0.0700841	1.0
SKA1	7.5	1.0	0.013702984	1.0
ZZEF1	5.909090909090909	0.1300519624973496	0.62894344	0.0
DOK5	4.545454545454546	4.834723743239444e-113	0.21853979	0.00023681343326711877
RELL1	15.0	1.0	0.009519942	1.0
APTX	4.909090909090909	1.1939958588792523e-67	0.12193446	1.0
ELN	8.136363636363637	1.0	0.2013612	0.6627931629049855
PRKCH	4.2272727272727275	2.4241998747786866e-158	0.4667669	0.0
HLA-DPB1	15.0	1.0	0.013297385	1.0
EMILIN2	15.0	1.0	0.32030374	1.0516515177506514e-100
EXOC4	5.045454545454546	5.449835677091945e-53	0.602874	0.0
PEF1	6.106060606060606	1.0	0.027828617	1.0
DUSP2	4.0	8.378388133182956e-193	0.22895867	2.1383379163783285e-08
MX1	6.075757575757576	1.0	0.39599317	5.811532734817203e-225
HMG20B	4.575757575757576	5.853914984634287e-109	0.12298415	1.0
SPARCL1	4.621212121212121	6.241076737412368e-103	0.34591308	6.115383733933896e-140
TSPY1	4.181818181818182	4.0396039921142017e-165	0.1445375	1.0
ANKRD23	6.2272727272727275	1.0	0.10365906	1.0
THAP11	4.5606060606060606	5.400493616127032e-111	0.18527818	1.0
POLR3F	4.454545454545454	1.4842317088682658e-125	0.06141456	1.0
FAM84B	5.0	1.0403022436148605e-57	0.0894106	1.0
SDC1	7.318181818181818	1.0	0.041112565	1.0
ALB	6.848484848484849	1.0	0.08313103	1.0
MYBL1	4.257575757575758	7.351715149052645e-154	0.42746627	4.0612179543261384e-281
FBF1	5.151515151515151	1.1784022048920932e-42	0.57350266	0.0
NOS2	4.121212121212121	2.993933330416968e-174	0.59353787	0.0
UPP1	4.696969696969697	3.895072545540908e-93	0.15977445	1.0
SGOL1	4.303030303030303	3.33264627763135e-147	-0.092114165	1.0
TPM1	5.545454545454546	1.2939466289206966e-13	-0.0036604877	1.0
STX17	8.151515151515152	1.0	0.042681757	1.0
SIGLEC11	4.742424242424242	2.0112480802320904e-87	0.43469405	4.118428863170957e-294
IFT80	15.0	1.0	0.26369804	1.8848957190586693e-32
KIAA0408	4.681818181818182	4.566391540340071e-95	0.3460969	3.101743091749542e-140
PITX1	4.621212121212121	6.241076737412368e-103	0.13445693	1.0
GNPTG	6.9393939393939394	1.0	0.07827376	1.0
SLC25A11	4.636363636363637	6.063285131315225e-101	0.123620726	1.0
TEF	5.2727272727272725	4.464690473874677e-32	0.024820356	1.0
STX11	6.090909090909091	1.0	0.029688774	1.0
SERTAD2	4.196969696969697	7.408854155105656e-163	0.19267309	1.0
FCGR2A	4.484848484848484	2.430993042715581e-121	0.25624594	5.541744794781837e-26
GFPT1	4.4393939393939394	1.1179237737721773e-127	0.41345558	5.331890802935385e-256
FLYWCH1	4.484848484848484	2.430993042715581e-121	0.41045848	1.2000470893349286e-250
RNF144B	4.606060606060606	6.280766027761081e-105	0.095338985	1.0
CREB1	3.4393939393939394	2.874829087237775e-281	-0.09078316	1.0
FCGR3B	7.878787878787879	1.0	0.023300653	1.0
MARCH8	6.363636363636363	1.0	0.021227123	1.0
CELSR1	9.606060606060606	1.0	0.6341576	0.0
DMPK	9.0	1.0	0.16027872	1.0
TLN1	4.318181818181818	5.3259981484645446e-145	0.53315693	0.0
SIN3A	3.712121212121212	7.49123416449061e-238	-0.066236496	1.0
KCNH5	15.0	1.0	0.331115	8.668305145139175e-117
PPAP2A	6.954545454545454	1.0	0.019867802	1.0
SLBP	12.242424242424242	1.0	0.015377077	1.0
ZNF7	4.136363636363637	5.900348408278667e-172	0.38976738	5.18366321284405e-214
MAML2	4.818181818181818	3.3485901111930753e-78	0.61221015	0.0
SHCBP1	4.833333333333333	2.107807229110395e-76	0.31720227	3.081058541874879e-96
HDHD2	15.0	1.0	0.010181147	1.0
OTX2	5.46969696969697	5.8303237583507375e-18	0.06278718	1.0
TCEA1	5.090909090909091	1.923470993656941e-48	0.053180844	1.0
IL1R2	6.03030303030303	1.0	0.0007520388	1.0
NUB1	5.0	1.0403022436148605e-57	0.16878363	1.0
EPHA5	5.863636363636363	0.026010289548509757	0.41885084	1.179889879371896e-265
DLL4	4.818181818181818	3.3485901111930753e-78	0.44221324	1.2222639368065451e-307
MRVI1	5.257575757575758	2.532355208930679e-33	0.5832198	0.0
GTF2H3	5.575757575757576	4.742374516777844e-12	0.077747434	1.0
FAM131C	5.075757575757576	6.148878058809979e-50	0.0360602	1.0
TSGA10	4.575757575757576	5.853914984634287e-109	0.39780635	3.65284032219236e-228
RHBDL2	5.045454545454546	5.449835677091945e-53	0.08335878	1.0
RNF126	5.106060606060606	5.774871996982557e-47	0.018588897	1.0
CA8	5.575757575757576	4.742374516777844e-12	0.15906349	1.0
TCF25	5.045454545454546	5.449835677091945e-53	0.35795182	1.392881368184089e-159
C10orf54	4.045454545454546	8.293864890908537e-186	0.21083345	0.025201639856663488
GTF2B	3.6666666666666665	4.818447051986087e-245	-0.063145235	1.0
ZC3H14	6.166666666666667	1.0	0.08110145	1.0
UPF1	5.9393939393939394	0.29042308693009067	0.45936674	0.0
SRGAP3	5.151515151515151	1.1784022048920932e-42	0.5925109	0.0
EDA2R	4.454545454545454	1.4842317088682658e-125	0.14068748	1.0
CAPZA3	5.2272727272727275	7.038927224180759e-36	0.0303119	1.0
IFNAR2	4.166666666666667	2.1673241151360944e-167	-0.088981055	1.0
STYXL1	4.5	2.987526822932176e-119	0.16746022	1.0
C11orf68	4.924242424242424	5.985953570968111e-66	0.028863806	1.0
PIGA	15.0	1.0	0.0036989236	1.0
XRN1	5.96969696969697	0.5313972993119761	0.40514055	3.601728438861208e-241
SP3	3.6666666666666665	4.818447051986087e-245	0.38507682	8.237765157996748e-206
STUB1	3.5303030303030303	9.616322325664552e-267	-0.032279786	1.0
PLCB2	4.818181818181818	3.3485901111930753e-78	0.5973581	0.0
CDX2	3.712121212121212	7.49123416449061e-238	0.2447382	2.3003782568446374e-17
CLUAP1	15.0	1.0	0.015064707	1.0
RNPS1	5.106060606060606	5.774871996982557e-47	0.049098585	1.0
CHRNA4	7.878787878787879	1.0	0.11401152	1.0
SHKBP1	4.712121212121212	3.234126539505369e-91	0.42616752	8.725385691882333e-279
ITGA10	6.106060606060606	1.0	0.5442979	0.0
SPRY1	4.7272727272727275	2.5869665633246372e-89	0.17573172	1.0
TEAD4	4.803030303030303	5.12655010797389e-80	0.10615062	1.0
FGF2	5.984848484848484	0.6713958573583418	0.011689474	1.0
UBXN1	4.333333333333333	8.36973431338001e-143	0.24636625	1.764773817279835e-18
APOA1	5.984848484848484	0.6713958573583418	-0.025168635	1.0
PCDH18	5.166666666666667	2.93824026063579e-41	0.51645714	0.0
HOOK2	5.242424242424242	1.363714314520086e-34	0.3157487	3.617318018460673e-94
MED8	5.454545454545454	6.638801559632507e-19	-0.116576515	1.0
IL23R	6.924242424242424	1.0	0.12085542	1.0
VTA1	5.590909090909091	2.632737875380154e-11	0.03315658	1.0
USP9X	3.727272727272727	1.8809940959048096e-235	0.6245813	0.0
DIMT1	5.03030303030303	1.5255864629947634e-54	0.091186576	1.0
ZNF410	5.257575757575758	2.532355208930679e-33	0.09343508	1.0
BOLL	15.0	1.0	0.09185468	1.0
NEK7	6.03030303030303	1.0	0.029556781	1.0
STK16	6.4393939393939394	1.0	0.00839433	1.0
C11orf65	4.636363636363637	6.063285131315225e-101	0.15030068	1.0
HGFAC	8.212121212121213	1.0	0.26978037	3.201387007205839e-38
SORBS1	4.166666666666667	2.1673241151360944e-167	0.33354667	1.6509107310532927e-120
GP6	4.833333333333333	2.107807229110395e-76	0.17757104	1.0
PURB	4.984848484848484	2.5536481937036903e-59	0.046616197	1.0
RHPN2	4.166666666666667	2.1673241151360944e-167	0.43520573	4.941411950200602e-295
JAM2	5.96969696969697	0.5313972993119761	0.047989536	1.0
PNRC1	4.015151515151516	1.8150337481646768e-190	0.04541035	1.0
FERMT3	6.257575757575758	1.0	0.32333395	3.895241429653876e-105
IRF1	4.136363636363637	5.900348408278667e-172	0.23962411	4.32963578483553e-14
PABPN1	5.712121212121212	2.8086318893086953e-06	0.023889676	1.0
ELL2	9.090909090909092	1.0	0.13014181	1.0
PTPN14	4.181818181818182	4.0396039921142017e-165	0.5918131	0.0
TMEM62	7.151515151515151	1.0	0.1141536	1.0
FN1	6.075757575757576	1.0	0.1613099	1.0
SEPHS1	4.909090909090909	1.1939958588792523e-67	0.10782565	1.0
COL5A1	6.878787878787879	1.0	0.62449175	0.0
APOA1BP	6.984848484848484	1.0	0.02749905	1.0
NTHL1	5.666666666666667	5.7023465843776827e-08	0.047292832	1.0
SOX2	4.590909090909091	6.15075884339598e-107	0.15495212	1.0
ATXN2L	5.166666666666667	2.93824026063579e-41	0.63211906	0.0
SLC39A2	6.833333333333333	1.0	0.0135138035	1.0
COL13A1	6.4393939393939394	1.0	0.43251848	3.3589345873810823e-290
NFYA	3.772727272727273	2.8003122703195513e-228	0.01152452	1.0
FOXK2	5.681818181818182	2.220023745055577e-07	0.17898287	1.0
GPS2	3.787878787878788	6.691875806829089e-226	-0.013896415	1.0
PSMD14	5.893939393939394	0.08040728585071569	0.06059032	1.0
ARPC2	6.181818181818182	1.0	0.010008154	1.0
LDLR	5.909090909090909	0.1300519624973496	0.21334988	0.006756945501502571
CCDC137	6.287878787878788	1.0	0.029774204	1.0
GPSM2	6.075757575757576	1.0	0.37767765	5.544953034280152e-193
MARK2	4.0	8.378388133182956e-193	0.45819896	0.0
KRT1	5.818181818181818	0.0031247077582926205	0.10725227	1.0
NMI	4.181818181818182	4.0396039921142017e-165	-0.046757266	1.0
C20orf195	5.166666666666667	2.93824026063579e-41	0.13473172	1.0
CIAPIN1	6.46969696969697	1.0	0.03722019	1.0
ELAVL1	4.5606060606060606	5.400493616127032e-111	0.033216402	1.0
ABCA4	15.0	1.0	0.37372	3.513531255557667e-186
LRCH3	4.363636363636363	1.9296931071479538e-138	0.4063271	2.783695468336772e-243
LY9	5.5	3.7842004657943047e-16	0.181282	1.0
FERMT1	5.515151515151516	2.804737320536277e-15	0.34707516	8.299940757387e-142
IMP4	15.0	1.0	0.020026464	1.0
MSLN	15.0	1.0	0.12737352	1.0
MAGEA12	4.666666666666667	5.190235199322125e-97	0.16702127	1.0
ZSCAN20	10.242424242424242	1.0	0.27528223	8.311012330396763e-44
RPL8	7.5	1.0	0.00014114086	1.0
PBK	3.5454545454545454	2.4603959389348576e-264	0.21265483	0.009910849254573993
PRPF38A	5.696969696969697	8.135574001437365e-07	0.1280583	1.0
ST5	3.757575757575758	1.1434317634623256e-230	0.43210548	1.856410093257468e-289
GLG1	4.590909090909091	6.15075884339598e-107	0.57637423	0.0
KANK1	4.424242424242424	8.234322370316294e-130	0.57349384	0.0
ASB13	6.803030303030303	1.0	0.017914657	1.0
USF1	3.8636363636363638	5.309754525883307e-214	0.19738147	1.0
KCNK15	4.0	8.378388133182956e-193	0.29738152	1.8884913597852616e-69
TNNT2	6.393939393939394	1.0	0.021065237	1.0
NPDC1	4.424242424242424	8.234322370316294e-130	0.1427097	1.0
MPZ	15.0	1.0	0.010929444	1.0
HNRNPA0	5.4393939393939394	7.15071135886857e-20	0.050666798	1.0
ZXDC	5.0606060606060606	1.868647141764226e-51	0.40667805	6.60252655641031e-244
DEDD2	4.4393939393939394	1.1179237737721773e-127	0.13693163	1.0
PRDM1	4.9393939393939394	2.8876096295366594e-64	0.40698797	1.8564127969796278e-244
GPAA1	15.0	1.0	0.08771754	1.0
SH3YL1	4.484848484848484	2.430993042715581e-121	0.1521721	1.0
RPIA	5.4393939393939394	7.15071135886857e-20	0.081026025	1.0
DHRS1	5.242424242424242	1.363714314520086e-34	0.15645368	1.0
BST1	4.575757575757576	5.853914984634287e-109	0.14658995	1.0
ZMYND8	5.212121212121212	3.4266830986446446e-37	0.582995	0.0
DOHH	6.606060606060606	1.0	0.013423279	1.0
CLDN5	5.954545454545454	0.4021808346106391	0.1328028	1.0
BMP2K	4.7727272727272725	1.0830356453634325e-83	0.51268405	0.0
CACNG2	5.151515151515151	1.1784022048920932e-42	0.15282351	1.0
DPP6	5.666666666666667	5.7023465843776827e-08	0.18124005	1.0
SLC25A36	5.121212121212121	1.65394062595959e-45	0.1263189	1.0
CHM	6.242424242424242	1.0	0.084584035	1.0
DOC2B	6.484848484848484	1.0	0.051406447	1.0
OLIG2	4.2727272727272725	1.2235597067539176e-151	0.11219601	1.0
MCM5	5.303030303030303	1.1955487594189794e-29	0.2811081	4.388177887798653e-50
FOSL2	4.348484848484849	1.2952202012909316e-140	0.16992629	1.0
ITGA11	6.106060606060606	1.0	0.5410355	0.0
COMMD1	6.924242424242424	1.0	-0.024311077	1.0
ORAI1	6.121212121212121	1.0	0.21595827	0.0013949629297202368
YAP1	3.8333333333333335	9.335542196331431e-219	-0.008683826	1.0
TPRN	4.515151515151516	3.593818462139579e-117	0.36522672	9.58919793089293e-172
TAB3	4.818181818181818	3.3485901111930753e-78	0.4123908	4.2602260003487066e-254
ARID4A	4.378787878787879	2.851091925485961e-136	0.5818644	0.0
CDK6	3.8333333333333335	9.335542196331431e-219	0.004100741	1.0
CXXC5	3.909090909090909	6.631144541376156e-207	0.22614875	3.7097155583077846e-07
HOXA11	4.2727272727272725	1.2235597067539176e-151	0.14051595	1.0
ADRBK2	5.303030303030303	1.1955487594189794e-29	0.30885202	1.452917197016685e-84
ZNF202	10.242424242424242	1.0	0.13857768	1.0
ITGA1	6.03030303030303	1.0	0.569073	0.0
ABCE1	15.0	1.0	0.07292623	1.0
ZRANB2	4.7272727272727275	2.5869665633246372e-89	0.076675594	1.0
NDFIP2	4.984848484848484	2.5536481937036903e-59	0.15788013	1.0
COPS6	3.8181818181818183	3.9384120538611244e-221	-0.20047672	1.0
IDUA	7.303030303030303	1.0	0.1811103	1.0
CLASRP	5.075757575757576	6.148878058809979e-50	0.2935069	1.3149433469107132e-64
MTA1	3.727272727272727	1.8809940959048096e-235	0.3346131	3.7710861401118404e-122
KIF13A	4.2727272727272725	1.2235597067539176e-151	0.62752825	0.0
APEX1	3.6363636363636362	7.240515644060204e-250	-0.009870663	1.0
CCNT2	4.2727272727272725	1.2235597067539176e-151	0.4043873	7.866285996800346e-240
MAGEA1	5.257575757575758	2.532355208930679e-33	-0.010957296	1.0
YBX1	3.515151515151515	3.8831092435112124e-269	-0.10305639	1.0
MCF2L2	6.2272727272727275	1.0	0.4830362	0.0
PARK2	4.484848484848484	2.430993042715581e-121	0.024729297	1.0
ELMO1	5.03030303030303	1.5255864629947634e-54	0.42649376	2.2665730878863426e-279
CTNND2	3.878787878787879	1.2284127079251473e-211	0.42117622	7.946113080966413e-270
DDX3Y	6.984848484848484	1.0	0.23998019	2.629921338219005e-14
C8orf48	5.196969696969697	1.5845634300765288e-38	0.18061757	1.0
TSPYL2	5.257575757575758	2.532355208930679e-33	0.3958649	9.774511490013255e-225
CHML	6.287878787878788	1.0	0.22545853	7.187425640381436e-07
FBXL12	4.333333333333333	8.36973431338001e-143	0.14180899	1.0
EIF2B5	3.9696969696969697	1.7009092593290584e-197	0.41534486	2.2346278996604112e-259
GIT1	3.9393939393939394	3.3887978519689985e-202	0.0084470315	1.0
DIAPH2	4.590909090909091	6.15075884339598e-107	0.44833505	1.195916e-318
PDLIM1	4.833333333333333	2.107807229110395e-76	0.050760325	1.0
DLAT	6.818181818181818	1.0	0.1038564	1.0
MTMR11	4.757575757575758	1.4989734955504187e-85	0.36652836	6.091533888787654e-174
TNFRSF6B	6.666666666666667	1.0	0.006480639	1.0
UBTF	3.606060606060606	1.151654573846843e-254	0.21389912	0.004938507669457391
NDEL1	4.121212121212121	2.993933330416968e-174	0.12210137	1.0
MTHFR	7.878787878787879	1.0	0.17828	1.0
PHKA1	4.590909090909091	6.15075884339598e-107	0.5543645	0.0
AKR1C3	4.712121212121212	3.234126539505369e-91	0.10578486	1.0
PARN	9.227272727272727	1.0	0.11191287	1.0
TRIM7	5.924242424242424	0.19929500119739843	0.03408731	1.0
NUDT18	5.53030303030303	1.9631201286694676e-14	-0.093033545	1.0
SCLT1	5.96969696969697	0.5313972993119761	0.23524742	1.4452583522396094e-11
FCN2	11.075757575757576	1.0	0.034344498	1.0
DNAJB6	4.348484848484849	1.2952202012909316e-140	0.15580907	1.0
PPP1CA	3.515151515151515	3.8831092435112124e-269	-0.19656473	1.0
ZBTB5	5.5	3.7842004657943047e-16	0.30713582	3.1129627485817616e-82
RAB11FIP5	5.454545454545454	6.638801559632507e-19	0.17366077	1.0
GP1BA	6.212121212121212	1.0	0.165441	1.0
EMB	4.2727272727272725	1.2235597067539176e-151	0.19066629	1.0
TMPRSS15	15.0	1.0	0.1761644	1.0
SEC16A	7.454545454545454	1.0	0.62145466	0.0
NRCAM	5.893939393939394	0.08040728585071569	0.578027	0.0
SCFD1	6.257575757575758	1.0	0.107478976	1.0
JAG2	4.924242424242424	5.985953570968111e-66	0.5858711	0.0
GGN	15.0	1.0	0.08672739	1.0
CLEC11A	6.0	0.8130487145366784	0.02737853	1.0
STAT3	3.3333333333333335	3.5939709682917378e-298	-0.09372202	1.0
SLC25A17	10.166666666666666	1.0	0.048702374	1.0
PAK7	4.515151515151516	3.593818462139579e-117	0.40661252	8.636173496086824e-244
ADD2	4.212121212121212	1.3452563711804457e-160	0.42527333	3.5205208369013354e-277
CNKSR1	4.257575757575758	7.351715149052645e-154	0.31739813	1.6168787764883873e-96
AKAP6	5.303030303030303	1.1955487594189794e-29	0.6238642	0.0
TCEA2	6.393939393939394	1.0	0.029172052	1.0
POLB	4.393939393939394	4.1588243918237506e-134	0.07183655	1.0
DLX2	4.424242424242424	8.234322370316294e-130	0.10160127	1.0
SLC4A7	4.287878787878788	2.0335762994395374e-149	0.5666589	0.0
SCEL	5.393939393939394	6.482752192123682e-23	0.1556046	1.0
PURA	3.984848484848485	3.796242806180348e-195	0.1533094	1.0
PEX5	7.166666666666667	1.0	0.071059704	1.0
POU2F1	3.6515151515151514	1.916297134297963e-247	0.13366379	1.0
UFD1L	6.257575757575758	1.0	0.018240005	1.0
NPR1	6.333333333333333	1.0	0.21232417	0.01182533375392332
ALX1	4.166666666666667	2.1673241151360944e-167	0.16830872	1.0
NCKIPSD	4.575757575757576	5.853914984634287e-109	0.39522228	1.328530059820485e-223
SUDS3	4.409090909090909	5.914786475214866e-132	0.16404681	1.0
JUP	4.2272727272727275	2.4241998747786866e-158	0.04968004	1.0
PUM1	4.378787878787879	2.851091925485961e-136	0.5513792	0.0
MGLL	5.757575757575758	8.110867378945913e-05	0.041383896	1.0
PARVB	4.651515151515151	5.700658646082387e-99	0.10350294	1.0
MEOX2	6.196969696969697	1.0	0.00063587294	1.0
KIAA1551	6.287878787878788	1.0	0.61538357	0.0
GIPC2	4.863636363636363	7.461555813357348e-73	0.10998612	1.0
EFNB2	4.075757575757576	3.621754795530252e-181	-0.082912035	1.0
KIAA1279	8.484848484848484	1.0	0.07419048	1.0
NAPG	6.378787878787879	1.0	0.06198397	1.0
RPH3AL	5.9393939393939394	0.29042308693009067	-0.007273909	1.0
NUBP1	4.96969696969697	5.9836842956166486e-61	0.01977793	1.0
TNIP2	4.181818181818182	4.0396039921142017e-165	0.19434337	1.0
ZC3H12A	15.0	1.0	0.069339484	1.0
RPSA	8.787878787878787	1.0	0.003169293	1.0
AIP	3.757575757575758	1.1434317634623256e-230	0.14576767	1.0
FBXO34	4.0606060606060606	1.739805437553857e-183	0.41089168	2.02727617533637e-251
RASSF4	4.621212121212121	6.241076737412368e-103	0.12241164	1.0
PSIP1	4.242424242424242	4.2660456775394e-156	0.1427651	1.0
ACOX1	6.5	1.0	0.15067872	1.0
SLC25A20	15.0	1.0	0.008317679	1.0
THAP7	5.181818181818182	6.9932454275569265e-40	0.113910995	1.0
WDTC1	5.7727272727272725	0.0002205579338264052	0.40741876	3.1701936882924955e-245
ADCY3	5.075757575757576	6.148878058809979e-50	0.4838962	0.0
JPH3	4.090909090909091	7.431731658940583e-179	0.3944323	3.27983378566877e-222
FST	7.242424242424242	1.0	-0.002988	1.0
BMI1	4.378787878787879	2.851091925485961e-136	0.1292006	1.0
NXN	4.53030303030303	4.226910827537424e-115	0.10779588	1.0
TNFSF11	5.121212121212121	1.65394062595959e-45	0.12132714	1.0
RELL2	15.0	1.0	0.016686022	1.0
RWDD2B	4.651515151515151	5.700658646082387e-99	0.08128102	1.0
FBXL18	5.2727272727272725	4.464690473874677e-32	0.3865961	1.8409848909464257e-208
SYTL4	6.075757575757576	1.0	0.25751847	4.861100515053871e-27
LGALS3	15.0	1.0	0.0014795226	1.0
MRI1	5.075757575757576	6.148878058809979e-50	0.10604041	1.0
SLC25A38	6.287878787878788	1.0	0.007851672	1.0
NCOA6	3.621212121212121	2.8697289860358173e-252	0.17982131	1.0
FZD3	5.863636363636363	0.026010289548509757	0.10749549	1.0
HSP90AB1	3.5454545454545454	2.4603959389348576e-264	0.22390696	3.016247763536291e-06
LOR	11.030303030303031	1.0	0.04125422	1.0
LGALS4	5.151515151515151	1.1784022048920932e-42	0.07419411	1.0
HOMER2	5.121212121212121	1.65394062595959e-45	0.08889194	1.0
TACC2	4.0606060606060606	1.739805437553857e-183	0.53642684	0.0
PSG2	4.166666666666667	2.1673241151360944e-167	0.16502681	1.0
PTF1A	5.2727272727272725	4.464690473874677e-32	0.053391397	1.0
DDX17	4.257575757575758	7.351715149052645e-154	0.37156424	1.705714737728546e-182
EIF3I	5.7272727272727275	9.160567380971782e-06	0.13990207	1.0
XPO5	4.787878787878788	7.589866940626278e-82	0.5787116	0.0
KIAA1191	6.287878787878788	1.0	0.009917488	1.0
TSSC4	4.878787878787879	4.201267031456755e-71	0.119097516	1.0
HOXC13	5.106060606060606	5.774871996982557e-47	0.07348336	1.0
SLCO3A1	5.863636363636363	0.026010289548509757	0.35706237	4.136458902296605e-158
PIM3	4.575757575757576	5.853914984634287e-109	0.10000937	1.0
BRD8	4.454545454545454	1.4842317088682658e-125	0.56953806	0.0
GUCY1A3	4.515151515151516	3.593818462139579e-117	0.39313743	6.247440404623136e-220
STX5	5.393939393939394	6.482752192123682e-23	-0.016420897	1.0
TLE1	4.166666666666667	2.1673241151360944e-167	-0.0760582	1.0
SFPQ	4.590909090909091	6.15075884339598e-107	0.23466086	3.005694380524646e-11
AKR1A1	7.2272727272727275	1.0	0.068791814	1.0
NCDN	6.575757575757576	1.0	0.3137565	2.347879438032933e-91
UNC13B	6.378787878787879	1.0	0.53096914	0.0
PER3	5.0	1.0403022436148605e-57	0.56123996	0.0
ART1	6.651515151515151	1.0	0.02339905	1.0
MARCH7	5.409090909090909	7.050991745134946e-22	0.31892616	1.0334489212115794e-98
ALS2CR8	5.363636363636363	4.575487144392107e-25	0.3357547	6.4656702909021986e-124
PLXNB2	5.590909090909091	2.632737875380154e-11	0.61866593	0.0
NUDC	5.0	1.0403022436148605e-57	0.11585445	1.0
DLL1	5.151515151515151	1.1784022048920932e-42	0.32084236	1.7344226683183472e-101
RXFP1	15.0	1.0	0.075635284	1.0
MRPL44	4.590909090909091	6.15075884339598e-107	0.16214086	1.0
HEY2	4.363636363636363	1.9296931071479538e-138	0.11516361	1.0
RASSF5	4.53030303030303	4.226910827537424e-115	0.023629425	1.0
PPP1CC	3.787878787878788	6.691875806829089e-226	-0.059497025	1.0
NFYC	3.878787878787879	1.2284127079251473e-211	0.14543141	1.0
CNNM3	5.2272727272727275	7.038927224180759e-36	0.37143832	2.796158065705541e-182
PARD6A	3.8636363636363638	5.309754525883307e-214	-0.1269725	1.0
FBXO8	5.863636363636363	0.026010289548509757	0.07086894	1.0
PSTPIP2	4.833333333333333	2.107807229110395e-76	0.11230544	1.0
HEYL	3.772727272727273	2.8003122703195513e-228	0.13041118	1.0
BICD1	4.257575757575758	7.351715149052645e-154	0.54060006	0.0
RCN3	5.712121212121212	2.8086318893086953e-06	0.10777847	1.0
ARHGEF39	5.0606060606060606	1.868647141764226e-51	0.13180622	1.0
AGL	15.0	1.0	0.36047724	8.79736894702936e-164
KLHL1	4.5	2.987526822932176e-119	0.39080566	7.819348440110875e-216
PRKCE	3.5757575757575757	1.664769427632275e-259	0.042257562	1.0
ADORA1	5.787878787878788	0.0005657379213339365	0.022580849	1.0
GUCY1A2	5.666666666666667	5.7023465843776827e-08	0.41701216	2.312764986928852e-262
FCER2	5.96969696969697	0.5313972993119761	0.07476981	1.0
CHGB	4.757575757575758	1.4989734955504187e-85	0.047504254	1.0
RRAGA	15.0	1.0	0.048644483	1.0
NCKAP5	4.924242424242424	5.985953570968111e-66	0.6072785	0.0
AIMP2	5.257575757575758	2.532355208930679e-33	0.018331433	1.0
SLC39A1	6.363636363636363	1.0	-0.00036489737	1.0
DDX1	4.242424242424242	4.2660456775394e-156	0.39365023	7.814146198406877e-221
SFRP1	11.712121212121213	1.0	0.033269804	1.0
CDK20	4.2727272727272725	1.2235597067539176e-151	0.12734617	1.0
CHORDC1	4.545454545454546	4.834723743239444e-113	0.06285966	1.0
NCF4	4.287878787878788	2.0335762994395374e-149	0.054415062	1.0
APOL2	4.0606060606060606	1.739805437553857e-183	0.1665442	1.0
C5	10.151515151515152	1.0	0.6025057	0.0
ZNF330	6.333333333333333	1.0	0.08009696	1.0
RCN1	5.151515151515151	1.1784022048920932e-42	0.1353833	1.0
BCCIP	5.7272727272727275	9.160567380971782e-06	-0.009034811	1.0
NOC2L	4.833333333333333	2.107807229110395e-76	0.38207126	1.392795477155069e-200
TAL1	4.090909090909091	7.431731658940583e-179	0.015802803	1.0
CDC37L1	4.2272727272727275	2.4241998747786866e-158	0.14762959	1.0
CA6	8.606060606060606	1.0	0.006250353	1.0
DAZL	15.0	1.0	0.048104405	1.0
CPT1A	4.681818181818182	4.566391540340071e-95	0.36214703	1.4286602775351475e-166
AGPS	9.090909090909092	1.0	0.20577736	0.19851632042088238
SF3A1	3.9696969696969697	1.7009092593290584e-197	0.4056118	5.2218034116331405e-242
IL5RA	4.787878787878788	7.589866940626278e-82	0.106956914	1.0
PPFIA4	6.045454545454546	1.0	0.3518722	1.396207766440981e-149
TAX1BP1	4.46969696969697	1.931907190857211e-123	0.40642613	1.8549391284226933e-243
FOXP4	15.0	1.0	0.15909602	1.0
QKI	5.136363636363637	4.541988465132742e-44	-0.029852876	1.0
DYNC1H1	3.787878787878788	6.691875806829089e-226	0.5787263	0.0
RRH	4.5	2.987526822932176e-119	0.14724547	1.0
FBP2	4.545454545454546	4.834723743239444e-113	0.1264156	1.0
PHKA2	4.757575757575758	1.4989734955504187e-85	0.5335448	0.0
MED15	3.9393939393939394	3.3887978519689985e-202	0.38139045	2.1115867049008285e-199
ZFP36	4.606060606060606	6.280766027761081e-105	0.075794056	1.0
ATP1B1	6.954545454545454	1.0	-0.00012324819	1.0
ABTB1	3.9393939393939394	3.3887978519689985e-202	0.18633176	1.0
STAT4	3.9242424242424243	1.4883845906973111e-204	0.3647983	5.0547932829442645e-171
KDM4B	5.681818181818182	2.220023745055577e-07	0.24649614	1.433472808507954e-18
DNTTIP1	5.621212121212121	6.787535082773471e-10	0.020230385	1.0
HOXC10	4.181818181818182	4.0396039921142017e-165	0.051150303	1.0
EPB42	7.318181818181818	1.0	0.33084956	2.1971493135374458e-116
STARD13	4.257575757575758	7.351715149052645e-154	0.52866775	0.0
SIX3	4.848484848484849	1.2797706148193189e-74	0.056260433	1.0
ZFPL1	6.318181818181818	1.0	0.009863407	1.0
PRKRA	9.848484848484848	1.0	0.014026259	1.0
GDE1	5.4393939393939394	7.15071135886857e-20	0.00016662286	1.0
AOC3	4.5606060606060606	5.400493616127032e-111	0.37101984	1.4464021155719967e-181
KIAA0913	4.878787878787879	4.201267031456755e-71	0.60569125	0.0
XRCC4	5.893939393939394	0.08040728585071569	0.014069836	1.0
EZH1	4.712121212121212	3.234126539505369e-91	0.36264476	2.094406098640736e-167
UTF1	4.606060606060606	6.280766027761081e-105	0.12091316	1.0
KIR2DL3	4.7727272727272725	1.0830356453634325e-83	0.19724414	1.0
TSEN34	7.636363636363637	1.0	0.0072315363	1.0
SEC14L1	5.333333333333333	2.600528747744788e-27	0.34036142	4.091631652860528e-131
DHRS7B	7.454545454545454	1.0	0.020016978	1.0
PLEKHA1	4.833333333333333	2.107807229110395e-76	0.13888016	1.0
MACROD1	5.333333333333333	2.600528747744788e-27	0.098005526	1.0
RPRD1B	6.0	0.8130487145366784	0.079244226	1.0
CD1A	7.606060606060606	1.0	0.030068778	1.0
NUP88	5.409090909090909	7.050991745134946e-22	0.39791086	2.3880762121071396e-228
ZDHHC3	4.757575757575758	1.4989734955504187e-85	0.10003029	1.0
NAT6	15.0	1.0	0.007148235	1.0
IL12RB1	5.924242424242424	0.19929500119739843	0.08981445	1.0
PLSCR1	4.46969696969697	1.931907190857211e-123	-0.2262127	1.0
CEBPB	3.393939393939394	1.6648819910612663e-288	-0.04412787	1.0
CCDC109B	4.484848484848484	2.430993042715581e-121	0.12936209	1.0
PPP1CB	5.045454545454546	5.449835677091945e-53	0.045861267	1.0
TAF7	4.893939393939394	2.282999105755518e-69	-0.085570954	1.0
PRPF3	5.2727272727272725	4.464690473874677e-32	0.16705611	1.0
EIF2S2	3.742424242424242	4.647503459395832e-233	-0.0620529	1.0
ARNT	3.696969696969697	3.006258229506499e-240	0.02397961	1.0
RAPGEF5	4.878787878787879	4.201267031456755e-71	0.32402384	3.741618216703558e-106
NCSTN	4.742424242424242	2.0112480802320904e-87	0.24728972	3.978848766035617e-19
FOXS1	5.424242424242424	7.304939763549693e-21	0.09258721	1.0
FFAR2	6.075757575757576	1.0	0.10809638	1.0
HNRNPA1	5.196969696969697	1.5845634300765288e-38	0.05008225	1.0
TLX1	5.878787878787879	0.04703166165001248	0.023184324	1.0
SHD	4.484848484848484	2.430993042715581e-121	0.1469342	1.0
DNTTIP2	3.9242424242424243	1.4883845906973111e-204	0.42267	1.6598737924791755e-272
PTPRF	3.8636363636363638	5.309754525883307e-214	0.35527915	3.6257523695401877e-155
PIM2	5.863636363636363	0.026010289548509757	-0.0012259138	1.0
MED25	4.484848484848484	2.430993042715581e-121	0.369266	1.3950328231102941e-178
MPP3	6.303030303030303	1.0	0.010897071	1.0
HOXD13	3.9393939393939394	3.3887978519689985e-202	0.20182817	0.597909318769123
EID3	4.2727272727272725	1.2235597067539176e-151	0.14489661	1.0
UBXN2B	6.257575757575758	1.0	0.03134189	1.0
EIF3G	5.5	3.7842004657943047e-16	0.045314744	1.0
TTPAL	4.5	2.987526822932176e-119	0.14362554	1.0
EXOC7	6.106060606060606	1.0	0.0693388	1.0
IGFBP2	7.393939393939394	1.0	0.0632384	1.0
YIF1A	6.363636363636363	1.0	-0.0019967267	1.0
PLA2G4A	3.9393939393939394	3.3887978519689985e-202	0.33695203	8.945061011273307e-126
CNOT4	5.333333333333333	2.600528747744788e-27	0.2716535	4.384980178599522e-40
ST6GALNAC6	5.151515151515151	1.1784022048920932e-42	0.13190168	1.0
FASTKD5	5.5	3.7842004657943047e-16	0.3590589	2.0217454809062087e-161
CXCR5	11.06060606060606	1.0	0.015369681	1.0
PROCA1	4.757575757575758	1.4989734955504187e-85	0.06814854	1.0
TSNAX	6.03030303030303	1.0	-0.015818428	1.0
UCHL5	4.924242424242424	5.985953570968111e-66	0.0035814382	1.0
PRDM16	6.03030303030303	1.0	0.53505903	0.0
FBXO30	4.090909090909091	7.431731658940583e-179	0.4322846	8.838800117347689e-290
ERCC2	4.606060606060606	6.280766027761081e-105	0.3389077	7.875166526120863e-129
LDHA	15.0	1.0	0.024168639	1.0
PPEF2	4.818181818181818	3.3485901111930753e-78	0.36011663	3.5127618194945264e-163
MBIP	5.2727272727272725	4.464690473874677e-32	-0.0063710483	1.0
GLE1	15.0	1.0	0.3006894	1.0811260408866571e-73
PPFIA2	4.666666666666667	5.190235199322125e-97	0.47551984	0.0
BCL2L12	5.212121212121212	3.4266830986446446e-37	0.10084393	1.0
DOK6	4.924242424242424	5.985953570968111e-66	0.15878934	1.0
ERCC5	4.666666666666667	5.190235199322125e-97	0.5055376	0.0
LRPAP1	5.893939393939394	0.08040728585071569	-0.012764728	1.0
ASPH	9.227272727272727	1.0	0.31882098	1.4635089269472046e-98
ARG1	6.03030303030303	1.0	0.023922144	1.0
HSD17B4	4.893939393939394	2.282999105755518e-69	0.33738542	1.892417736048462e-126
STX18	5.681818181818182	2.220023745055577e-07	0.0039436845	1.0
SCYL3	5.136363636363637	4.541988465132742e-44	0.3406032	1.701587298935694e-131
LRFN1	5.712121212121212	2.8086318893086953e-06	0.37435973	2.815857358558479e-187
DMC1	4.787878787878788	7.589866940626278e-82	0.09906478	1.0
ANXA1	4.151515151515151	1.1446109044602285e-169	0.0141649535	1.0
ITGB1BP2	4.742424242424242	2.0112480802320904e-87	0.12671365	1.0
CPXM2	4.757575757575758	1.4989734955504187e-85	0.34889662	9.531426367056593e-145
SGCG	15.0	1.0	-0.0056286976	1.0
SF3B3	5.0606060606060606	1.868647141764226e-51	0.45539683	0.0
LONRF3	4.787878787878788	7.589866940626278e-82	0.36318955	2.5562656405789017e-168
C1S	8.757575757575758	1.0	0.14191918	1.0
NFE2L3	6.151515151515151	1.0	0.15096755	1.0
APLP2	3.787878787878788	6.691875806829089e-226	0.32847285	8.666981857347739e-113
SRSF6	5.151515151515151	1.1784022048920932e-42	0.03730467	1.0
ST3GAL4	5.378787878787879	5.596677988813906e-24	0.010224252	1.0
ANXA5	5.742424242424242	2.8116884309810437e-05	0.06271091	1.0
SPAG9	3.9696969696969697	1.7009092593290584e-197	0.5428659	0.0
ZDHHC4	4.090909090909091	7.431731658940583e-179	0.16692287	1.0
MAPT	3.5454545454545454	2.4603959389348576e-264	0.046202745	1.0
CSNK1A1L	5.303030303030303	1.1955487594189794e-29	0.0031770736	1.0
RNF2	4.666666666666667	5.190235199322125e-97	-0.011527523	1.0
SDSL	6.0	0.8130487145366784	0.07708365	1.0
RPS6KA6	4.4393939393939394	1.1179237737721773e-127	0.3292771	5.311445729304329e-114
GYS1	3.9242424242424243	1.4883845906973111e-204	0.37234694	7.847909012371787e-184
SLC3A1	15.0	1.0	0.10698566	1.0
ITGAD	5.863636363636363	0.026010289548509757	0.48237565	0.0
GNRHR	7.075757575757576	1.0	-0.00313882	1.0
CCNO	4.833333333333333	2.107807229110395e-76	0.12308347	1.0
GIPC1	5.151515151515151	1.1784022048920932e-42	-0.004023011	1.0
JARID2	5.090909090909091	1.923470993656941e-48	0.52199817	0.0
ZBTB24	5.4393939393939394	7.15071135886857e-20	0.12205913	1.0
FES	4.0606060606060606	1.739805437553857e-183	0.2502873	2.621379540051463e-21
CDH24	4.196969696969697	7.408854155105656e-163	0.3801911	2.5279963861467287e-197
CNST	5.242424242424242	1.363714314520086e-34	0.31594172	1.9252106308495104e-94
NEUROD6	4.621212121212121	6.241076737412368e-103	0.11108402	1.0
TPX2	4.53030303030303	4.226910827537424e-115	0.38297963	3.6861191718248283e-202
COQ9	5.696969696969697	8.135574001437365e-07	0.040389203	1.0
RPTOR	4.303030303030303	3.33264627763135e-147	0.49613917	0.0
NDN	3.9696969696969697	1.7009092593290584e-197	-0.004880291	1.0
HOMER1	4.7727272727272725	1.0830356453634325e-83	-0.06352807	1.0
KCTD13	5.515151515151516	2.804737320536277e-15	0.07227427	1.0
FRA10AC1	7.090909090909091	1.0	0.0039433115	1.0
PTCD3	5.03030303030303	1.5255864629947634e-54	0.10819006	1.0
BABAM1	7.196969696969697	1.0	0.0020011046	1.0
CALCOCO1	5.409090909090909	7.050991745134946e-22	0.11540223	1.0
SH3GL2	4.333333333333333	8.36973431338001e-143	-0.078333065	1.0
MAP3K6	4.712121212121212	3.234126539505369e-91	0.5271621	0.0
NRD1	15.0	1.0	0.17773136	1.0
IL12B	5.924242424242424	0.19929500119739843	0.024244769	1.0
LRG1	7.075757575757576	1.0	0.11532707	1.0
KSR1	3.8181818181818183	3.9384120538611244e-221	0.4194824	8.695350003454853e-267
MMS22L	5.045454545454546	5.449835677091945e-53	0.497619	0.0
SCAMP3	4.5	2.987526822932176e-119	0.08014067	1.0
FAM76B	6.015151515151516	0.9432481883172866	0.11053281	1.0
SCRIB	7.045454545454546	1.0	0.45172277	0.0
ZNF592	4.757575757575758	1.4989734955504187e-85	0.5244836	0.0
GUCY2F	15.0	1.0	0.22803198	5.6293200465391404e-08
DFFB	4.484848484848484	2.430993042715581e-121	0.03741629	1.0
DIAPH3	4.757575757575758	1.4989734955504187e-85	0.5241126	0.0
DLG3	4.984848484848484	2.5536481937036903e-59	-0.1332421	1.0
LRRC23	5.5	3.7842004657943047e-16	0.045897204	1.0
HNRNPH3	4.46969696969697	1.931907190857211e-123	0.111849695	1.0
AGGF1	5.5	3.7842004657943047e-16	0.29649395	2.499514898772778e-68
ATF4	4.03030303030303	3.9142803071732094e-188	-0.07831389	1.0
CDK7	3.757575757575758	1.1434317634623256e-230	0.021581573	1.0
JUND	3.5303030303030303	9.616322325664552e-267	-0.04135688	1.0
MOAP1	4.545454545454546	4.834723743239444e-113	0.06545545	1.0
SP110	5.46969696969697	5.8303237583507375e-18	0.12785326	1.0
SIM1	4.696969696969697	3.895072545540908e-93	0.3389446	6.896957338591995e-129
PPFIBP2	5.515151515151516	2.804737320536277e-15	0.39773303	4.9177966140413914e-228
CCDC92	5.757575757575758	8.110867378945913e-05	0.034358893	1.0
WDR65	4.5	2.987526822932176e-119	0.5439504	0.0
KBTBD7	6.0606060606060606	1.0	0.13065502	1.0
C11orf30	4.515151515151516	3.593818462139579e-117	0.53472555	0.0
TRPC1	5.378787878787879	5.596677988813906e-24	0.3627263	1.5291749022213452e-167
CD2	4.681818181818182	4.566391540340071e-95	0.04243215	1.0
RIPK4	4.303030303030303	3.33264627763135e-147	0.38280234	7.494921404374019e-202
AFF1	4.893939393939394	2.282999105755518e-69	0.50705403	0.0
HNRNPM	4.954545454545454	1.3430778973097058e-62	0.2733739	7.865506017375178e-42
PAWR	4.424242424242424	8.234322370316294e-130	0.026221808	1.0
PLEK	4.4393939393939394	1.1179237737721773e-127	0.1083081	1.0
STIM1	6.424242424242424	1.0	0.2602054	2.4554852884285217e-29
CD2BP2	4.515151515151516	3.593818462139579e-117	0.06189817	1.0
NEK6	4.0606060606060606	1.739805437553857e-183	0.10965044	1.0
PEX10	10.166666666666666	1.0	0.029883536	1.0
IFNGR2	4.742424242424242	2.0112480802320904e-87	0.049048096	1.0
BANK1	4.9393939393939394	2.8876096295366594e-64	0.3771487	4.523662421489676e-192
ARHGAP21	4.696969696969697	3.895072545540908e-93	0.58944136	0.0
ACTA1	3.8484848484848486	2.263719495264942e-216	-0.20160097	1.0
MASP2	10.757575757575758	1.0	0.07013466	1.0
OSTM1	6.909090909090909	1.0	-0.019549157	1.0
TMCC2	5.393939393939394	6.482752192123682e-23	0.19578028	1.0
EFNB1	4.136363636363637	5.900348408278667e-172	0.024399607	1.0
ITGAM	5.5606060606060606	8.070067712540837e-13	0.35204253	7.365932158181822e-150
KCNQ3	4.803030303030303	5.12655010797389e-80	0.32716575	7.94398557139921e-111
NUP37	4.5	2.987526822932176e-119	0.10534394	1.0
DAB2	3.8636363636363638	5.309754525883307e-214	0.21709956	0.0006543623252072284
INHBC	6.287878787878788	1.0	0.02165287	1.0
SH3GL3	3.9242424242424243	1.4883845906973111e-204	-0.18203141	1.0
PJA2	5.621212121212121	6.787535082773471e-10	0.18083736	1.0
RBM48	4.212121212121212	1.3452563711804457e-160	-0.15638271	1.0
HSPBP1	4.2272727272727275	2.4241998747786866e-158	0.033017814	1.0
MOS	4.257575757575758	7.351715149052645e-154	0.11558357	1.0
KAL1	8.242424242424242	1.0	0.09147621	1.0
RTDR1	4.090909090909091	7.431731658940583e-179	0.13742048	1.0
NFE2L1	4.348484848484849	1.2952202012909316e-140	0.33456442	4.4824124444618484e-122
MAGEB18	3.9696969696969697	1.7009092593290584e-197	0.088493206	1.0
CAB39	4.7727272727272725	1.0830356453634325e-83	0.025484292	1.0
SKAP1	4.196969696969697	7.408854155105656e-163	0.27193224	2.2971585903856303e-40
FANCI	5.03030303030303	1.5255864629947634e-54	0.5194074	0.0
HOXD10	4.2727272727272725	1.2235597067539176e-151	0.12112073	1.0
BRIX1	4.924242424242424	5.985953570968111e-66	0.12862131	1.0
NOA1	6.090909090909091	1.0	0.11614666	1.0
STRN	4.196969696969697	7.408854155105656e-163	0.38133177	2.668490992390543e-199
HOXB2	4.151515151515151	1.1446109044602285e-169	0.16263312	1.0
PEX7	8.166666666666666	1.0	0.01200157	1.0
RAD54L	4.803030303030303	5.12655010797389e-80	0.27798286	1.1348580593942955e-46
FYTTD1	6.984848484848484	1.0	0.018320005	1.0
SEC13	8.015151515151516	1.0	0.07678665	1.0
SMC1B	5.696969696969697	8.135574001437365e-07	0.44339126	9.307557447398e-310
PPP1R8	3.893939393939394	2.855528363833788e-209	0.060007647	1.0
APEH	6.121212121212121	1.0	0.113360055	1.0
KRIT1	5.0606060606060606	1.868647141764226e-51	0.2510539	6.954405515266493e-22
STT3A	6.181818181818182	1.0	0.11674888	1.0
BRAF	3.606060606060606	1.151654573846843e-254	0.2029889	0.45211013572455294
SYN2	4.454545454545454	1.4842317088682658e-125	0.084092736	1.0
GLRX3	5.46969696969697	5.8303237583507375e-18	0.08717649	1.0
CD1B	7.606060606060606	1.0	0.019045271	1.0
PRSS8	5.075757575757576	6.148878058809979e-50	0.09257291	1.0
LRP2BP	4.893939393939394	2.282999105755518e-69	0.020928241	1.0
EN2	5.712121212121212	2.8086318893086953e-06	0.03066046	1.0
LTBP1	6.575757575757576	1.0	0.51190567	0.0
TDRD7	4.590909090909091	6.15075884339598e-107	0.13666421	1.0
DGKH	6.545454545454546	1.0	0.53416806	0.0
CD226	5.696969696969697	8.135574001437365e-07	0.047736008	1.0
IRF2	3.878787878787879	1.2284127079251473e-211	0.075698875	1.0
MAFA	3.9393939393939394	3.3887978519689985e-202	0.09125385	1.0
DARC	9.409090909090908	1.0	-0.047687106	1.0
VPS37C	4.5606060606060606	5.400493616127032e-111	0.055927772	1.0
CRX	6.303030303030303	1.0	-0.02088678	1.0
CAST	5.515151515151516	2.804737320536277e-15	0.32907844	1.0593814697911907e-113
KRI1	6.545454545454546	1.0	0.11569286	1.0
RNF146	4.363636363636363	1.9296931071479538e-138	0.1203558	1.0
RABEPK	6.166666666666667	1.0	-0.006901516	1.0
SGCB	15.0	1.0	-0.009331327	1.0
KLHDC9	4.757575757575758	1.4989734955504187e-85	0.060285747	1.0
ITGB8	5.954545454545454	0.4021808346106391	0.35014415	9.059441952984234e-147
LSAMP	5.666666666666667	5.7023465843776827e-08	0.023282278	1.0
ERI3	5.666666666666667	5.7023465843776827e-08	0.023282278	1.0
SLC12A6	15.0	1.0	0.37875816	7.587758267687897e-195
ACSL3	5.712121212121212	2.8086318893086953e-06	0.25289744	2.6639750259842837e-23
ATXN7L3	5.696969696969697	8.135574001437365e-07	-0.011640708	1.0
GAK	3.772727272727273	2.8003122703195513e-228	0.46451935	0.0
RIN1	3.9696969696969697	1.7009092593290584e-197	0.3861206	1.245353879242072e-207
IRF2BPL	5.136363636363637	4.541988465132742e-44	0.34312135	1.756915859216791e-135
FOXA3	4.621212121212121	6.241076737412368e-103	0.10189815	1.0
SNAPC2	4.53030303030303	4.226910827537424e-115	0.20878008	0.06389142360263167
CYC1	6.909090909090909	1.0	-0.0041557834	1.0
PEX19	9.166666666666666	1.0	-0.06366775	1.0
APOF	6.984848484848484	1.0	0.012329832	1.0
TRAP1	6.0606060606060606	1.0	0.16539346	1.0
MTFR1	4.409090909090909	5.914786475214866e-132	0.088641316	1.0
EXT2	7.0606060606060606	1.0	0.118722744	1.0
IMMT	4.393939393939394	4.1588243918237506e-134	-0.05318314	1.0
FOXM1	3.742424242424242	4.647503459395832e-233	0.43012404	6.795050472742192e-286
GBE1	8.878787878787879	1.0	0.15191846	1.0
AKAP13	3.707692307692308	1.5739414888687144e-238	0.56442964	0.0
FOS	3.5454545454545454	2.4603959389348576e-264	-0.14502886	1.0
TOMM34	15.0	1.0	0.00097594206	1.0
SEMA3C	7.106060606060606	1.0	0.31965938	9.024317691971997e-100
HOXD9	4.621212121212121	6.241076737412368e-103	0.08322765	1.0
HOOK1	6.5606060606060606	1.0	0.14137587	1.0
NBAS	9.090909090909092	1.0	0.5786488	0.0
STRAP	5.075757575757576	6.148878058809979e-50	-0.04761229	1.0
ACTB	3.9696969696969697	1.7009092593290584e-197	-0.2224729	1.0
MN1	4.2727272727272725	1.2235597067539176e-151	0.5259162	0.0
GNB3	7.954545454545454	1.0	-0.026642937	1.0
ATP6V0D1	5.151515151515151	1.1784022048920932e-42	0.11742116	1.0
KAT2B	3.5454545454545454	2.4603959389348576e-264	-0.09439428	1.0
TLE3	4.742424242424242	2.0112480802320904e-87	0.32177788	7.481156492678652e-103
STAT5B	3.6818181818181817	1.1853923178705118e-242	0.06627703	1.0
CIZ1	4.636363636363637	6.063285131315225e-101	0.33420718	1.5910246756842523e-121
MZF1	5.590909090909091	2.632737875380154e-11	0.23911296	8.797264067504895e-14
MDH2	15.0	1.0	-0.008484463	1.0
AGTPBP1	5.196969696969697	1.5845634300765288e-38	0.29796055	3.474372490575449e-70
LFNG	5.151515151515151	1.1784022048920932e-42	0.09428298	1.0
OPHN1	4.590909090909091	6.15075884339598e-107	0.39996663	5.505036616036299e-232
TRIB2	5.409090909090909	7.050991745134946e-22	0.116499566	1.0
STAG1	4.7272727272727275	2.5869665633246372e-89	0.5122962	0.0
UTP14A	4.242424242424242	4.2660456775394e-156	0.01850433	1.0
C4orf17	4.136363636363637	5.900348408278667e-172	0.1117247	1.0
HJURP	5.393939393939394	6.482752192123682e-23	0.29297563	5.9196910447817984e-64
DDN	6.757575757575758	1.0	0.32239825	9.233288313642106e-104
DUSP12	4.878787878787879	4.201267031456755e-71	0.07553199	1.0
EPB41L1	4.151515151515151	1.1446109044602285e-169	0.29216596	5.774866424188824e-63
ACTR3B	6.0	0.8130487145366784	0.010316698	1.0
VAC14	6.212121212121212	1.0	0.31638557	4.501663430154944e-95
MAGEB4	6.121212121212121	1.0	0.00571647	1.0
CEACAM6	5.106060606060606	5.774871996982557e-47	0.023913901	1.0
TSKU	4.803030303030303	5.12655010797389e-80	0.09294876	1.0
DTX3	5.621212121212121	6.787535082773471e-10	0.050675895	1.0
VEPH1	4.348484848484849	1.2952202012909316e-140	0.40193003	1.8214645653608643e-235
TRIM2	5.666666666666667	5.7023465843776827e-08	0.26508996	9.833809692214612e-34
GSN	4.303030303030303	3.33264627763135e-147	0.1769839	1.0
SNAP91	4.666666666666667	5.190235199322125e-97	0.3552072	4.761909041847711e-155
MYH4	6.515151515151516	1.0	0.3300379	3.7521435565463835e-115
FUT7	6.03030303030303	1.0	0.03203754	1.0
ATOH1	4.621212121212121	6.241076737412368e-103	0.098704435	1.0
QRICH1	4.7272727272727275	2.5869665633246372e-89	0.33712	4.8976484316344503e-126
ZNF148	3.6666666666666665	4.818447051986087e-245	0.35952753	3.3589254350286543e-162
FAM105B	5.303030303030303	1.1955487594189794e-29	0.10628194	1.0
SYTL5	6.106060606060606	1.0	0.26672706	2.85510748396507e-35
TRIB3	4.363636363636363	1.9296931071479538e-138	0.11765323	1.0
DEK	5.242424242424242	1.363714314520086e-34	0.0056584994	1.0
ITGAX	5.96969696969697	0.5313972993119761	0.38884553	2.1378294178901908e-212
PARP4	5.848484848484849	0.01364731693088985	0.44213638	1.6801908574979724e-307
NBN	3.9545454545454546	7.665781365813323e-200	0.17200667	1.0
PPL	4.393939393939394	4.1588243918237506e-134	0.5212562	0.0
TOR1B	6.606060606060606	1.0	0.011661045	1.0
SUGT1	6.0	0.8130487145366784	-0.0019776893	1.0
NUDCD3	4.409090909090909	5.914786475214866e-132	0.11630583	1.0
PTPLAD1	4.7727272727272725	1.0830356453634325e-83	0.115926154	1.0
RNF123	3.9393939393939394	3.3887978519689985e-202	0.5268519	0.0
UBAC2	4.954545454545454	1.3430778973097058e-62	0.055106465	1.0
IGBP1	5.5	3.7842004657943047e-16	0.021166028	1.0
AMBRA1	5.681818181818182	2.220023745055577e-07	0.31284738	4.402474029393686e-90
CCNF	4.7727272727272725	1.0830356453634325e-83	0.32349065	2.2892228811165845e-105
MST1	8.030303030303031	1.0	0.16482379	1.0
PFKL	5.090909090909091	1.923470993656941e-48	0.36111623	7.561373078850675e-165
PPRC1	7.0606060606060606	1.0	0.40694168	2.2415927942663484e-244
PPM1L	4.878787878787879	4.201267031456755e-71	0.10957242	1.0
ACMSD	6.015151515151516	0.9432481883172866	0.061436	1.0
MASP1	10.151515151515152	1.0	0.34917974	3.318495164283662e-145
RP2	6.015151515151516	0.9432481883172866	0.008583629	1.0
MEGF8	5.242424242424242	1.363714314520086e-34	0.58442456	0.0
PEX16	10.166666666666666	1.0	0.036136765	1.0
OPN1LW	4.378787878787879	2.851091925485961e-136	0.10692261	1.0
SLC25A3	4.363636363636363	1.9296931071479538e-138	0.15550995	1.0
MAST3	4.848484848484849	1.2797706148193189e-74	0.30760807	7.145768713406744e-83
DUSP1	3.909090909090909	6.631144541376156e-207	0.16793132	1.0
UHMK1	4.666666666666667	5.190235199322125e-97	0.023996262	1.0
ATG4A	6.96969696969697	1.0	0.008802734	1.0
FBXO28	5.045454545454546	5.449835677091945e-53	0.12669554	1.0
BAG1	3.5606060606060606	6.279138206492591e-262	0.14641404	1.0
KIR2DL1	8.151515151515152	1.0	0.019402504	1.0
TOR1A	5.606060606060606	1.3777219093908933e-10	0.01313955	1.0
NLRP12	8.121212121212121	1.0	0.097923875	1.0
PSMD8	3.9393939393939394	3.3887978519689985e-202	0.12211927	1.0
UBE2Z	4.045454545454546	8.293864890908537e-186	0.10954417	1.0
SETD8	5.242424242424242	1.363714314520086e-34	0.048084155	1.0
FAM118B	6.106060606060606	1.0	0.012882196	1.0
ABHD5	5.590909090909091	2.632737875380154e-11	-0.00962602	1.0
CD72	4.681818181818182	4.566391540340071e-95	0.15131252	1.0
DCX	4.318181818181818	5.3259981484645446e-145	0.061900117	1.0
HOMER3	4.818181818181818	3.3485901111930753e-78	0.057178717	1.0
IL2RG	4.363636363636363	1.9296931071479538e-138	-0.12422235	1.0
ELF3	4.0	8.378388133182956e-193	0.2784295	3.7489407979640136e-47
C4orf27	6.2272727272727275	1.0	0.01789992	1.0
CBWD5	6.757575757575758	1.0	0.012093403	1.0
CEACAM8	5.106060606060606	5.774871996982557e-47	0.021062344	1.0
KLF1	3.878787878787879	1.2284127079251473e-211	0.11921813	1.0
ARHGEF6	3.909090909090909	6.631144541376156e-207	0.3256233	1.5944240475543061e-108
SQSTM1	3.590909090909091	4.482079897318998e-257	-0.052936945	1.0
ITGB5	4.46969696969697	1.931907190857211e-123	0.186542	1.0
STAC3	4.666666666666667	5.190235199322125e-97	0.082481116	1.0
IBTK	5.0606060606060606	1.868647141764226e-51	0.5114882	0.0
SPATA20	6.96969696969697	1.0	0.31150886	3.2086675036303994e-88
GPR25	4.878787878787879	4.201267031456755e-71	0.10631479	1.0
TRPV5	5.166666666666667	2.93824026063579e-41	0.25174463	2.0715690555230673e-22
ABCD2	10.166666666666666	1.0	0.27224433	1.112150828940233e-40
LENG8	5.166666666666667	2.93824026063579e-41	0.33494475	1.1598478772328065e-122
PIK3R4	4.257575757575758	7.351715149052645e-154	0.5164766	0.0
IL6R	4.0	8.378388133182956e-193	0.06488206	1.0
FOXL1	5.757575757575758	8.110867378945913e-05	0.04185421	1.0
HLA-G	6.712121212121212	1.0	0.00400878	1.0
SH3D19	4.757575757575758	1.4989734955504187e-85	0.2895047	9.363073264301994e-60
VCAM1	6.863636363636363	1.0	0.1857904	1.0
TSSK1B	4.242424242424242	4.2660456775394e-156	0.10258167	1.0
EPCAM	15.0	1.0	-0.0052547785	1.0
KLF2	4.242424242424242	4.2660456775394e-156	0.18184693	1.0
EIF3H	6.484848484848484	1.0	0.021269828	1.0
SCAMP1	8.5	1.0	0.0022013746	1.0
HTR1F	4.575757575757576	5.853914984634287e-109	0.10355634	1.0
CDKL1	4.454545454545454	1.4842317088682658e-125	0.15240324	1.0
IGF2R	6.96969696969697	1.0	0.58868665	0.0
MAPK11	3.9545454545454546	7.665781365813323e-200	-0.029390465	1.0
PTPN12	3.893939393939394	2.855528363833788e-209	0.0877839	1.0
LTB4R	6.378787878787879	1.0	0.04241786	1.0
CDK5R2	4.515151515151516	3.593818462139579e-117	0.123637274	1.0
CDH5	4.166666666666667	2.1673241151360944e-167	0.2150591	0.0024631946384204586
G2E3	5.7727272727272725	0.0002205579338264052	0.24531792	9.306531259145948e-18
TWF1	5.257575757575758	2.532355208930679e-33	0.06052731	1.0
RAX	5.606060606060606	1.3777219093908933e-10	0.034610827	1.0
TLR6	5.0606060606060606	1.868647141764226e-51	0.3213823	2.831327620486688e-102
PCYT1A	4.303030303030303	3.33264627763135e-147	0.14482579	1.0
SETD7	5.03030303030303	1.5255864629947634e-54	0.03898947	1.0
PPID	4.136363636363637	5.900348408278667e-172	0.07186656	1.0
GNB4	7.954545454545454	1.0	-0.0478812	1.0
NSUN2	5.984848484848484	0.6713958573583418	0.15115517	1.0
PELI3	4.636363636363637	6.063285131315225e-101	0.10829448	1.0
ZDHHC7	6.5606060606060606	1.0	0.00830588	1.0
DKK3	5.409090909090909	7.050991745134946e-22	0.109442845	1.0
C10orf12	5.242424242424242	1.363714314520086e-34	0.44979098	2.905e-321
BGN	6.651515151515151	1.0	-0.02143098	1.0
HIVEP1	5.909090909090909	0.1300519624973496	0.59141207	0.0
ERCC3	4.575757575757576	5.853914984634287e-109	0.1210441	1.0
THPO	5.621212121212121	6.787535082773471e-10	0.059462976	1.0
GNA11	5.924242424242424	0.19929500119739843	-0.07964838	1.0
PREP	7.5	1.0	0.10049461	1.0
ABI3	5.090909090909091	1.923470993656941e-48	0.013082481	1.0
CREB5	4.393939393939394	4.1588243918237506e-134	0.13694282	1.0
C1R	8.757575757575758	1.0	-0.012491059	1.0
PRMT1	3.5454545454545454	2.4603959389348576e-264	-0.13563636	1.0
PNMA1	4.545454545454546	4.834723743239444e-113	-0.032003287	1.0
FPR2	8.242424242424242	1.0	0.0018221221	1.0
LPAR3	6.090909090909091	1.0	0.070399426	1.0
ZNF227	5.454545454545454	6.638801559632507e-19	0.29436934	1.1311546787033598e-65
KCNK9	4.0	8.378388133182956e-193	0.2507381	1.2039044546702052e-21
HIPK2	3.621212121212121	2.8697289860358173e-252	-0.10174356	1.0
STK36	4.9393939393939394	2.8876096295366594e-64	0.48316392	0.0
CDC5L	4.606060606060606	6.280766027761081e-105	0.22447687	1.796653335724731e-06
HMBS	5.0	1.0403022436148605e-57	0.06841347	1.0
CUL2	5.651515151515151	1.3838745592303982e-08	0.13872564	1.0
SLC9A2	4.181818181818182	4.0396039921142017e-165	0.38450882	8.043227150072845e-205
PTPRA	4.090909090909091	7.431731658940583e-179	0.36466336	8.52552115878066e-171
PDE10A	4.348484848484849	1.2952202012909316e-140	0.32867274	4.334518862997068e-113
USP16	4.303030303030303	3.33264627763135e-147	0.34269264	8.422016203901117e-135
TLR2	4.696969696969697	3.895072545540908e-93	0.24827136	7.912863673405118e-20
TRAM2	4.409090909090909	5.914786475214866e-132	0.11884092	1.0
EFNB3	5.575757575757576	4.742374516777844e-12	0.118090324	1.0
LEPRE1	6.5	1.0	0.20079899	0.7435476279601717
STBD1	5.075757575757576	6.148878058809979e-50	0.0806597	1.0
CD46	6.090909090909091	1.0	0.06038007	1.0
CFB	10.151515151515152	1.0	0.35070997	1.0911266511020426e-147
MEF2B	5.106060606060606	5.774871996982557e-47	0.087320216	1.0
TMEM189-UBE2V1	5.0	1.0403022436148605e-57	0.083922625	1.0
NR1H2	4.212121212121212	1.3452563711804457e-160	-0.049504325	1.0
GPR1	10.151515151515152	1.0	0.011286511	1.0
KCNJ1	4.212121212121212	1.3452563711804457e-160	0.03160329	1.0
PDIK1L	7.318181818181818	1.0	0.0023605728	1.0
NCOA1	3.5606060606060606	6.279138206492591e-262	-0.037907414	1.0
GYG1	4.924242424242424	5.985953570968111e-66	-0.007296367	1.0
POLDIP2	4.757575757575758	1.4989734955504187e-85	0.08067537	1.0
CAMK1	4.303030303030303	3.33264627763135e-147	0.039766826	1.0
LUC7L	4.409090909090909	5.914786475214866e-132	0.07643366	1.0
GABPB1	4.787878787878788	7.589866940626278e-82	-0.0075135967	1.0
ANXA2	5.757575757575758	8.110867378945913e-05	-0.03425796	1.0
PON2	8.045454545454545	1.0	0.004976532	1.0
TARBP2	8.848484848484848	1.0	-0.0036711479	1.0
CDH16	4.196969696969697	7.408854155105656e-163	0.34571323	1.2768057674282727e-139
GPD1	5.121212121212121	1.65394062595959e-45	0.043843515	1.0
LRP10	6.818181818181818	1.0	0.13578144	1.0
LPAR2	5.833333333333333	0.0067181671876451274	0.1136731	1.0
TLR1	5.484848484848484	4.837331664837387e-17	0.23411292	5.910806717101507e-11
ADAM2	6.651515151515151	1.0	0.12412817	1.0
ALDOC	5.075757575757576	6.148878058809979e-50	0.056155734	1.0
SMC2	15.0	1.0	0.51716626	0.0
BAHD1	4.7727272727272725	1.0830356453634325e-83	0.34765676	9.59521025723387e-143
CDK9	3.6515151515151514	1.916297134297963e-247	-0.13760965	1.0
C20orf72	6.015151515151516	0.9432481883172866	0.056793373	1.0
GNAQ	5.818181818181818	0.0031247077582926205	-0.16191663	1.0
PDLIM3	6.196969696969697	1.0	0.045559905	1.0
CYTIP	5.196969696969697	1.5845634300765288e-38	-0.0063505056	1.0
PCSK1	15.0	1.0	0.07755739	1.0
SLC4A3	7.015151515151516	1.0	0.47942814	0.0
RFFL	4.606060606060606	6.280766027761081e-105	0.057942763	1.0
DSN1	5.484848484848484	4.837331664837387e-17	0.0065981173	1.0
PANK4	4.7272727272727275	2.5869665633246372e-89	0.24507216	1.3676998882519715e-17
CCRL1	9.772727272727273	1.0	-0.07560542	1.0
ANXA13	4.818181818181818	3.3485901111930753e-78	0.1236831	1.0
RAD23A	4.393939393939394	4.1588243918237506e-134	-0.0477453	1.0
MAP4K2	4.712121212121212	3.234126539505369e-91	0.3480948	1.8854741890601027e-143
MAPK12	4.575757575757576	5.853914984634287e-109	-0.017799474	1.0
DIEXF	6.015151515151516	0.9432481883172866	0.25256196	4.8595995851538814e-23
SLC9A3R1	5.090909090909091	1.923470993656941e-48	-0.16158931	1.0
CCR8	8.212121212121213	1.0	-0.03186428	1.0
OSGEP	8.93939393939394	1.0	-0.01351098	1.0
PRKX	5.348484848484849	3.543656868901738e-26	0.016377268	1.0
PPP1R13L	3.8636363636363638	5.309754525883307e-214	0.38114843	5.544379590097836e-199
OPN1MW	5.46969696969697	5.8303237583507375e-18	0.04208531	1.0
GPR183	4.7272727272727275	2.5869665633246372e-89	0.039415542	1.0
METTL2B	4.742424242424242	2.0112480802320904e-87	0.076133735	1.0
ITGB2	4.96969696969697	5.9836842956166486e-61	0.08664287	1.0
TMEM161A	5.196969696969697	1.5845634300765288e-38	0.077446684	1.0
USP45	4.333333333333333	8.36973431338001e-143	0.3856452	8.405637134778693e-207
AGER	5.893939393939394	0.08040728585071569	-0.013675315	1.0
USP5	4.515151515151516	3.593818462139579e-117	0.32767	1.3957508316151198e-111
FOXL2	4.333333333333333	8.36973431338001e-143	0.10679948	1.0
NELL2	5.242424242424242	1.363714314520086e-34	0.33388096	5.052159498213035e-121
SCN10A	4.96969696969697	5.9836842956166486e-61	0.5625162	0.0
MUL1	6.2727272727272725	1.0	0.023418594	1.0
PARD6G	4.196969696969697	7.408854155105656e-163	0.15758333	1.0
STOML2	5.090909090909091	1.923470993656941e-48	0.060458135	1.0
AVEN	4.712121212121212	3.234126539505369e-91	0.13842216	1.0
RRAGB	15.0	1.0	0.010285288	1.0
VIL1	4.212121212121212	1.3452563711804457e-160	0.39229488	1.8978565740857457e-218
PARP14	7.621212121212121	1.0	0.5383216	0.0
FIBP	4.136363636363637	5.900348408278667e-172	0.033996902	1.0
ACTR1B	4.090909090909091	7.431731658940583e-179	0.10278399	1.0
DHPS	15.0	1.0	-0.0073178057	1.0
TENC1	4.818181818181818	3.3485901111930753e-78	0.47898263	0.0
NCOR2	3.6818181818181817	1.1853923178705118e-242	0.056198608	1.0
SERPINB6	6.878787878787879	1.0	-0.026805244	1.0
BPTF	4.924242424242424	5.985953570968111e-66	0.56988454	0.0
HPR	6.984848484848484	1.0	0.018382674	1.0
SYNGAP1	4.5606060606060606	5.400493616127032e-111	0.4597471	0.0
ADA	5.636363636363637	3.1603395062496015e-09	-0.0027848454	1.0
AGRN	5.242424242424242	1.363714314520086e-34	0.5549591	0.0
VASP	4.363636363636363	1.9296931071479538e-138	-0.13074957	1.0
NECAB3	5.545454545454546	1.2939466289206966e-13	0.060759243	1.0
WBP4	4.575757575757576	5.853914984634287e-109	0.08569853	1.0
FAM190B	4.5	2.987526822932176e-119	0.30865923	2.6604894964666145e-84
WNT7A	8.712121212121213	1.0	0.020688321	1.0
IL3RA	4.7272727272727275	2.5869665633246372e-89	0.03466371	1.0
ACAP1	7.636363636363637	1.0	0.14233957	1.0
MAPK8IP2	4.090909090909091	7.431731658940583e-179	0.15890145	1.0
PBX3	5.2727272727272725	4.464690473874677e-32	0.0150670875	1.0
HCFC2	5.681818181818182	2.220023745055577e-07	0.31008965	2.927974312168485e-86
EIF3F	5.878787878787879	0.04703166165001248	-0.01244754	1.0
MTNR1A	5.242424242424242	1.363714314520086e-34	-0.06191643	1.0
OTUD7B	4.787878787878788	7.589866940626278e-82	0.3323306	1.2097317356802445e-118
ARG2	7.03030303030303	1.0	0.005069937	1.0
CLP1	4.924242424242424	5.985953570968111e-66	-0.0053891125	1.0
CD244	5.348484848484849	3.543656868901738e-26	0.039887235	1.0
PRPF18	7.96969696969697	1.0	-0.0050390414	1.0
GNB2	7.954545454545454	1.0	-0.063369386	1.0
WNT3	9.712121212121213	1.0	0.00080228486	1.0
FCHSD2	6.803030303030303	1.0	0.19754355	1.0
TRIB1	4.545454545454546	4.834723743239444e-113	0.07247948	1.0
FBXO11	3.9696969696969697	1.7009092593290584e-197	0.10379743	1.0
PITPNM2	5.7727272727272725	0.0002205579338264052	0.48923874	0.0
ARPC1A	7.106060606060606	1.0	0.017449202	1.0
RNF32	5.136363636363637	4.541988465132742e-44	0.015224442	1.0
INO80B	5.9393939393939394	0.29042308693009067	0.007619848	1.0
FBXO32	5.863636363636363	0.026010289548509757	0.051216435	1.0
XRCC3	7.863636363636363	1.0	-0.00073815376	1.0
MAPKAPK2	3.6666666666666665	4.818447051986087e-245	0.019002784	1.0
GIGYF2	5.0606060606060606	1.868647141764226e-51	0.43828163	1.4481190709270585e-300
AGTR2	6.090909090909091	1.0	-0.0054765325	1.0
H2AFY	4.166666666666667	2.1673241151360944e-167	0.07711729	1.0
CCDC113	4.53030303030303	4.226910827537424e-115	0.061781753	1.0
ZHX2	4.4393939393939394	1.1179237737721773e-127	0.3078774	3.0810589170728016e-83
IL10RB	15.0	1.0	-0.016183933	1.0
ZNF707	5.4393939393939394	7.15071135886857e-20	0.08856584	1.0
PSMD13	5.0	1.0403022436148605e-57	0.089042254	1.0
ISG20L2	8.0	1.0	0.012733202	1.0
PGGT1B	4.681818181818182	4.566391540340071e-95	0.04252909	1.0
ADAP2	5.090909090909091	1.923470993656941e-48	0.076174244	1.0
AMPD1	5.545454545454546	1.2939466289206966e-13	0.2615712	1.546891469295033e-30
SLC12A9	15.0	1.0	0.20954584	0.045821041960691956
MYH2	4.545454545454546	4.834723743239444e-113	0.53909564	0.0
CCR4	8.151515151515152	1.0	-0.03245166	1.0
ELAVL2	6.242424242424242	1.0	-0.011185062	1.0
YIPF3	5.46969696969697	5.8303237583507375e-18	0.016127966	1.0
GSK3B	3.3333333333333335	3.5939709682917378e-298	-0.18546528	1.0
SLC4A2	7.181818181818182	1.0	0.34446046	1.291052659217384e-137
PRKAR1B	4.03030303030303	3.9142803071732094e-188	0.056697145	1.0
TLK2	6.242424242424242	1.0	0.21310945	0.007729804955975049
NCK2	4.015151515151516	1.8150337481646768e-190	-0.11467581	1.0
PPP6R3	4.363636363636363	1.9296931071479538e-138	0.34079123	8.598015064322739e-132
INVS	5.46969696969697	5.8303237583507375e-18	0.3958617	9.898729733656423e-225
CACNA1G	5.409090909090909	7.050991745134946e-22	0.57227725	0.0
ST3GAL2	7.9393939393939394	1.0	0.0061033596	1.0
MFI2	9.333333333333334	1.0	0.07344966	1.0
TSSK2	5.803030303030303	0.0013690958295525335	0.0018228816	1.0
FEN1	4.015151515151516	1.8150337481646768e-190	0.1073832	1.0
HIF1AN	6.4393939393939394	1.0	-0.00896274	1.0
WNT4	12.712121212121213	1.0	-0.0035336085	1.0
NLGN4X	5.712121212121212	2.8086318893086953e-06	0.36959404	3.864826106286792e-179
SASH3	4.136363636363637	5.900348408278667e-172	0.16206454	1.0
SOX18	4.454545454545454	1.4842317088682658e-125	0.09405074	1.0
ROM1	15.0	1.0	-0.0036805642	1.0
NKX2-1	4.106060606060606	1.5042150568912314e-176	0.08985246	1.0
KDM6A	4.630769230769231	1.1305709706046192e-101	0.47051984	0.0
TNFRSF25	4.712121212121212	3.234126539505369e-91	0.00078244787	1.0
MAP4K5	4.303030303030303	3.33264627763135e-147	0.38429847	1.8693473590218167e-204
CRELD2	8.878787878787879	1.0	-0.0026152337	1.0
HEATR2	4.378787878787879	2.851091925485961e-136	0.30678967	9.136480488482237e-82
SEMA4B	5.651515151515151	1.3838745592303982e-08	0.31199086	6.871478924627154e-89
SEMA4F	7.242424242424242	1.0	0.23860806	1.7589478412567134e-13
ALDOB	4.5606060606060606	5.400493616127032e-111	0.040159076	1.0
MAEA	6.212121212121212	1.0	0.020877812	1.0
HPS6	4.424242424242424	8.234322370316294e-130	0.18805343	1.0
FCGR1A	4.878787878787879	4.201267031456755e-71	0.022721399	1.0
SSH1	4.954545454545454	1.3430778973097058e-62	0.46044695	0.0
F8A1	4.393939393939394	4.1588243918237506e-134	0.10314291	1.0
OASL	4.696969696969697	3.895072545540908e-93	0.09308015	1.0
FRMPD4	5.9393939393939394	0.29042308693009067	0.43802953	4.110890806130606e-300
COL8A1	15.0	1.0	0.088670254	1.0
INHA	6.878787878787879	1.0	0.021348314	1.0
EXT1	7.0606060606060606	1.0	0.15163575	1.0
P2RY1	5.833333333333333	0.0067181671876451274	0.054895103	1.0
SLC9A7	8.5	1.0	0.062298045	1.0
CIAO1	6.242424242424242	1.0	-0.023368457	1.0
CCR1	8.151515151515152	1.0	-0.09800123	1.0
PCBP3	5.712121212121212	2.8086318893086953e-06	0.033257883	1.0
ZSCAN16	7.2272727272727275	1.0	0.006191862	1.0
FA2H	5.409090909090909	7.050991745134946e-22	0.09119566	1.0
AKR7A2	8.227272727272727	1.0	0.0031240406	1.0
TUBA8	3.9242424242424243	1.4883845906973111e-204	0.0729425	1.0
BMP15	4.893939393939394	2.282999105755518e-69	0.065678455	1.0
MAPKAPK3	4.212121212121212	1.3452563711804457e-160	0.07621669	1.0
HNRNPA3	5.2727272727272725	4.464690473874677e-32	0.049393624	1.0
SERPINB9	3.8636363636363638	5.309754525883307e-214	-0.109999485	1.0
CYR61	5.4393939393939394	7.15071135886857e-20	0.08567959	1.0
ARL6IP4	15.0	1.0	-0.003006893	1.0
OPRK1	5.893939393939394	0.08040728585071569	0.037498552	1.0
SEMA4C	5.666666666666667	5.7023465843776827e-08	0.3412468	1.6411658639524558e-132
ADIPOR1	5.015151515151516	4.0682418292930166e-56	0.007880846	1.0
PITPNC1	15.0	1.0	-0.01071236	1.0
VSX2	5.606060606060606	1.3777219093908933e-10	0.02659615	1.0
SOX1	4.196969696969697	7.408854155105656e-163	0.10065058	1.0
OBFC1	6.0	0.8130487145366784	0.055776652	1.0
NFE2	5.151515151515151	1.1784022048920932e-42	-0.012957502	1.0
NR2E3	4.333333333333333	8.36973431338001e-143	0.057824433	1.0
L3MBTL1	4.378787878787879	2.851091925485961e-136	0.21689329	0.0007529389400989877
ST13	5.863636363636363	0.026010289548509757	0.005323244	1.0
RAD51B	5.863636363636363	0.026010289548509757	-0.017816897	1.0
CASP4	4.333333333333333	8.36973431338001e-143	-0.011708207	1.0
CCDC86	7.2727272727272725	1.0	-0.00301265	1.0
HP	15.0	1.0	-0.009801105	1.0
FLI1	4.348484848484849	1.2952202012909316e-140	0.015373313	1.0
ZNF337	8.924242424242424	1.0	0.08229834	1.0
GAS1	15.0	1.0	-0.0002449681	1.0
SEMA3F	6.212121212121212	1.0	0.25315827	1.6654281074381213e-23
LPAR1	6.363636363636363	1.0	0.14746876	1.0
ANXA9	5.863636363636363	0.026010289548509757	0.09904492	1.0
ADPRHL2	8.075757575757576	1.0	-0.001415749	1.0
PDE4A	4.393939393939394	4.1588243918237506e-134	0.32072833	2.541160276800661e-101
SERPINE1	6.03030303030303	1.0	-0.1412712	1.0
CBL	4.015151515151516	1.8150337481646768e-190	-0.10786827	1.0
ILF2	4.4393939393939394	1.1179237737721773e-127	0.16516064	1.0
DCTN1	3.984848484848485	3.796242806180348e-195	0.24247152	7.196783575435043e-16
RIBC2	5.075757575757576	6.148878058809979e-50	-0.120237365	1.0
GKAP1	4.7272727272727275	2.5869665633246372e-89	0.07905682	1.0
DOCK7	4.257575757575758	7.351715149052645e-154	0.5506698	0.0
PON1	6.787878787878788	1.0	0.0014862682	1.0
TGS1	4.166666666666667	2.1673241151360944e-167	0.37955615	3.1683277830493016e-196
GTF3A	5.666666666666667	5.7023465843776827e-08	0.020435153	1.0
ATP6AP2	15.0	1.0	-0.006128641	1.0
CXCR3	9.833333333333334	1.0	-0.036034163	1.0
DUSP6	4.015151515151516	1.8150337481646768e-190	0.15343164	1.0
SSBP3	6.863636363636363	1.0	0.024685983	1.0
PEX1	6.075757575757576	1.0	0.48208943	0.0
MAP2K1	3.6363636363636362	7.240515644060204e-250	-0.13434315	1.0
GNA12	4.409090909090909	5.914786475214866e-132	-0.0694353	1.0
RBM4B	5.606060606060606	1.3777219093908933e-10	0.0010929726	1.0
IDE	6.590909090909091	1.0	0.33397326	3.6429298103291087e-121
IL13RA2	5.848484848484849	0.01364731693088985	-0.016852573	1.0
MRPL38	4.818181818181818	3.3485901111930753e-78	-0.0003917574	1.0
KCNK3	4.0	8.378388133182956e-193	0.22717975	1.3386165745858746e-07
DRG1	5.090909090909091	1.923470993656941e-48	-0.0035138868	1.0
DGCR8	5.424242424242424	7.304939763549693e-21	0.24833095	7.168180728537882e-20
SULT2B1	5.606060606060606	1.3777219093908933e-10	-0.0071579786	1.0
SCD	15.0	1.0	-0.00519488	1.0
PEX12	10.166666666666666	1.0	0.010677246	1.0
FOXP3	4.575757575757576	5.853914984634287e-109	0.026721941	1.0
POFUT1	5.151515151515151	1.1784022048920932e-42	0.056061156	1.0
SERBP1	4.121212121212121	2.993933330416968e-174	-0.016623542	1.0
CCR2	8.181818181818182	1.0	-0.07325986	1.0
CDC42EP4	5.636363636363637	3.1603395062496015e-09	0.10773753	1.0
SEMA4D	5.212121212121212	3.4266830986446446e-37	0.2935227	1.257697882313196e-64
TBC1D5	5.0	1.0403022436148605e-57	0.26082543	7.042082554901796e-30
DHDDS	15.0	1.0	-0.01819225	1.0
DNM1	3.893939393939394	2.855528363833788e-209	-0.030384302	1.0
VPS8	4.757575757575758	1.4989734955504187e-85	0.4600214	0.0
EN1	4.424242424242424	8.234322370316294e-130	0.08169716	1.0
ARFGEF1	5.984848484848484	0.6713958573583418	0.48075396	0.0
CCDC130	4.424242424242424	8.234322370316294e-130	0.026460515	1.0
CSDE1	5.424242424242424	7.304939763549693e-21	0.25201857	1.2772477001110534e-22
GRASP	5.0606060606060606	1.868647141764226e-51	0.0014375317	1.0
STRADA	4.787878787878788	7.589866940626278e-82	0.015188732	1.0
RPP40	15.0	1.0	-0.014360711	1.0
USP10	5.545454545454546	1.2939466289206966e-13	0.14967662	1.0
WNT6	12.712121212121213	1.0	-0.0012417352	1.0
TLK1	5.954545454545454	0.4021808346106391	0.1287699	1.0
SIRT2	4.4393939393939394	1.1179237737721773e-127	-0.028262043	1.0
NOXO1	5.409090909090909	7.050991745134946e-22	0.01620285	1.0
FOXE1	5.651515151515151	1.3838745592303982e-08	0.04071148	1.0
TNFRSF11B	6.393939393939394	1.0	0.008719211	1.0
ARC	5.575757575757576	4.742374516777844e-12	0.054335535	1.0
CDC37	3.8181818181818183	3.9384120538611244e-221	-0.02710262	1.0
TIAL1	5.818181818181818	0.0031247077582926205	0.04913183	1.0
HDAC3	3.6363636363636362	7.240515644060204e-250	-0.17271248	1.0
ACTA2	5.378787878787879	5.596677988813906e-24	-0.05991013	1.0
HEATR1	6.96969696969697	1.0	0.52479553	0.0
ZER1	6.651515151515151	1.0	0.14698233	1.0
MAGI2	4.848484848484849	1.2797706148193189e-74	0.43839002	9.24260738680085e-301
ADAM11	6.666666666666667	1.0	0.10095417	1.0
CCR10	10.151515151515152	1.0	-0.05621913	1.0
EPHA6	5.863636363636363	0.026010289548509757	0.4154939	1.2107484508540682e-259
SPOP	5.166666666666667	2.93824026063579e-41	0.0031021924	1.0
SMEK2	4.984848484848484	2.5536481937036903e-59	0.26844034	6.502953438462844e-37
CA12	5.848484848484849	0.01364731693088985	-0.02329237	1.0
ACAT2	4.136363636363637	5.900348408278667e-172	0.09798508	1.0
ZPBP	15.0	1.0	0.046488624	1.0
RMND5A	4.757575757575758	1.4989734955504187e-85	0.07227173	1.0
LDB2	4.984848484848484	2.5536481937036903e-59	-0.007717923	1.0
CLCN3	6.075757575757576	1.0	0.26095194	5.451965127941954e-30
RAPSN	5.818181818181818	0.0031247077582926205	0.07349966	1.0
LHX9	3.984848484848485	3.796242806180348e-195	0.09220015	1.0
NAP1L1	3.803030303030303	1.6541955466014821e-223	0.14630122	1.0
MAPK8	3.272727272727273	9.02494680543969e-308	-0.17162557	1.0
GOLGA1	7.015151515151516	1.0	0.12639633	1.0
WNK4	6.909090909090909	1.0	0.19363159	1.0
PNISR	6.015151515151516	0.9432481883172866	0.27116263	1.361733109133886e-39
HAVCR1	5.409090909090909	7.050991745134946e-22	0.114427865	1.0
ECE1	6.075757575757576	1.0	0.1583743	1.0
AXIN2	3.787878787878788	6.691875806829089e-226	0.33402497	3.0345624112918776e-121
SLC4A1AP	7.848484848484849	1.0	0.1769699	1.0
MYH13	7.4393939393939394	1.0	0.48458916	0.0
PKD2L1	6.787878787878788	1.0	0.116370365	1.0
P2RX4	5.166666666666667	2.93824026063579e-41	0.03650262	1.0
ZNF287	8.151515151515152	1.0	0.112064995	1.0
ZNF208	4.909090909090909	1.1939958588792523e-67	0.29029793	1.0517253830196556e-60
MYPOP	4.7727272727272725	1.0830356453634325e-83	0.031022003	1.0
CDH10	15.0	1.0	0.26242828	2.6616521641441296e-31
PAK1IP1	4.181818181818182	4.0396039921142017e-165	0.11074726	1.0
PA2G4	3.621212121212121	2.8697289860358173e-252	0.20623939	0.16963377604257612
TNFRSF10D	5.424242424242424	7.304939763549693e-21	0.008253224	1.0
IFT88	6.136363636363637	1.0	0.22593668	4.553929698430655e-07
FANCD2	4.03030303030303	3.9142803071732094e-188	0.2956834	2.605486746511662e-67
KRR1	5.242424242424242	1.363714314520086e-34	0.06802699	1.0
SEC63	7.106060606060606	1.0	0.08543472	1.0
WNT5A	7.712121212121212	1.0	-0.0090854475	1.0
FBLIM1	5.015151515151516	4.0682418292930166e-56	0.06090172	1.0
MCM10	4.696969696969697	3.895072545540908e-93	0.021695647	1.0
GJA1	3.742424242424242	4.647503459395832e-233	0.08669382	1.0
C18orf25	4.409090909090909	5.914786475214866e-132	0.073929586	1.0
ASAH1	4.96969696969697	5.9836842956166486e-61	0.020237423	1.0
C5AR1	15.0	1.0	-0.0104311425	1.0
DPF2	5.0606060606060606	1.868647141764226e-51	0.023653893	1.0
PTPN2	3.893939393939394	2.855528363833788e-209	0.14311408	1.0
KPNB1	3.6363636363636362	7.240515644060204e-250	-0.055652373	1.0
ZNF341	5.424242424242424	7.304939763549693e-21	0.30598846	1.094115530846155e-80
CREB3	5.515151515151516	2.804737320536277e-15	-0.011525235	1.0
PAX2	5.03030303030303	1.5255864629947634e-54	0.0826583	1.0
DRG2	7.090909090909091	1.0	-0.0087969275	1.0
TGFBR1	3.5	1.434207471176549e-271	-0.22700517	1.0
GNA14	7.742424242424242	1.0	-0.003149095	1.0
S1PR5	5.409090909090909	7.050991745134946e-22	0.03414469	1.0
CELSR2	4.924242424242424	5.985953570968111e-66	0.5413841	0.0
NPHS2	5.181818181818182	6.9932454275569265e-40	0.06350506	1.0
VRK1	3.9545454545454546	7.665781365813323e-200	0.031533603	1.0
IL12RB2	4.924242424242424	5.985953570968111e-66	0.15917668	1.0
CCNE2	4.106060606060606	1.5042150568912314e-176	0.012854182	1.0
VPS16	7.333333333333333	1.0	0.2377349	5.718951473118384e-13
APOBEC3F	6.121212121212121	1.0	-0.0028172394	1.0
ZHX1	3.742424242424242	4.647503459395832e-233	-0.018496793	1.0
NUP43	5.5	3.7842004657943047e-16	-0.008045509	1.0
PSMC4	4.787878787878788	7.589866940626278e-82	-0.044610634	1.0
C18orf54	6.015151515151516	0.9432481883172866	0.041927405	1.0
ACPP	5.0	1.0403022436148605e-57	0.057648104	1.0
TSG101	3.8181818181818183	3.9384120538611244e-221	-0.15363482	1.0
RMND5B	4.121212121212121	2.993933330416968e-174	0.11212244	1.0
IKBKAP	4.287878787878788	2.0335762994395374e-149	0.28553253	4.3193702639004414e-55
DDX54	3.909090909090909	6.631144541376156e-207	0.36064038	4.704719303660383e-164
NFKB1	3.4696969696969697	2.109479024419971e-276	-0.13877991	1.0
TGFB1	6.893939393939394	1.0	-0.14575858	1.0
DDO	8.166666666666666	1.0	0.005147159	1.0
PRKD3	4.121212121212121	2.993933330416968e-174	0.2788527	1.3051154306700397e-47
FNTA	5.166666666666667	2.93824026063579e-41	-0.043628708	1.0
CADM4	5.257575757575758	2.532355208930679e-33	0.022172807	1.0
LRRC8D	7.2272727272727275	1.0	0.2515428	2.9540034579245265e-22
RAPGEF4	5.015151515151516	4.0682418292930166e-56	0.28984988	3.6229325682957423e-60
PRLHR	5.212121212121212	3.4266830986446446e-37	-0.010171105	1.0
RNF216	5.53030303030303	1.9631201286694676e-14	0.28452113	6.270944742685689e-54
EFCAB6	4.0606060606060606	1.739805437553857e-183	0.43916717	3.6922296949244757e-302
MAP2K4	3.893939393939394	2.855528363833788e-209	-0.10478155	1.0
GAPVD1	4.318181818181818	5.3259981484645446e-145	0.449552	7.777e-321
TFB1M	15.0	1.0	0.077003956	1.0
RECQL5	5.348484848484849	3.543656868901738e-26	0.28923815	1.9469712018924164e-59
DAP3	3.742424242424242	4.647503459395832e-233	0.14555083	1.0
FAM46C	4.651515151515151	5.700658646082387e-99	0.035442293	1.0
MVD	5.424242424242424	7.304939763549693e-21	-0.0146616725	1.0
SIX4	5.7727272727272725	0.0002205579338264052	0.16155103	1.0
MYLK	3.803030303030303	1.6541955466014821e-223	0.44789284	7.460026e-318
ARHGEF1	4.424242424242424	8.234322370316294e-130	0.27135158	8.813202709161657e-40
ELAVL3	5.242424242424242	1.363714314520086e-34	0.047581	1.0
DNM2	4.090909090909091	7.431731658940583e-179	0.09822316	1.0
B4GALT3	5.0606060606060606	1.868647141764226e-51	0.012843521	1.0
ASXL2	5.476923076923077	1.615242133205901e-17	0.4473328	7.5764705e-317
FBXL8	5.863636363636363	0.026010289548509757	0.038715288	1.0
SNIP1	3.606060606060606	1.151654573846843e-254	-0.094210304	1.0
MESDC1	13.712121212121213	1.0	0.05864387	1.0
NECAB2	5.363636363636363	4.575487144392107e-25	-0.14163753	1.0
NME7	5.393939393939394	6.482752192123682e-23	0.013837165	1.0
SPHK1	4.878787878787879	4.201267031456755e-71	-0.018038029	1.0
TFG	4.803030303030303	5.12655010797389e-80	-0.03842869	1.0
PROZ	8.227272727272727	1.0	0.032943737	1.0
KIAA1009	5.787878787878788	0.0005657379213339365	0.44221646	1.2067757342876007e-307
SS18L1	4.166666666666667	2.1673241151360944e-167	0.12121121	1.0
CSNK1D	4.121212121212121	2.993933330416968e-174	0.020208348	1.0
DAPK1	4.621212121212121	6.241076737412368e-103	0.41192114	2.9390827273341736e-253
CXCR2	6.742424242424242	1.0	-0.041898195	1.0
MAVS	4.590909090909091	6.15075884339598e-107	0.012492307	1.0
LMX1B	5.045454545454546	5.449835677091945e-53	0.037100606	1.0
RASA2	5.409090909090909	7.050991745134946e-22	0.235817	7.012120385756981e-12
RBM41	4.7727272727272725	1.0830356453634325e-83	0.0071163364	1.0
POLG	7.863636363636363	1.0	0.20132264	0.668190129856098
WWTR1	4.7272727272727275	2.5869665633246372e-89	-0.0009281157	1.0
CNTFR	5.9393939393939394	0.29042308693009067	-0.022426404	1.0
KIF5C	4.363636363636363	1.9296931071479538e-138	0.3242003	2.053107408015933e-106
SLC35A2	5.242424242424242	1.363714314520086e-34	0.08063847	1.0
AJAP1	4.196969696969697	7.408854155105656e-163	0.07861947	1.0
SOX17	4.196969696969697	7.408854155105656e-163	0.07861947	1.0
PIDD	4.787878787878788	7.589866940626278e-82	0.25589862	1.0669729681959334e-25
TGFBR3	6.651515151515151	1.0	0.17768815	1.0
CTNNA3	4.196969696969697	7.408854155105656e-163	0.30081612	7.408851044697317e-74
CDC42EP1	4.757575757575758	1.4989734955504187e-85	0.01683312	1.0
BCL11B	4.666666666666667	5.190235199322125e-97	0.27429613	8.828557262994608e-43
VPS72	4.924242424242424	5.985953570968111e-66	0.14055716	1.0
DNAJA1	4.303030303030303	3.33264627763135e-147	-0.018373521	1.0
FAM63A	7.878787878787879	1.0	0.0072746756	1.0
CEP44	5.696969696969697	8.135574001437365e-07	0.011357233	1.0
GRM6	6.121212121212121	1.0	0.26073617	8.434466362036253e-30
EXD3	5.287878787878788	7.485477606395389e-31	0.26549307	4.1429081364766705e-34
PIK3C3	4.2727272727272725	1.2235597067539176e-151	0.28872105	8.019771534425056e-59
ZFP36L1	4.287878787878788	2.0335762994395374e-149	0.034467965	1.0
VEGFC	5.090909090909091	1.923470993656941e-48	0.015491291	1.0
GLUL	7.181818181818182	1.0	-0.0018108471	1.0
UBAC1	4.606060606060606	6.280766027761081e-105	-0.016360307	1.0
ST8SIA2	6.924242424242424	1.0	0.011303704	1.0
UBL7	5.2272727272727275	7.038927224180759e-36	-0.0021164482	1.0
ETNK2	5.454545454545454	6.638801559632507e-19	-0.010274567	1.0
RXRA	3.6363636363636362	7.240515644060204e-250	-0.18566495	1.0
NPHP4	5.46969696969697	5.8303237583507375e-18	0.39602342	5.1409973456636273e-225
ZDHHC23	6.5606060606060606	1.0	0.009981584	1.0
EML3	4.363636363636363	1.9296931071479538e-138	0.30886737	1.3848899852214364e-84
DCP2	7.893939393939394	1.0	0.014884713	1.0
F2RL3	7.757575757575758	1.0	0.009928789	1.0
UNC5A	5.621212121212121	6.787535082773471e-10	0.22024943	6.522336182326842e-05
PKN3	5.045454545454546	5.449835677091945e-53	0.22968371	9.822105757847396e-09
EIF4A1	5.590909090909091	2.632737875380154e-11	-0.03640596	1.0
ITPK1	4.681818181818182	4.566391540340071e-95	0.05642644	1.0
ALX4	4.696969696969697	3.895072545540908e-93	0.022689989	1.0
FAM175B	4.803030303030303	5.12655010797389e-80	0.03569628	1.0
CHRDL1	7.075757575757576	1.0	0.01477113	1.0
FKBP8	4.212121212121212	1.3452563711804457e-160	0.0719797	1.0
KIAA1524	4.333333333333333	8.36973431338001e-143	0.28832456	2.3636248940827305e-58
POU4F2	3.984848484848485	3.796242806180348e-195	0.11511545	1.0
DNAJA2	4.515151515151516	3.593818462139579e-117	0.06403346	1.0
FBXW4	5.2272727272727275	7.038927224180759e-36	0.028454496	1.0
EXO1	5.348484848484849	3.543656868901738e-26	0.20087935	0.7319899348913903
FGFR1OP	5.03030303030303	1.5255864629947634e-54	0.034119695	1.0
RAB3IL1	7.106060606060606	1.0	0.008663075	1.0
ING3	5.196969696969697	1.5845634300765288e-38	0.030484123	1.0
HTR1D	7.257575757575758	1.0	-0.016118918	1.0
PELI1	5.03030303030303	1.5255864629947634e-54	0.01433863	1.0
KIAA1199	15.0	1.0	0.41714635	1.3302868665859425e-262
ACTR10	4.848484848484849	1.2797706148193189e-74	0.054537628	1.0
AIPL1	6.0	0.8130487145366784	-0.0024711047	1.0
AKAP2	5.863636363636363	0.026010289548509757	0.24310051	2.809732768058132e-16
PTX3	8.757575757575758	1.0	-0.020475417	1.0
ACTG2	6.984848484848484	1.0	0.030171005	1.0
XAB2	5.181818181818182	6.9932454275569265e-40	0.1912113	1.0
CCR7	10.151515151515152	1.0	-0.021618584	1.0
CKB	6.181818181818182	1.0	-0.031546168	1.0
IGSF5	5.0606060606060606	1.868647141764226e-51	0.058200814	1.0
SSB	4.681818181818182	4.566391540340071e-95	0.022190904	1.0
SIGIRR	5.0	1.0403022436148605e-57	-0.03705594	1.0
SNUPN	9.393939393939394	1.0	-0.023908755	1.0
DDX27	6.181818181818182	1.0	0.15714172	1.0
PARVA	4.257575757575758	7.351715149052645e-154	0.01747637	1.0
CXCR1	7.712121212121212	1.0	-0.058525722	1.0
EPS15	4.03030303030303	3.9142803071732094e-188	-0.038998187	1.0
DDR2	4.787878787878788	7.589866940626278e-82	0.34289598	4.0060011007240905e-135
PSTPIP1	4.9393939393939394	2.8876096295366594e-64	-8.793695e-05	1.0
IDH3A	15.0	1.0	-0.021001706	1.0
SEPT1	5.954545454545454	0.4021808346106391	-0.018173171	1.0
STK19	15.0	1.0	-0.023444446	1.0
SLC25A10	5.787878787878788	0.0005657379213339365	0.022547211	1.0
ESPN	5.5606060606060606	8.070067712540837e-13	0.24705294	5.847392450064691e-19
SH2D2A	4.606060606060606	6.280766027761081e-105	0.110493824	1.0
PHYHIPL	7.878787878787879	1.0	-0.0024168806	1.0
COPS3	3.9242424242424243	1.4883845906973111e-204	-0.08292553	1.0
DAZAP1	15.0	1.0	0.02985422	1.0
PAX5	3.909090909090909	6.631144541376156e-207	0.032166295	1.0
GFI1	4.318181818181818	5.3259981484645446e-145	0.024952898	1.0
ACTR1A	4.909090909090909	1.1939958588792523e-67	0.095696114	1.0
RAD51D	6.863636363636363	1.0	-0.036843956	1.0
NR2F6	3.878787878787879	1.2284127079251473e-211	0.112885654	1.0
SUPT7L	5.121212121212121	1.65394062595959e-45	0.041485686	1.0
RTN1	8.303030303030303	1.0	0.111966275	1.0
CCR3	8.151515151515152	1.0	-0.11827338	1.0
CSNK1G1	4.303030303030303	3.33264627763135e-147	0.016863437	1.0
VCPIP1	6.0606060606060606	1.0	0.18875623	1.0
MVK	5.242424242424242	1.363714314520086e-34	0.053317368	1.0
ST8SIA3	6.924242424242424	1.0	0.009388277	1.0
TNPO3	4.651515151515151	5.700658646082387e-99	0.2124379	0.011128591669061143
FAM175A	4.181818181818182	4.0396039921142017e-165	0.021128627	1.0
ADORA2A	5.106060606060606	5.774871996982557e-47	0.012367321	1.0
MTBP	4.363636363636363	1.9296931071479538e-138	0.28688294	1.1690324225317998e-56
KIF18A	4.515151515151516	3.593818462139579e-117	0.2683875	7.312736979664878e-37
PLEKHO1	4.106060606060606	1.5042150568912314e-176	0.08913796	1.0
TBRG1	5.454545454545454	6.638801559632507e-19	0.018097319	1.0
WDR62	4.363636363636363	1.9296931071479538e-138	0.4105242	9.16638853769681e-251
APOL1	6.984848484848484	1.0	0.005270991	1.0
DRD4	4.712121212121212	3.234126539505369e-91	0.01325113	1.0
TEX9	6.46969696969697	1.0	-0.014728901	1.0
PIP4K2C	5.0606060606060606	1.868647141764226e-51	0.047665775	1.0
LMTK2	4.696969696969697	3.895072545540908e-93	0.4186585	2.605202639130671e-265
ZC3H11A	6.257575757575758	1.0	0.167884	1.0
SGMS1	5.151515151515151	1.1784022048920932e-42	0.056765005	1.0
EML1	7.0	1.0	0.095072664	1.0
E2F1	3.606060606060606	1.151654573846843e-254	-0.17440036	1.0
MAPKBP1	4.257575757575758	7.351715149052645e-154	0.41429716	1.6684923136754856e-257
CASP9	3.6515151515151514	1.916297134297963e-247	-0.16217563	1.0
PTGER3	15.0	1.0	-0.00039240808	1.0
CKMT2	5.0	1.0403022436148605e-57	0.02137543	1.0
KANSL3	4.833333333333333	2.107807229110395e-76	0.20533992	0.22923536680257228
S1PR1	6.257575757575758	1.0	0.0040018586	1.0
DMBX1	6.46969696969697	1.0	-0.007991257	1.0
MAP2K2	3.8181818181818183	3.9384120538611244e-221	0.023441821	1.0
WNT1	10.712121212121213	1.0	-0.03338497	1.0
SLC30A3	6.818181818181818	1.0	-0.023426868	1.0
ZW10	15.0	1.0	0.19346558	1.0
TCP1	4.484848484848484	2.430993042715581e-121	-0.03695981	1.0
TES	4.833333333333333	2.107807229110395e-76	-0.03313038	1.0
TLR10	5.03030303030303	1.5255864629947634e-54	0.11357469	1.0
AURKA	3.6818181818181817	1.1853923178705118e-242	-0.14371996	1.0
ACTN1	4.151515151515151	1.1446109044602285e-169	-0.09024064	1.0
B3GNT4	6.363636363636363	1.0	0.013601813	1.0
SSTR5	8.333333333333334	1.0	0.054560285	1.0
SERPINE2	8.06060606060606	1.0	-0.004138282	1.0
SMAD1	3.5454545454545454	2.4603959389348576e-264	-0.21122088	1.0
GRM2	6.045454545454546	1.0	0.24488322	1.8355880085984646e-17
SCYL1	7.242424242424242	1.0	0.11470516	1.0
CHST1	4.606060606060606	6.280766027761081e-105	0.021919355	1.0
NOB1	7.090909090909091	1.0	0.012876638	1.0
RRM2B	3.9696969696969697	1.7009092593290584e-197	-0.04837101	1.0
ARHGEF9	4.696969696969697	3.895072545540908e-93	0.02394093	1.0
CPB2	6.863636363636363	1.0	-0.02139708	1.0
SMTN	4.393939393939394	4.1588243918237506e-134	0.2738429	2.593341597620994e-42
ST6GAL1	5.484848484848484	4.837331664837387e-17	0.016468532	1.0
KAZN	5.03030303030303	1.5255864629947634e-54	0.03658406	1.0
CKM	6.787878787878788	1.0	-0.018818561	1.0
OSBP	6.378787878787879	1.0	0.12464359	1.0
LRRC41	6.5606060606060606	1.0	0.16214246	1.0
ANAPC2	4.803030303030303	5.12655010797389e-80	0.055010643	1.0
PEX14	9.166666666666666	1.0	-0.0100332545	1.0
TXLNG	7.03030303030303	1.0	0.012166318	1.0
DHH	15.0	1.0	-0.01559922	1.0
TOMM40	15.0	1.0	-0.01715587	1.0
CUL4B	3.787878787878788	6.691875806829089e-226	0.21878229	0.00019848926326222982
OSBP2	4.696969696969697	3.895072545540908e-93	0.27681118	2.0302628387827195e-45
TSPYL4	5.348484848484849	3.543656868901738e-26	0.069571875	1.0
WTIP	4.393939393939394	4.1588243918237506e-134	-0.0014760226	1.0
PHKG2	15.0	1.0	-0.017806165	1.0
DUSP7	4.0	8.378388133182956e-193	0.14871226	1.0
B4GALT1	4.621212121212121	6.241076737412368e-103	0.00020413857	1.0
ZNF558	7.2272727272727275	1.0	0.0009527192	1.0
EXOSC10	5.257575757575758	2.532355208930679e-33	-0.05624654	1.0
PSG9	3.9545454545454546	7.665781365813323e-200	0.16020317	1.0
RAD52	4.712121212121212	3.234126539505369e-91	-0.07507333	1.0
WDR12	5.151515151515151	1.1784022048920932e-42	0.028101891	1.0
ZNF414	5.924242424242424	0.19929500119739843	0.02051067	1.0
CAD	3.742424242424242	4.647503459395832e-233	0.5158996	0.0
TFDP1	3.9545454545454546	7.665781365813323e-200	-0.06561507	1.0
TERF2IP	4.742424242424242	2.0112480802320904e-87	-0.018058803	1.0
HOXA13	4.545454545454546	4.834723743239444e-113	0.012600462	1.0
AHSG	15.0	1.0	-0.01884601	1.0
DNMT3L	5.075757575757576	6.148878058809979e-50	-0.024894914	1.0
MMP1	8.530303030303031	1.0	-0.029790068	1.0
TASP1	5.181818181818182	6.9932454275569265e-40	0.017933782	1.0
HNF4A	3.606060606060606	1.151654573846843e-254	-0.113622695	1.0
LEMD3	3.878787878787879	1.2284127079251473e-211	0.28675658	1.64115089161372e-56
CDCP1	8.621212121212121	1.0	0.15764122	1.0
PSG1	5.242424242424242	1.363714314520086e-34	0.020267142	1.0
CLNK	5.333333333333333	2.600528747744788e-27	0.032023918	1.0
TEX28	5.136363636363637	4.541988465132742e-44	-0.0018093458	1.0
ELL3	6.212121212121212	1.0	-0.0193826	1.0
PDHA2	8.666666666666666	1.0	-0.016163537	1.0
GTF3C1	4.787878787878788	7.589866940626278e-82	0.44049817	1.4888177314334594e-304
PIWIL4	8.0	1.0	0.23500988	1.9480023751223325e-11
PVR	6.106060606060606	1.0	-0.036464363	1.0
TNNI3K	4.787878787878788	7.589866940626278e-82	0.16714257	1.0
NPY2R	15.0	1.0	-0.024481246	1.0
SELL	6.9393939393939394	1.0	-0.024292683	1.0
IL13RA1	5.090909090909091	1.923470993656941e-48	-0.03234468	1.0
RAD23B	4.651515151515151	5.700658646082387e-99	-0.08707834	1.0
APOBEC3G	5.121212121212121	1.65394062595959e-45	0.022188757	1.0
PIP4K2B	4.46969696969697	1.931907190857211e-123	0.06987284	1.0
CSTF1	4.075757575757576	3.621754795530252e-181	-0.028378038	1.0
SYT6	4.7727272727272725	1.0830356453634325e-83	0.013617753	1.0
KIAA1549	5.181818181818182	6.9932454275569265e-40	0.4503872	2.5e-322
SH3RF1	4.378787878787879	2.851091925485961e-136	0.21671969	0.0008459508738205962
ZNF557	4.757575757575758	1.4989734955504187e-85	0.038944356	1.0
ADAM12	4.181818181818182	4.0396039921142017e-165	0.30437642	1.5570156816949197e-78
MED16	6.454545454545454	1.0	0.21134219	0.019609347559039272
TNFRSF19	4.848484848484849	1.2797706148193189e-74	0.07713001	1.0
SPAG1	4.4393939393939394	1.1179237737721773e-127	0.28602234	1.1717059673710728e-55
PTPRS	4.181818181818182	4.0396039921142017e-165	0.3571085	3.4721507296848957e-158
FLOT2	4.515151515151516	3.593818462139579e-117	0.028158579	1.0
POLK	6.121212121212121	1.0	0.2374534	8.323542681997358e-13
UGCG	7.742424242424242	1.0	-0.02017624	1.0
PPP2R2D	5.333333333333333	2.600528747744788e-27	-0.004138766	1.0
KIAA1967	4.5606060606060606	5.400493616127032e-111	0.27835464	4.515288003435656e-47
CCER1	5.075757575757576	6.148878058809979e-50	0.066315226	1.0
RNF19A	4.909090909090909	1.1939958588792523e-67	0.10902318	1.0
CSF2RB	4.0	8.378388133182956e-193	0.087077364	1.0
INPP1	5.787878787878788	0.0005657379213339365	0.0004646244	1.0
EIF2C1	7.848484848484849	1.0	0.21249484	0.010795108936335882
KCNJ9	6.303030303030303	1.0	-0.029417912	1.0
NR3C1	3.272727272727273	9.02494680543969e-308	-0.16360468	1.0
ARRB1	4.681818181818182	4.566391540340071e-95	-0.14703465	1.0
TNRC6B	5.409090909090909	7.050991745134946e-22	0.48732978	0.0
RBMS1	5.484848484848484	4.837331664837387e-17	0.040832564	1.0
MYOM2	6.090909090909091	1.0	0.4236711	2.65427195014165e-274
RAD9B	5.333333333333333	2.600528747744788e-27	-0.03798844	1.0
LPHN2	6.2272727272727275	1.0	0.4533375	0.0
MSTN	15.0	1.0	-0.027337741	1.0
DAZ4	15.0	1.0	-0.007884327	1.0
CLASP1	4.318181818181818	5.3259981484645446e-145	0.39752054	1.1678373793349986e-227
ENTPD5	4.4393939393939394	1.1179237737721773e-127	0.077672996	1.0
EIF2B3	4.666666666666667	5.190235199322125e-97	-0.02912522	1.0
ZNF670	9.484848484848484	1.0	-0.005562478	1.0
SERPINA5	7.2727272727272725	1.0	-0.14331886	1.0
MRPS31	6.2272727272727275	1.0	-0.0059565012	1.0
CASP8	3.4545454545454546	7.596371136203158e-279	-0.16901988	1.0
SMAD7	3.878787878787879	1.2284127079251473e-211	-0.16837941	1.0
SRRM1	4.242424242424242	4.2660456775394e-156	0.2467589	9.398233508850721e-19
ADAM22	4.287878787878788	2.0335762994395374e-149	0.28972948	5.047613924141348e-60
YY1	3.893939393939394	2.855528363833788e-209	-0.052676346	1.0
VPS35	6.4393939393939394	1.0	0.048531048	1.0
SERPINF1	4.212121212121212	1.3452563711804457e-160	0.039585065	1.0
POU4F1	3.8484848484848486	2.263719495264942e-216	0.07116232	1.0
PACSIN3	4.424242424242424	8.234322370316294e-130	-0.115438566	1.0
KIFC2	5.484848484848484	4.837331664837387e-17	0.14484765	1.0
NFATC1	3.8181818181818183	3.9384120538611244e-221	0.27199858	1.9692896515502267e-40
BCKDK	5.5606060606060606	8.070067712540837e-13	-0.0027786763	1.0
PSMC5	3.909090909090909	6.631144541376156e-207	-0.0044952394	1.0
PRSS23	5.242424242424242	1.363714314520086e-34	-0.055316214	1.0
DOK2	4.121212121212121	2.993933330416968e-174	0.12685882	1.0
OLA1	5.515151515151516	2.804737320536277e-15	0.020558842	1.0
ADRB3	6.303030303030303	1.0	-0.0048489505	1.0
HTR1B	8.227272727272727	1.0	-0.015967524	1.0
VIM	3.696969696969697	3.006258229506499e-240	-0.21018481	1.0
LRRC7	4.606060606060606	6.280766027761081e-105	0.35027248	5.608169755252407e-147
INHBB	5.984848484848484	0.6713958573583418	-0.10279718	1.0
CSNK1E	4.393939393939394	4.1588243918237506e-134	-0.09196065	1.0
NOXA1	4.409090909090909	5.914786475214866e-132	-0.013753747	1.0
ABR	7.666666666666667	1.0	0.09288257	1.0
GRM7	4.196969696969697	7.408854155105656e-163	0.14867806	1.0
PNMA6A	5.545454545454546	1.2939466289206966e-13	0.00015564963	1.0
SRFBP1	4.696969696969697	3.895072545540908e-93	0.00882076	1.0
BLNK	4.348484848484849	1.2952202012909316e-140	0.018602172	1.0
PRKAR2A	4.863636363636363	7.461555813357348e-73	-0.14842829	1.0
LYN	4.015151515151516	1.8150337481646768e-190	-0.19398837	1.0
ARRB2	4.984848484848484	2.5536481937036903e-59	-0.06980543	1.0
POLE	4.545454545454546	4.834723743239444e-113	0.4348636	2.0410317820556563e-294
RASSF8	4.287878787878788	2.0335762994395374e-149	0.050071348	1.0
DDB2	4.4393939393939394	1.1179237737721773e-127	-0.05136297	1.0
GDI2	5.984848484848484	0.6713958573583418	-0.038499933	1.0
HOXA10	4.045454545454546	8.293864890908537e-186	0.023754606	1.0
ACACA	4.121212121212121	2.993933330416968e-174	0.4751042	0.0
KIAA0226	4.757575757575758	1.4989734955504187e-85	0.250172	3.1958025896498906e-21
LIPT1	15.0	1.0	-0.02153177	1.0
NHLRC1	15.0	1.0	-0.006886942	1.0
BNIP2	4.636363636363637	6.063285131315225e-101	-0.025321202	1.0
KISS1R	8.166666666666666	1.0	-0.016392076	1.0
TPST2	9.151515151515152	1.0	-0.02698484	1.0
NFATC2IP	4.7727272727272725	1.0830356453634325e-83	0.03128049	1.0
ZFHX3	4.318181818181818	5.3259981484645446e-145	0.49739504	0.0
AFTPH	6.378787878787879	1.0	0.19836713	1.0
DGKQ	5.0606060606060606	1.868647141764226e-51	0.25342667	1.0258431730479918e-23
RBBP4	3.9393939393939394	3.3887978519689985e-202	-0.09626076	1.0
PYGO2	5.196969696969697	1.5845634300765288e-38	-0.008976832	1.0
TRAF2	4.045454545454546	8.293864890908537e-186	-0.21448383	1.0
TRIM31	5.045454545454546	5.449835677091945e-53	0.002329735	1.0
SEC62	6.106060606060606	1.0	-0.008228732	1.0
TNPO1	4.787878787878788	7.589866940626278e-82	0.03244313	1.0
AP3M1	5.0606060606060606	1.868647141764226e-51	-0.009872194	1.0
CBWD2	7.075757575757576	1.0	-0.024630597	1.0
C10orf88	5.0	1.0403022436148605e-57	-0.011400687	1.0
CECR5	6.984848484848484	1.0	0.021124067	1.0
LHX3	6.53030303030303	1.0	-0.017652385	1.0
MSH2	4.409090909090909	5.914786475214866e-132	0.1693694	1.0
HECW2	4.454545454545454	1.4842317088682658e-125	0.3969555	1.1633221885330309e-226
PCBP4	5.666666666666667	5.7023465843776827e-08	-0.015436344	1.0
PRRC2B	4.863636363636363	7.461555813357348e-73	0.463736	0.0
ARR3	5.7727272727272725	0.0002205579338264052	-0.061815523	1.0
SYT2	5.96969696969697	0.5313972993119761	-0.00010943288	1.0
SCYL2	4.666666666666667	5.190235199322125e-97	0.2017993	0.6017226228458202
NSMAF	4.53030303030303	4.226910827537424e-115	0.24246918	7.219792110484292e-16
FAM46B	5.075757575757576	6.148878058809979e-50	0.037189107	1.0
STK24	4.2727272727272725	1.2235597067539176e-151	-0.007174225	1.0
GORAB	6.242424242424242	1.0	-0.020351566	1.0
PSMD12	5.0	1.0403022436148605e-57	0.01665958	1.0
KCNJ11	15.0	1.0	0.022690168	1.0
ASAP3	5.863636363636363	0.026010289548509757	0.17869455	1.0
ESRRA	3.9545454545454546	7.665781365813323e-200	-0.03172576	1.0
ATP6V0A4	7.53030303030303	1.0	0.13029534	1.0
OCRL	4.696969696969697	3.895072545540908e-93	0.16466527	1.0
MCF2	4.818181818181818	3.3485901111930753e-78	0.23983917	3.205833330614951e-14
E2F4	3.787878787878788	6.691875806829089e-226	0.020094328	1.0
LAMP1	5.575757575757576	4.742374516777844e-12	-0.00088377635	1.0
DOC2A	6.484848484848484	1.0	-0.0104996385	1.0
PNKD	15.0	1.0	-0.008712515	1.0
CCNB1	3.772727272727273	2.8003122703195513e-228	-0.1650631	1.0
ALMS1	6.2272727272727275	1.0	0.5010727	0.0
HOXB3	4.166666666666667	2.1673241151360944e-167	0.16015695	1.0
AP1M2	4.7727272727272725	1.0830356453634325e-83	-0.056777034	1.0
FGB	7.136363636363637	1.0	-0.036800466	1.0
STK40	4.803030303030303	5.12655010797389e-80	0.018274844	1.0
ITPKB	4.136363636363637	5.900348408278667e-172	0.29028216	1.0982797251983913e-60
DDX58	5.53030303030303	1.9631201286694676e-14	0.23127371	1.6857394834288212e-09
PPP4R2	5.2727272727272725	4.464690473874677e-32	-0.0072510596	1.0
SFTPB	9.545454545454545	1.0	-0.01529185	1.0
SERPINB2	6.287878787878788	1.0	-0.0029719393	1.0
SF3B4	4.636363636363637	6.063285131315225e-101	0.016724864	1.0
ZSCAN4	4.378787878787879	2.851091925485961e-136	0.063549004	1.0
EFHA1	4.7727272727272725	1.0830356453634325e-83	-0.008253164	1.0
HDAC2	3.6818181818181817	1.1853923178705118e-242	-0.19228284	1.0
EVL	4.181818181818182	4.0396039921142017e-165	-0.06460265	1.0
PDE9A	6.878787878787879	1.0	-0.004133274	1.0
SERPINB12	8.303030303030303	1.0	-0.006691723	1.0
VPS36	15.0	1.0	-0.032537416	1.0
EGLN1	4.621212121212121	6.241076737412368e-103	-0.05491571	1.0
SYT8	7.333333333333333	1.0	0.022823269	1.0
LIG1	4.787878787878788	7.589866940626278e-82	0.23435697	4.379464787184522e-11
PAICS	5.4393939393939394	7.15071135886857e-20	-0.0013072741	1.0
POU2F3	4.2727272727272725	1.2235597067539176e-151	0.08024044	1.0
AKAP5	4.318181818181818	5.3259981484645446e-145	-0.018275492	1.0
DLK1	15.0	1.0	-0.014619634	1.0
ACY1	7.03030303030303	1.0	-0.012514659	1.0
MRPS9	6.606060606060606	1.0	-0.025453135	1.0
MFSD3	5.4393939393939394	7.15071135886857e-20	0.024328599	1.0
FAM203A	5.696969696969697	8.135574001437365e-07	-0.046636008	1.0
GAA	4.621212121212121	6.241076737412368e-103	0.23182678	8.953291126745878e-10
CASP5	4.7727272727272725	1.0830356453634325e-83	-0.051518623	1.0
ZIC1	4.9393939393939394	2.8876096295366594e-64	-0.042770527	1.0
TTC37	4.757575757575758	1.4989734955504187e-85	0.39096	4.195058109199166e-216
HABP4	3.393939393939394	1.6648819910612663e-288	-0.049354598	1.0
IQGAP2	4.606060606060606	6.280766027761081e-105	0.3837024	2.0377798467058301e-203
ALG13	5.287878787878788	7.485477606395389e-31	0.23953646	4.891243815702078e-14
UNC45A	4.757575757575758	1.4989734955504187e-85	0.23925425	7.235058845117579e-14
BRF2	4.484848484848484	2.430993042715581e-121	0.08721622	1.0
TRO	4.46969696969697	1.931907190857211e-123	0.20921384	0.053031219430597944
USP20	4.651515151515151	5.700658646082387e-99	0.16711174	1.0
SUV39H1	4.015151515151516	1.8150337481646768e-190	-0.0707051	1.0
ASPM	5.166666666666667	2.93824026063579e-41	0.49436915	0.0
CNTROB	5.878787878787879	0.04703166165001248	0.1945964	1.0
BLZF1	6.954545454545454	1.0	-0.019534087	1.0
IFRD1	4.515151515151516	3.593818462139579e-117	0.0033869566	1.0
TRIM54	7.409090909090909	1.0	-0.02991999	1.0
LANCL1	7.136363636363637	1.0	-0.020582965	1.0
MFAP1	4.363636363636363	1.9296931071479538e-138	0.074948244	1.0
ZC3H10	4.954545454545454	1.3430778973097058e-62	0.034441583	1.0
CSNK1G3	5.03030303030303	1.5255864629947634e-54	-0.01503132	1.0
RING1	4.893939393939394	2.282999105755518e-69	-0.077322505	1.0
TARDBP	6.666666666666667	1.0	-0.0077898735	1.0
HNRNPF	5.257575757575758	2.532355208930679e-33	-0.052642517	1.0
SERPINB3	7.96969696969697	1.0	-0.026550245	1.0
DNMBP	4.7727272727272725	1.0830356453634325e-83	0.26995355	2.1609440132937067e-38
ARFGAP1	5.196969696969697	1.5845634300765288e-38	-0.053571668	1.0
TUBB4B	4.621212121212121	6.241076737412368e-103	-0.032751262	1.0
UGDH	15.0	1.0	-0.008009939	1.0
FOXF2	4.484848484848484	2.430993042715581e-121	0.049203273	1.0
IHH	15.0	1.0	-0.027890678	1.0
KLHDC2	5.363636363636363	4.575487144392107e-25	0.022849469	1.0
ADRA2B	4.348484848484849	1.2952202012909316e-140	-0.00418555	1.0
MAMSTR	5.257575757575758	2.532355208930679e-33	-0.0036745006	1.0
ESRRG	4.454545454545454	1.4842317088682658e-125	-0.107956775	1.0
HOXA3	5.242424242424242	1.363714314520086e-34	0.007838572	1.0
ACAA2	8.5	1.0	-0.022954412	1.0
ADRM1	4.893939393939394	2.282999105755518e-69	-0.10714564	1.0
MARCH4	5.909090909090909	0.1300519624973496	-0.010742877	1.0
NADK	5.454545454545454	6.638801559632507e-19	-0.01007692	1.0
MGAT1	4.757575757575758	1.4989734955504187e-85	0.018734356	1.0
FLOT1	5.121212121212121	1.65394062595959e-45	-0.026254212	1.0
NOD1	4.363636363636363	1.9296931071479538e-138	0.15535876	1.0
ZNF101	5.242424242424242	1.363714314520086e-34	0.036853556	1.0
OXTR	5.878787878787879	0.04703166165001248	-0.020526575	1.0
GFAP	4.0606060606060606	1.739805437553857e-183	-0.07823791	1.0
NSFL1C	6.454545454545454	1.0	-0.036006708	1.0
FANCL	11.727272727272727	1.0	0.06581075	1.0
CASQ2	7.2272727272727275	1.0	-0.021270724	1.0
ARHGEF11	5.363636363636363	4.575487144392107e-25	0.34870988	1.9106385903448277e-144
P2RX6	5.166666666666667	2.93824026063579e-41	-0.002149594	1.0
ARVCF	4.515151515151516	3.593818462139579e-117	0.21725099	0.0005898458740656602
PSMC3	4.7727272727272725	1.0830356453634325e-83	-0.02772496	1.0
WDR4	4.984848484848484	2.5536481937036903e-59	-0.027473778	1.0
SPNS1	4.681818181818182	4.566391540340071e-95	0.0144771235	1.0
TUBG2	4.5	2.987526822932176e-119	-0.022508442	1.0
APOA4	15.0	1.0	-0.008371736	1.0
TMEM43	7.045454545454546	1.0	-0.0055710054	1.0
GORASP1	4.0606060606060606	1.739805437553857e-183	-0.016057631	1.0
RBM10	6.46969696969697	1.0	0.11919144	1.0
DDR1	4.9393939393939394	2.8876096295366594e-64	0.11521778	1.0
E2F2	4.242424242424242	4.2660456775394e-156	-0.11584194	1.0
VWA1	6.818181818181818	1.0	0.009439674	1.0
KIR3DL1	5.045454545454546	5.449835677091945e-53	-0.047755558	1.0
RBM19	4.893939393939394	2.282999105755518e-69	0.23172069	1.0115742880648e-09
SELP	7.212121212121212	1.0	0.13666737	1.0
THRB	3.757575757575758	1.1434317634623256e-230	-0.18050128	1.0
FAM189A2	4.545454545454546	4.834723743239444e-113	0.00558412	1.0
CKMT1A	5.893939393939394	0.08040728585071569	-0.008465684	1.0
CKMT1B	5.590909090909091	2.632737875380154e-11	-0.0336369	1.0
C16orf59	5.4393939393939394	7.15071135886857e-20	-0.0064960252	1.0
ETV4	4.2272727272727275	2.4241998747786866e-158	0.08619241	1.0
RERE	4.803030303030303	5.12655010797389e-80	0.24368511	1.1606753143748969e-16
CCNA2	3.6818181818181817	1.1853923178705118e-242	-0.12304003	1.0
PAG1	4.242424242424242	4.2660456775394e-156	0.1759247	1.0
CMYA5	8.5	1.0	0.5149564	0.0
CYLD	4.7727272727272725	1.0830356453634325e-83	0.20089722	0.7296712060856138
IREB2	4.515151515151516	3.593818462139579e-117	0.2214583	2.475867248020917e-05
LEPR	4.681818181818182	4.566391540340071e-95	0.20360719	0.3839864047171351
DPF1	6.242424242424242	1.0	-0.018293988	1.0
SEC61A2	7.454545454545454	1.0	0.002860971	1.0
RRP8	4.681818181818182	4.566391540340071e-95	-0.009263747	1.0
SNRNP70	3.8181818181818183	3.9384120538611244e-221	-0.15096721	1.0
RFX6	5.075757575757576	6.148878058809979e-50	0.2132598	0.007107924528002008
UNC5C	5.5606060606060606	8.070067712540837e-13	0.22299492	6.759531227460139e-06
LCK	3.8484848484848486	2.263719495264942e-216	-0.18209794	1.0
ADSS	4.848484848484849	1.2797706148193189e-74	0.013223332	1.0
PACSIN1	4.757575757575758	1.4989734955504187e-85	-0.10889944	1.0
SYT13	6.636363636363637	1.0	0.0016327556	1.0
GTF2IRD1	4.075757575757576	3.621754795530252e-181	0.25948936	1.024370709134228e-28
ATG4B	6.787878787878788	1.0	-0.027575426	1.0
CDR2	4.545454545454546	4.834723743239444e-113	-0.020732563	1.0
MAGEE1	5.409090909090909	7.050991745134946e-22	0.21162662	0.01699087129782634
PKN1	3.9696969696969697	1.7009092593290584e-197	0.048287213	1.0
DLG2	5.015151515151516	4.0682418292930166e-56	-0.068099454	1.0
EPB49	6.0606060606060606	1.0	-0.024998408	1.0
TMPRSS3	4.590909090909091	6.15075884339598e-107	0.03520013	1.0
GTF2E1	4.4393939393939394	1.1179237737721773e-127	-0.11342443	1.0
HPN	8.621212121212121	1.0	-0.024934711	1.0
ZNF277	5.348484848484849	3.543656868901738e-26	0.01125378	1.0
TNFRSF10B	4.4393939393939394	1.1179237737721773e-127	-0.10504921	1.0
IRF4	4.303030303030303	3.33264627763135e-147	-0.061181776	1.0
GRPR	15.0	1.0	-0.024499388	1.0
BFSP2	5.696969696969697	8.135574001437365e-07	-0.028675204	1.0
CADM1	5.03030303030303	1.5255864629947634e-54	-0.021049634	1.0
PTPRT	8.121212121212121	1.0	0.33583894	4.788882373345972e-124
NAE1	4.590909090909091	6.15075884339598e-107	-0.03445263	1.0
RRAGD	15.0	1.0	-0.0089615015	1.0
NUP107	5.863636363636363	0.026010289548509757	0.24727559	4.070514023571433e-19
IPCEF1	5.333333333333333	2.600528747744788e-27	-0.019514749	1.0
ZNF384	4.696969696969697	3.895072545540908e-93	-0.015187784	1.0
GABBR1	5.166666666666667	2.93824026063579e-41	0.18258327	1.0
PDPK1	3.5454545454545454	2.4603959389348576e-264	-0.15478997	1.0
PMS1	6.257575757575758	1.0	0.14976135	1.0
TFAP2A	3.6363636363636362	7.240515644060204e-250	-0.1064898	1.0
SHBG	5.984848484848484	0.6713958573583418	-0.10730138	1.0
UBE3A	5.0606060606060606	1.868647141764226e-51	-0.017194312	1.0
SAFB2	3.878787878787879	1.2284127079251473e-211	0.22375464	3.4565613296784063e-06
PRMT2	3.9242424242424243	1.4883845906973111e-204	0.15324304	1.0
TERF1	4.681818181818182	4.566391540340071e-95	-0.07216006	1.0
FBXW2	4.742424242424242	2.0112480802320904e-87	-0.027349845	1.0
SH2D4A	5.393939393939394	6.482752192123682e-23	-0.05424288	1.0
EED	4.257575757575758	7.351715149052645e-154	-0.12051948	1.0
KIF23	4.166666666666667	2.1673241151360944e-167	0.27037016	8.3826515389767e-39
AP2A1	4.636363636363637	6.063285131315225e-101	0.13219477	1.0
LHX4	8.530303030303031	1.0	0.06183461	1.0
NRK	5.7272727272727275	9.160567380971782e-06	0.35978937	1.231726126998154e-162
DCAF12	4.5	2.987526822932176e-119	0.036731616	1.0
PREX2	4.5	2.987526822932176e-119	0.22886312	2.365456331780969e-08
KRT20	5.196969696969697	1.5845634300765288e-38	-0.11111183	1.0
PHLDA1	5.242424242424242	1.363714314520086e-34	-0.010577298	1.0
WDR1	5.106060606060606	5.774871996982557e-47	-0.045078043	1.0
RHAG	6.136363636363637	1.0	-0.049739525	1.0
SMAP1	4.803030303030303	5.12655010797389e-80	-0.011148356	1.0
ACTR3	5.181818181818182	6.9932454275569265e-40	-0.070923105	1.0
NR2F1	3.9242424242424243	1.4883845906973111e-204	-0.00082375563	1.0
CDC14B	3.9696969696969697	1.7009092593290584e-197	-0.04371881	1.0
SLC26A8	5.121212121212121	1.65394062595959e-45	0.19296215	1.0
RRAGC	15.0	1.0	-0.022459894	1.0
IDO1	6.181818181818182	1.0	0.0021948768	1.0
PTK2	3.9242424242424243	1.4883845906973111e-204	-0.12650327	1.0
MINA	4.333333333333333	8.36973431338001e-143	0.009401748	1.0
TEAD3	4.803030303030303	5.12655010797389e-80	-0.025770316	1.0
SERPINH1	5.2272727272727275	7.038927224180759e-36	-0.048579596	1.0
FANCB	9.727272727272727	1.0	0.20040561	0.802502184219891
CIR1	4.46969696969697	1.931907190857211e-123	0.01303942	1.0
ACTL6B	4.696969696969697	3.895072545540908e-93	-0.018120851	1.0
SPERT	5.53030303030303	1.9631201286694676e-14	-0.011728277	1.0
RARG	4.363636363636363	1.9296931071479538e-138	-0.08946448	1.0
LRRFIP1	5.696969696969697	8.135574001437365e-07	0.12336124	1.0
TRPC5	6.242424242424242	1.0	0.18694158	1.0
USP39	5.136363636363637	4.541988465132742e-44	0.0012900166	1.0
ZFP2	4.893939393939394	2.282999105755518e-69	-0.0012803597	1.0
PDK4	7.818181818181818	1.0	-0.015202251	1.0
PHF1	4.984848484848484	2.5536481937036903e-59	-0.04344143	1.0
ERP44	9.712121212121213	1.0	-0.0325511	1.0
SOX11	5.242424242424242	1.363714314520086e-34	-0.017944776	1.0
PBX1	5.045454545454546	5.449835677091945e-53	-0.11309359	1.0
ADAMTS1	8.590909090909092	1.0	0.19404998	1.0
ZBTB8A	4.757575757575758	1.4989734955504187e-85	-0.11095124	1.0
TIAM1	4.045454545454546	8.293864890908537e-186	0.3261686	2.4568422534566696e-109
TRIM38	4.954545454545454	1.3430778973097058e-62	-0.0059492015	1.0
POU3F1	4.696969696969697	3.895072545540908e-93	-0.044171095	1.0
FAF2	4.863636363636363	7.461555813357348e-73	0.004421773	1.0
SLC35G2	6.757575757575758	1.0	0.023711057	1.0
GTF2H4	5.393939393939394	6.482752192123682e-23	-0.040541172	1.0
RUVBL1	4.424242424242424	8.234322370316294e-130	-0.070311375	1.0
POLD3	4.863636363636363	7.461555813357348e-73	-0.04860932	1.0
SNX4	4.2727272727272725	1.2235597067539176e-151	-0.09428887	1.0
GPR143	11.424242424242424	1.0	-0.024225926	1.0
DRD2	5.954545454545454	0.4021808346106391	-0.05459751	1.0
F2R	8.045454545454545	1.0	-0.011041481	1.0
ZNF259	4.7272727272727275	2.5869665633246372e-89	-0.033269987	1.0
TUBA3C	3.803030303030303	1.6541955466014821e-223	-0.028780675	1.0
BMP4	6.075757575757576	1.0	-0.083518386	1.0
ZC3H7A	7.545454545454546	1.0	0.22361717	3.907162231270274e-06
POU3F2	4.242424242424242	4.2660456775394e-156	1.5931824e-05	1.0
ACTL7A	5.833333333333333	0.0067181671876451274	-0.016270531	1.0
CTSD	6.833333333333333	1.0	-0.06808545	1.0
ADRA2C	4.348484848484849	1.2952202012909316e-140	-0.020414159	1.0
GATA3	4.348484848484849	1.2952202012909316e-140	-0.07613721	1.0
RBM12	5.803030303030303	0.0013690958295525335	0.20435207	0.3107400274770965
PEX13	8.166666666666666	1.0	-0.0024441385	1.0
CACNA1A	4.757575757575758	1.4989734955504187e-85	0.41594577	1.8811818487552444e-260
PTGFRN	6.515151515151516	1.0	0.09508777	1.0
TEAD1	4.681818181818182	4.566391540340071e-95	-0.07892915	1.0
ACTL6A	3.9242424242424243	1.4883845906973111e-204	-0.018818801	1.0
KAT5	3.484848484848485	5.445536279761997e-274	-0.21409853	1.0
INPP4A	4.075757575757576	3.621754795530252e-181	0.24605745	2.8889608953944328e-18
PSEN1	3.757575757575758	1.1434317634623256e-230	-0.20050134	1.0
RAI14	4.181818181818182	4.0396039921142017e-165	0.30903575	8.155811626135918e-85
HACE1	15.0	1.0	0.20098792	0.716468469313996
POLR3D	15.0	1.0	0.013909961	1.0
RAB3IP	6.393939393939394	1.0	-0.057648025	1.0
NAGA	8.045454545454545	1.0	-0.03025774	1.0
PCSK5	5.409090909090909	7.050991745134946e-22	0.15082875	1.0
RRBP1	4.318181818181818	5.3259981484645446e-145	0.20404148	0.33998455846356157
MYOCD	4.257575757575758	7.351715149052645e-154	0.18144864	1.0
SCARF2	7.5	1.0	0.101961866	1.0
STK38L	4.287878787878788	2.0335762994395374e-149	0.013220849	1.0
ZC3H7B	5.151515151515151	1.1784022048920932e-42	0.21384406	0.0050982229078048
TRIM37	4.636363636363637	6.063285131315225e-101	-0.021860985	1.0
TUBA1B	3.787878787878788	6.691875806829089e-226	-0.14409022	1.0
NEU3	4.46969696969697	1.931907190857211e-123	0.07960443	1.0
HTRA2	4.621212121212121	6.241076737412368e-103	-0.13634637	1.0
KRT18	3.6666666666666665	4.818447051986087e-245	-0.079331696	1.0
USP11	4.575757575757576	5.853914984634287e-109	0.20128909	0.6728816674334985
FKBP5	4.136363636363637	5.900348408278667e-172	-0.009693542	1.0
AHDC1	5.151515151515151	1.1784022048920932e-42	0.36524758	8.846539862827373e-172
CTBP2	4.318181818181818	5.3259981484645446e-145	-0.007708926	1.0
TPBG	6.151515151515151	1.0	-0.014617132	1.0
C19orf6	5.909090909090909	0.1300519624973496	0.0005860046	1.0
TUBA1C	5.090909090909091	1.923470993656941e-48	-0.009061992	1.0
ZIC3	4.9393939393939394	2.8876096295366594e-64	-0.022381144	1.0
NTSR2	7.96969696969697	1.0	-0.023530591	1.0
BCL6B	5.03030303030303	1.5255864629947634e-54	-0.0331607	1.0
BAZ1B	5.363636363636363	4.575487144392107e-25	0.4112054	5.584135652906069e-252
TBX5	5.090909090909091	1.923470993656941e-48	-0.043876525	1.0
EPHB1	4.257575757575758	7.351715149052645e-154	0.14141656	1.0
PLAGL1	3.8333333333333335	9.335542196331431e-219	0.03770218	1.0
SDPR	6.515151515151516	1.0	-0.014157933	1.0
CCDC14	5.287878787878788	7.485477606395389e-31	0.20102692	0.7108458683342007
PPP2R5E	4.181818181818182	4.0396039921142017e-165	-0.085438706	1.0
CMAS	5.742424242424242	2.8116884309810437e-05	-0.0289591	1.0
SERPINA7	5.787878787878788	0.0005657379213339365	-0.0062629962	1.0
SNCAIP	5.166666666666667	2.93824026063579e-41	0.13862461	1.0
DHX29	15.0	1.0	0.20087296	0.732768120347463
GPLD1	15.0	1.0	0.057003465	1.0
NDUFV1	5.242424242424242	1.363714314520086e-34	0.002222569	1.0
DPEP1	9.484848484848484	1.0	-0.016270602	1.0
SPTBN2	4.893939393939394	2.282999105755518e-69	0.427701	1.5374614875274496e-281
SIL1	4.7272727272727275	2.5869665633246372e-89	-0.022133136	1.0
SERPINA4	7.484848484848484	1.0	-0.042843606	1.0
CCDC6	4.196969696969697	7.408854155105656e-163	-0.012342076	1.0
CEP55	4.212121212121212	1.3452563711804457e-160	-0.13132647	1.0
PCOLCE	6.424242424242424	1.0	-0.002402547	1.0
RICTOR	4.757575757575758	1.4989734955504187e-85	0.26581293	2.0794378666501e-34
DDX24	6.0	0.8130487145366784	-0.0052056564	1.0
MMP10	7.575757575757576	1.0	-0.06118427	1.0
URI1	4.7727272727272725	1.0830356453634325e-83	-0.054403126	1.0
ERRFI1	4.363636363636363	1.9296931071479538e-138	0.0074415985	1.0
BANP	3.878787878787879	1.2284127079251473e-211	-0.02833148	1.0
STK38	4.287878787878788	2.0335762994395374e-149	0.03846774	1.0
GOLM1	5.363636363636363	4.575487144392107e-25	-0.08203339	1.0
EDAR	4.96969696969697	5.9836842956166486e-61	-0.06218742	1.0
PTGER1	15.0	1.0	-0.04302038	1.0
NEK2	4.378787878787879	2.851091925485961e-136	-0.046899956	1.0
SCHIP1	4.287878787878788	2.0335762994395374e-149	-0.013199485	1.0
KCNJ5	8.303030303030303	1.0	-0.031893406	1.0
PPM1F	4.242424242424242	4.2660456775394e-156	-0.03795802	1.0
LRP8	5.151515151515151	1.1784022048920932e-42	0.17249963	1.0
MUC16	15.0	1.0	-0.03374282	1.0
RUNX1	3.757575757575758	1.1434317634623256e-230	-0.15097861	1.0
SELPLG	8.212121212121213	1.0	-0.028890029	1.0
ALS2CL	6.484848484848484	1.0	0.14183901	1.0
SLC35E1	6.454545454545454	1.0	0.0003358921	1.0
GDF6	4.454545454545454	1.4842317088682658e-125	-0.019604174	1.0
PDLIM7	4.757575757575758	1.4989734955504187e-85	-0.090923585	1.0
HDAC7	4.2727272727272725	1.2235597067539176e-151	0.16932786	1.0
DMAP1	4.287878787878788	2.0335762994395374e-149	-0.072229125	1.0
ARHGAP15	4.5	2.987526822932176e-119	0.011878703	1.0
ROBO4	5.303030303030303	1.1955487594189794e-29	0.17838508	1.0
CSPG4	4.742424242424242	2.0112480802320904e-87	0.43164566	1.2463950112055811e-288
FOXA1	4.045454545454546	8.293864890908537e-186	0.018894523	1.0
SIGLEC6	15.0	1.0	-0.030594883	1.0
BCS1L	7.0	1.0	-0.0030108148	1.0
SYT11	7.333333333333333	1.0	0.0022565455	1.0
FICD	4.409090909090909	5.914786475214866e-132	0.048600953	1.0
FKBP4	4.196969696969697	7.408854155105656e-163	-0.0073537165	1.0
PPM1A	3.803030303030303	1.6541955466014821e-223	-0.06550114	1.0
CAP1	5.196969696969697	1.5845634300765288e-38	-0.038200323	1.0
CORO2B	4.696969696969697	3.895072545540908e-93	-0.045372628	1.0
ERMAP	5.363636363636363	4.575487144392107e-25	-0.021843757	1.0
ZNF239	5.136363636363637	4.541988465132742e-44	-0.01241448	1.0
KCNJ8	15.0	1.0	-0.0062350184	1.0
EPHB2	4.075757575757576	3.621754795530252e-181	0.05829827	1.0
PCNXL4	6.4393939393939394	1.0	0.10566151	1.0
SAMSN1	5.681818181818182	2.220023745055577e-07	-0.0410314	1.0
KIF5B	4.015151515151516	1.8150337481646768e-190	0.23859864	1.781246694510092e-13
SERPINA10	8.727272727272727	1.0	-0.013139737	1.0
SSPO	15.0	1.0	0.5135593	0.0
KAT8	5.484848484848484	4.837331664837387e-17	-0.025086021	1.0
FAM208B	5.4393939393939394	7.15071135886857e-20	0.41771194	1.2918203967237861e-263
DSG3	5.2272727272727275	7.038927224180759e-36	0.21193759	0.01449448143821176
KRT14	5.621212121212121	6.787535082773471e-10	-0.055816323	1.0
OFD1	4.9393939393939394	2.8876096295366594e-64	0.14683291	1.0
VNN2	5.96969696969697	0.5313972993119761	-0.023886096	1.0
EIF2AK4	4.045454545454546	8.293864890908537e-186	0.38815576	3.4504090591247624e-211
DAZ3	15.0	1.0	-0.030999295	1.0
SMCR7	5.318181818181818	1.8111998406309878e-28	-0.014611699	1.0
PPOX	5.03030303030303	1.5255864629947634e-54	-0.03146336	1.0
TMEM8B	5.136363636363637	4.541988465132742e-44	-0.014073318	1.0
RRP9	4.787878787878788	7.589866940626278e-82	-0.0016999601	1.0
IL11RA	7.015151515151516	1.0	-0.032213278	1.0
AP2M1	4.575757575757576	5.853914984634287e-109	-0.12990454	1.0
PAM	5.666666666666667	5.7023465843776827e-08	0.041906077	1.0
MYCBPAP	5.833333333333333	0.0067181671876451274	0.14398153	1.0
MPP1	5.803030303030303	0.0013690958295525335	-0.03403995	1.0
ETS1	3.606060606060606	1.151654573846843e-254	-0.032729603	1.0
NR5A1	3.9393939393939394	3.3887978519689985e-202	-0.16679323	1.0
SELENBP1	4.96969696969697	5.9836842956166486e-61	-0.0316617	1.0
DDX42	6.348484848484849	1.0	0.14974438	1.0
TNFRSF1B	4.863636363636363	7.461555813357348e-73	-0.06697913	1.0
NCAM1	5.924242424242424	0.19929500119739843	0.029289713	1.0
GPKOW	5.666666666666667	5.7023465843776827e-08	-0.011962473	1.0
NRP1	6.106060606060606	1.0	0.053153787	1.0
NAA16	15.0	1.0	0.049441423	1.0
DDX49	5.090909090909091	1.923470993656941e-48	-0.02795135	1.0
TRAIP	5.045454545454546	5.449835677091945e-53	-0.009576643	1.0
CEP152	5.03030303030303	1.5255864629947634e-54	0.32718712	7.381858407220823e-111
EPHA3	5.015151515151516	4.0682418292930166e-56	0.07829165	1.0
COPG1	6.742424242424242	1.0	0.028765708	1.0
AGFG2	5.03030303030303	1.5255864629947634e-54	-0.060886253	1.0
ZFP161	5.363636363636363	4.575487144392107e-25	-0.037217632	1.0
CHKA	5.5	3.7842004657943047e-16	-0.03610072	1.0
PPFIBP1	4.96969696969697	5.9836842956166486e-61	0.1801524	1.0
KCNJ6	6.909090909090909	1.0	-0.042530037	1.0
GTF3C2	5.833333333333333	0.0067181671876451274	0.16869943	1.0
HERC5	4.393939393939394	4.1588243918237506e-134	0.1580186	1.0
MAZ	4.151515151515151	1.1446109044602285e-169	-0.042650502	1.0
GDF7	7.0	1.0	-0.03494331	1.0
IL7R	4.121212121212121	2.993933330416968e-174	-0.019357096	1.0
WDR3	5.348484848484849	3.543656868901738e-26	0.11885307	1.0
MLF1IP	7.015151515151516	1.0	-0.028010832	1.0
FDFT1	6.045454545454546	1.0	-0.046500254	1.0
HTR2C	5.606060606060606	1.3777219093908933e-10	-0.010086868	1.0
SUV420H2	4.378787878787879	2.851091925485961e-136	0.04776673	1.0
POU2F2	4.03030303030303	3.9142803071732094e-188	-0.020191684	1.0
TXNDC11	15.0	1.0	0.10646832	1.0
PLIN3	6.106060606060606	1.0	-0.050678726	1.0
EIF2S3	4.863636363636363	7.461555813357348e-73	-0.037552025	1.0
ZBTB43	4.712121212121212	3.234126539505369e-91	-0.07752885	1.0
MDM4	3.409090909090909	4.198102680920517e-286	0.10275448	1.0
DUOX2	15.0	1.0	0.32641745	1.044944180034675e-109
STK25	6.0	0.8130487145366784	-0.03613653	1.0
GPRASP1	4.909090909090909	1.1939958588792523e-67	0.054533143	1.0
E2F3	4.242424242424242	4.2660456775394e-156	-0.0803186	1.0
SUFU	4.924242424242424	5.985953570968111e-66	-0.09335894	1.0
CARD6	5.333333333333333	2.600528747744788e-27	0.16826048	1.0
GABRD	5.348484848484849	3.543656868901738e-26	0.0040963986	1.0
AVPR1B	6.484848484848484	1.0	-0.02661162	1.0
SERPINC1	6.878787878787879	1.0	-0.08942272	1.0
GTF2A1L	4.075757575757576	3.621754795530252e-181	-0.07415933	1.0
KRT17	5.9393939393939394	0.29042308693009067	-0.03919683	1.0
CBLB	4.212121212121212	1.3452563711804457e-160	0.11338888	1.0
ZRSR2	5.303030303030303	1.1955487594189794e-29	-0.07895468	1.0
EPRS	5.045454545454546	5.449835677091945e-53	0.26254553	2.088847914516454e-31
ITIH3	9.530303030303031	1.0	0.0835796	1.0
GABRR2	3.878787878787879	1.2284127079251473e-211	0.005981959	1.0
LDB1	5.863636363636363	0.026010289548509757	-0.08897226	1.0
KIAA1715	9.424242424242424	1.0	-0.028556496	1.0
RBM42	4.909090909090909	1.1939958588792523e-67	-0.066187285	1.0
IPO8	4.606060606060606	6.280766027761081e-105	0.13405871	1.0
GIGYF1	4.484848484848484	2.430993042715581e-121	0.1806472	1.0
ADRA2A	4.363636363636363	1.9296931071479538e-138	-0.04141278	1.0
CABLES2	3.6363636363636362	7.240515644060204e-250	-0.035937577	1.0
MAPKAPK5	3.590909090909091	4.482079897318998e-257	-0.16244932	1.0
PRPF4B	5.090909090909091	1.923470993656941e-48	0.164123	1.0
MINPP1	4.212121212121212	1.3452563711804457e-160	-0.0032426168	1.0
LAMA3	6.666666666666667	1.0	0.4472041	1.29093336e-316
CREB3L3	5.015151515151516	4.0682418292930166e-56	-0.06818976	1.0
APMAP	15.0	1.0	-0.016375912	1.0
OAT	5.409090909090909	7.050991745134946e-22	-0.005643297	1.0
GAL3ST4	4.5	2.987526822932176e-119	-0.0071219313	1.0
KL	4.833333333333333	2.107807229110395e-76	0.22109167	3.33735513317374e-05
PPARA	3.9545454545454546	7.665781365813323e-200	-0.16480225	1.0
MYO1A	5.2272727272727275	7.038927224180759e-36	0.15523595	1.0
AKAP3	15.0	1.0	0.019986361	1.0
RBBP7	4.0	8.378388133182956e-193	-0.11540329	1.0
SOX3	5.606060606060606	1.3777219093908933e-10	-0.020220855	1.0
PIK3R3	4.378787878787879	2.851091925485961e-136	0.0038739385	1.0
SGCE	6.090909090909091	1.0	-0.01923752	1.0
TAB1	4.136363636363637	5.900348408278667e-172	-0.048526637	1.0
ENTPD6	5.151515151515151	1.1784022048920932e-42	-0.007756965	1.0
ERG	4.196969696969697	7.408854155105656e-163	-0.036495384	1.0
DCLRE1A	4.46969696969697	1.931907190857211e-123	0.18374012	1.0
BZRAP1	15.0	1.0	0.1696689	1.0
LAMC1	7.03030303030303	1.0	0.35564023	9.223480453918854e-156
MMP12	7.833333333333333	1.0	-0.06689211	1.0
ALG2	7.106060606060606	1.0	-0.027401749	1.0
EPHA7	5.863636363636363	0.026010289548509757	0.09920483	1.0
MAPKAP1	4.333333333333333	8.36973431338001e-143	0.0053404677	1.0
LAMA2	7.787878787878788	1.0	0.4705902	0.0
SRP54	5.909090909090909	0.1300519624973496	-0.04868159	1.0
CSPG5	7.848484848484849	1.0	-0.030736161	1.0
GTF2I	3.6666666666666665	4.818447051986087e-245	0.12471553	1.0
ASB4	7.4393939393939394	1.0	-0.022984114	1.0
RBFOX2	4.696969696969697	3.895072545540908e-93	-0.08904222	1.0
DDX39B	6.121212121212121	1.0	-0.07094912	1.0
ZBTB32	4.181818181818182	4.0396039921142017e-165	-0.08121725	1.0
UBA3	5.409090909090909	7.050991745134946e-22	-0.06226057	1.0
EMID1	5.53030303030303	1.9631201286694676e-14	-0.04410507	1.0
POLD2	4.651515151515151	5.700658646082387e-99	-0.120166264	1.0
CRLF1	6.9393939393939394	1.0	-0.03439233	1.0
TLR9	4.621212121212121	6.241076737412368e-103	0.14244205	1.0
TNFRSF10A	4.424242424242424	8.234322370316294e-130	-0.14105676	1.0
RTN4R	4.9393939393939394	2.8876096295366594e-64	-0.09233282	1.0
TRAF6	4.0	8.378388133182956e-193	-0.21520026	1.0
ULK2	5.303030303030303	1.1955487594189794e-29	0.13827159	1.0
SEPT9	6.666666666666667	1.0	-0.062339682	1.0
ANGPTL1	4.575757575757576	5.853914984634287e-109	-0.034974217	1.0
CAP2	5.03030303030303	1.5255864629947634e-54	-0.040079266	1.0
CALCOCO2	4.651515151515151	5.700658646082387e-99	-0.20764592	1.0
ZNF639	4.2727272727272725	1.2235597067539176e-151	0.008455024	1.0
SALL2	5.090909090909091	1.923470993656941e-48	0.13335575	1.0
SMYD3	7.045454545454546	1.0	0.02287278	1.0
MEGF11	5.287878787878788	7.485477606395389e-31	0.1789517	1.0
SHE	4.484848484848484	2.430993042715581e-121	-0.0055631255	1.0
DPP7	6.96969696969697	1.0	-0.036616296	1.0
TJP2	4.151515151515151	1.1446109044602285e-169	0.18876624	1.0
ANGPT2	5.378787878787879	5.596677988813906e-24	-0.06631252	1.0
CD36	5.0	1.0403022436148605e-57	-0.091544054	1.0
MCHR1	15.0	1.0	-0.03906743	1.0
SMYD1	4.5606060606060606	5.400493616127032e-111	-0.014765127	1.0
GABRB2	4.681818181818182	4.566391540340071e-95	-0.043582506	1.0
FAM176C	6.015151515151516	0.9432481883172866	-0.025217226	1.0
PLEKHM1	4.696969696969697	3.895072545540908e-93	0.1377263	1.0
NEIL1	5.5	3.7842004657943047e-16	-0.022683194	1.0
DPH1	5.924242424242424	0.19929500119739843	-0.04534951	1.0
IKBKG	3.8636363636363638	5.309754525883307e-214	-0.17434067	1.0
CDKL2	5.015151515151516	4.0682418292930166e-56	-0.004138121	1.0
NMD3	4.893939393939394	2.282999105755518e-69	-0.05035632	1.0
CPN1	10.151515151515152	1.0	-0.03559135	1.0
ESR1	2.984848484848485	0.0	-0.20077832	1.0
HTR2B	6.681818181818182	1.0	-0.04405048	1.0
NTRK2	4.2272727272727275	2.4241998747786866e-158	-0.1427334	1.0
SMAD5	4.015151515151516	1.8150337481646768e-190	-0.21858354	1.0
ENTPD1	5.0	1.0403022436148605e-57	-0.015573167	1.0
NUFIP1	4.136363636363637	5.900348408278667e-172	-0.043436147	1.0
AAMP	6.46969696969697	1.0	-0.025621494	1.0
RORC	4.2727272727272725	1.2235597067539176e-151	-0.07059997	1.0
RNF8	5.484848484848484	4.837331664837387e-17	-0.068742566	1.0
HM13	7.742424242424242	1.0	-0.00684376	1.0
SEPT7	5.757575757575758	8.110867378945913e-05	-0.07238712	1.0
SLC38A3	5.015151515151516	4.0682418292930166e-56	-0.037570957	1.0
HSPG2	5.818181818181818	0.0031247077582926205	0.35100302	3.640149363232765e-148
SEPT6	6.393939393939394	1.0	-0.052291684	1.0
DGCR14	7.621212121212121	1.0	-0.039422706	1.0
METAP2	3.878787878787879	1.2284127079251473e-211	0.0448698	1.0
NR0B1	3.8484848484848486	2.263719495264942e-216	-0.015778873	1.0
KIF11	4.2272727272727275	2.4241998747786866e-158	0.16762035	1.0
UBA6	4.757575757575758	1.4989734955504187e-85	0.16719031	1.0
IRF7	3.984848484848485	3.796242806180348e-195	-0.034916822	1.0
CAMK2B	5.0	1.0403022436148605e-57	-0.10545014	1.0
FOXD3	4.924242424242424	5.985953570968111e-66	-0.04896428	1.0
MLNR	15.0	1.0	-0.04436355	1.0
PDCD4	5.46969696969697	5.8303237583507375e-18	-0.067396894	1.0
ZP3	15.0	1.0	-0.012195743	1.0
CCT6A	5.090909090909091	1.923470993656941e-48	-0.035907898	1.0
GPR151	15.0	1.0	-0.03305825	1.0
DDX39A	7.121212121212121	1.0	-0.03512321	1.0
ROR2	6.712121212121212	1.0	0.098629765	1.0
PAX6	4.606060606060606	6.280766027761081e-105	-0.0734546	1.0
MTF2	4.090909090909091	7.431731658940583e-179	-0.011099286	1.0
IDH2	6.5	1.0	-0.027333219	1.0
SNPH	6.409090909090909	1.0	-0.045439005	1.0
DGCR2	4.803030303030303	5.12655010797389e-80	-0.045112673	1.0
TCFL5	5.242424242424242	1.363714314520086e-34	-0.05169014	1.0
NLRC4	5.363636363636363	4.575487144392107e-25	0.078455076	1.0
CC2D1A	7.424242424242424	1.0	0.08855933	1.0
TOM1	5.136363636363637	4.541988465132742e-44	-0.06400645	1.0
CHEK1	3.5303030303030303	9.616322325664552e-267	-0.09927935	1.0
PLEKHM2	5.651515151515151	1.3838745592303982e-08	0.13267171	1.0
SOX10	4.242424242424242	4.2660456775394e-156	-0.20697951	1.0
STK3	4.121212121212121	2.993933330416968e-174	-0.10009875	1.0
FSD1	4.257575757575758	7.351715149052645e-154	-0.06733	1.0
MMP13	7.924242424242424	1.0	-0.10498265	1.0
PPP2R5C	3.8484848484848486	2.263719495264942e-216	-0.07934765	1.0
CNTN2	5.409090909090909	7.050991745134946e-22	0.10453286	1.0
CDC42BPA	5.136363636363637	4.541988465132742e-44	0.25269803	3.8093507601797084e-23
MEF2C	3.712121212121212	7.49123416449061e-238	-0.10436659	1.0
CELSR3	5.666666666666667	5.7023465843776827e-08	0.40632224	2.8383549341036947e-243
A2M	7.181818181818182	1.0	0.15285252	1.0
EXOC2	6.0606060606060606	1.0	0.14316256	1.0
KRT81	5.5606060606060606	8.070067712540837e-13	-0.06570932	1.0
LCAT	6.924242424242424	1.0	-0.0242889	1.0
ADRB1	5.621212121212121	6.787535082773471e-10	-0.05257611	1.0
PDCD7	4.848484848484849	1.2797706148193189e-74	-0.03676772	1.0
PPP2R1B	4.03030303030303	3.9142803071732094e-188	-0.19021411	1.0
TRIM69	4.378787878787879	2.851091925485961e-136	-0.07866459	1.0
PANX1	15.0	1.0	-0.009080357	1.0
EML4	5.742424242424242	2.8116884309810437e-05	0.115381025	1.0
GFRA1	4.924242424242424	5.985953570968111e-66	-0.061571535	1.0
SEMG1	6.393939393939394	1.0	-0.08466868	1.0
HSPA13	5.318181818181818	1.8111998406309878e-28	-0.019876298	1.0
BTBD1	4.742424242424242	2.0112480802320904e-87	-0.07022624	1.0
NEFH	4.606060606060606	6.280766027761081e-105	0.18162668	1.0
EIF3E	6.090909090909091	1.0	-0.042577792	1.0
TOPORS	3.727272727272727	1.8809940959048096e-235	0.14662829	1.0
RCOR1	4.484848484848484	2.430993042715581e-121	-0.050251838	1.0
GLDC	6.03030303030303	1.0	0.12745444	1.0
TRIP6	4.257575757575758	7.351715149052645e-154	-0.17898276	1.0
BCL3	3.5606060606060606	6.279138206492591e-262	0.011541807	1.0
KLF4	3.8333333333333335	9.335542196331431e-219	0.022370534	1.0
CYP11B1	7.348484848484849	1.0	-0.03609084	1.0
ANTXR2	8.075757575757576	1.0	-0.041853543	1.0
ADPGK	4.606060606060606	6.280766027761081e-105	-0.045179803	1.0
CHRM1	5.621212121212121	6.787535082773471e-10	-0.02710965	1.0
ZBTB45	5.257575757575758	2.532355208930679e-33	-0.052587472	1.0
CARNS1	15.0	1.0	0.17529903	1.0
LIG4	7.893939393939394	1.0	0.05724835	1.0
DARS	5.106060606060606	5.774871996982557e-47	-0.0607385	1.0
PIK3CB	4.257575757575758	7.351715149052645e-154	0.14763723	1.0
PDZRN3	4.96969696969697	5.9836842956166486e-61	0.12528367	1.0
ITGA4	5.090909090909091	1.923470993656941e-48	0.038096517	1.0
VRK2	4.712121212121212	3.234126539505369e-91	-0.06126044	1.0
ZNF232	8.242424242424242	1.0	-0.024214154	1.0
PPP1R13B	4.257575757575758	7.351715149052645e-154	0.12025663	1.0
ETV3	6.0	0.8130487145366784	-0.059740387	1.0
TUFM	6.363636363636363	1.0	-0.012225415	1.0
PSMD5	5.545454545454546	1.2939466289206966e-13	-0.06437051	1.0
MAP3K8	3.878787878787879	1.2284127079251473e-211	0.027021445	1.0
CACNB4	5.106060606060606	5.774871996982557e-47	-0.097883105	1.0
LIG3	4.7272727272727275	2.5869665633246372e-89	0.09055689	1.0
U2AF2	4.696969696969697	3.895072545540908e-93	-0.2082684	1.0
GPS1	4.424242424242424	8.234322370316294e-130	-0.15290892	1.0
RPAP3	4.5	2.987526822932176e-119	-0.016623544	1.0
ZNF689	4.590909090909091	6.15075884339598e-107	-0.079377025	1.0
WDR37	5.242424242424242	1.363714314520086e-34	-0.031393144	1.0
RBMY1A1	5.181818181818182	6.9932454275569265e-40	-0.10260954	1.0
POLR1A	5.015151515151516	4.0682418292930166e-56	0.26371765	1.8092012111262838e-32
OC90	5.757575757575758	8.110867378945913e-05	-0.03889694	1.0
KCNG2	15.0	1.0	-0.0062165447	1.0
ACVRL1	4.954545454545454	1.3430778973097058e-62	-0.123612344	1.0
IRF5	4.878787878787879	4.201267031456755e-71	-0.07008541	1.0
SCN2A	15.0	1.0	0.23850368	2.026261457145927e-13
TERF2	4.484848484848484	2.430993042715581e-121	-0.112536654	1.0
PKMYT1	4.136363636363637	5.900348408278667e-172	-0.05205749	1.0
STK4	4.181818181818182	4.0396039921142017e-165	-0.13387524	1.0
MMP3	8.530303030303031	1.0	-0.13873217	1.0
NEU4	5.121212121212121	1.65394062595959e-45	-0.046689544	1.0
ESRRB	4.53030303030303	4.226910827537424e-115	-0.027422467	1.0
BLMH	5.121212121212121	1.65394062595959e-45	-0.067184016	1.0
DLC1	4.045454545454546	8.293864890908537e-186	0.16074209	1.0
UBE4A	5.196969696969697	1.5845634300765288e-38	0.10168789	1.0
BTBD10	6.242424242424242	1.0	-0.048806634	1.0
ZCCHC14	8.742424242424242	1.0	0.11260532	1.0
OLFM2	8.090909090909092	1.0	-0.052940086	1.0
NPFFR1	15.0	1.0	-0.03626188	1.0
HDAC4	4.106060606060606	1.5042150568912314e-176	-0.09305318	1.0
ETV5	4.0606060606060606	1.739805437553857e-183	-0.003868765	1.0
IRX4	4.742424242424242	2.0112480802320904e-87	-0.04724893	1.0
RAD18	4.803030303030303	5.12655010797389e-80	-0.07938807	1.0
CACNB3	5.636363636363637	3.1603395062496015e-09	-0.04459347	1.0
NPTX2	15.0	1.0	-0.021285392	1.0
PVRL4	4.984848484848484	2.5536481937036903e-59	-0.07885902	1.0
MLLT6	4.7272727272727275	2.5869665633246372e-89	0.10236251	1.0
GHRHR	15.0	1.0	-0.049525935	1.0
CD3EAP	4.4393939393939394	1.1179237737721773e-127	-0.107714176	1.0
CLK2	4.151515151515151	1.1446109044602285e-169	0.000766532	1.0
SERPIND1	7.242424242424242	1.0	-0.0770992	1.0
TIMM50	5.924242424242424	0.19929500119739843	-0.041615564	1.0
DCTN4	5.909090909090909	0.1300519624973496	-0.052439634	1.0
ARFGAP3	4.015151515151516	1.8150337481646768e-190	-0.012848036	1.0
ITGA5	5.196969696969697	1.5845634300765288e-38	0.06814502	1.0
MDM2	3.3636363636363638	2.4699394528442936e-293	-0.13170722	1.0
TMF1	3.893939393939394	2.855528363833788e-209	0.15719296	1.0
UTRN	6.378787878787879	1.0	0.3651539	1.2717408963809301e-171
ZNF439	5.393939393939394	6.482752192123682e-23	-0.021671059	1.0
CHRNB1	4.818181818181818	3.3485901111930753e-78	-0.050265677	1.0
BAIAP2L1	4.363636363636363	1.9296931071479538e-138	0.008954333	1.0
ENO3	15.0	1.0	-0.02962719	1.0
EFEMP1	5.2272727272727275	7.038927224180759e-36	-0.078375906	1.0
TGOLN2	5.196969696969697	1.5845634300765288e-38	-0.11008249	1.0
MMP19	8.590909090909092	1.0	-0.055272114	1.0
NUP54	5.257575757575758	2.532355208930679e-33	-0.09357454	1.0
NAGPA	5.03030303030303	1.5255864629947634e-54	-0.059337985	1.0
DOK1	4.121212121212121	2.993933330416968e-174	-0.061562993	1.0
GDI1	6.378787878787879	1.0	-0.0393275	1.0
DYSF	5.151515151515151	1.1784022048920932e-42	0.281259	2.9844949286305234e-50
FOXA2	4.712121212121212	3.234126539505369e-91	-0.08752159	1.0
SNTA1	5.378787878787879	5.596677988813906e-24	-0.19488746	1.0
NELF	4.863636363636363	7.461555813357348e-73	-0.07599107	1.0
KIDINS220	4.53030303030303	4.226910827537424e-115	0.24453597	3.1465664631374556e-17
POU3F3	5.242424242424242	1.363714314520086e-34	-0.09213619	1.0
VPS4B	8.424242424242424	1.0	-0.06153278	1.0
VPS4A	7.424242424242424	1.0	-0.08428417	1.0
CACNA1H	7.818181818181818	1.0	0.35984004	1.0145101564375965e-162
TBC1D10A	5.121212121212121	1.65394062595959e-45	-0.061620012	1.0
UFSP2	6.075757575757576	1.0	-0.019535717	1.0
DHCR24	3.9696969696969697	1.7009092593290584e-197	-0.04981409	1.0
TAF4	4.833333333333333	2.107807229110395e-76	-0.023104552	1.0
TCERG1	3.9696969696969697	1.7009092593290584e-197	-0.050631776	1.0
FOXG1	3.787878787878788	6.691875806829089e-226	-0.067411475	1.0
NR1D2	4.7272727272727275	2.5869665633246372e-89	-0.09041747	1.0
SUGP2	5.151515151515151	1.1784022048920932e-42	0.14715867	1.0
MECP2	4.2727272727272725	1.2235597067539176e-151	-0.05356059	1.0
GC	6.378787878787879	1.0	-0.04156628	1.0
KATNAL1	5.651515151515151	1.3838745592303982e-08	-0.06311957	1.0
SLC16A10	5.121212121212121	1.65394062595959e-45	-0.06167164	1.0
TBRG4	5.121212121212121	1.65394062595959e-45	-0.05354064	1.0
SPATA2	4.742424242424242	2.0112480802320904e-87	-0.07452052	1.0
SLC18A2	4.106060606060606	1.5042150568912314e-176	-0.009236788	1.0
TRIM33	4.742424242424242	2.0112480802320904e-87	0.13215724	1.0
SARS2	4.303030303030303	3.33264627763135e-147	-0.023727184	1.0
ZBTB2	4.2727272727272725	1.2235597067539176e-151	0.0050658854	1.0
THRA	3.787878787878788	6.691875806829089e-226	-0.13111344	1.0
ITIH4	15.0	1.0	0.11441864	1.0
DDX19B	5.621212121212121	6.787535082773471e-10	-0.063387424	1.0
PLRG1	5.606060606060606	1.3777219093908933e-10	-0.058522023	1.0
INA	4.712121212121212	3.234126539505369e-91	-0.022007912	1.0
TFCP2	4.257575757575758	7.351715149052645e-154	-0.039212164	1.0
VIPR2	6.424242424242424	1.0	-0.04698111	1.0
MYO18B	4.424242424242424	8.234322370316294e-130	0.36918578	1.909062601721506e-178
NMT1	4.257575757575758	7.351715149052645e-154	-0.112870224	1.0
NFKBIE	4.242424242424242	4.2660456775394e-156	-0.027407762	1.0
KIR3DL2	8.166666666666666	1.0	-0.047491025	1.0
SAAL1	6.606060606060606	1.0	-0.02038363	1.0
NT5E	7.045454545454546	1.0	-0.07909752	1.0
CD5	4.2272727272727275	2.4241998747786866e-158	-0.019324368	1.0
C7orf26	15.0	1.0	-0.032387752	1.0
GLIS2	4.196969696969697	7.408854155105656e-163	-0.025037762	1.0
PDGFRB	3.878787878787879	1.2284127079251473e-211	-0.061913468	1.0
SF3A2	4.9393939393939394	2.8876096295366594e-64	-0.06121843	1.0
SEPT4	5.393939393939394	6.482752192123682e-23	-0.07215818	1.0
WIPF1	4.378787878787879	2.851091925485961e-136	-0.03182268	1.0
NFIC	7.742424242424242	1.0	-0.06091698	1.0
PDIA2	4.924242424242424	5.985953570968111e-66	-0.084092915	1.0
CAND2	4.53030303030303	4.226910827537424e-115	0.07499665	1.0
BLK	4.606060606060606	6.280766027761081e-105	-0.11033309	1.0
PSPC1	4.9393939393939394	2.8876096295366594e-64	-0.09979729	1.0
PHF10	4.863636363636363	7.461555813357348e-73	-0.0962539	1.0
BNC2	4.393939393939394	4.1588243918237506e-134	0.16833237	1.0
UBA1	4.575757575757576	5.853914984634287e-109	0.028456215	1.0
RAPGEF1	4.454545454545454	1.4842317088682658e-125	0.16706596	1.0
SEC24D	6.636363636363637	1.0	0.122081295	1.0
NPY5R	15.0	1.0	-0.050234977	1.0
TTC8	6.5	1.0	-0.045234513	1.0
SMARCA5	4.363636363636363	1.9296931071479538e-138	0.06381759	1.0
RFX1	6.545454545454546	1.0	0.14582452	1.0
WAS	4.015151515151516	1.8150337481646768e-190	-0.110167906	1.0
GCK	4.803030303030303	5.12655010797389e-80	-0.069377504	1.0
RIPK3	4.681818181818182	4.566391540340071e-95	-0.046398826	1.0
DNAJA3	4.454545454545454	1.4842317088682658e-125	-0.09920764	1.0
ABI3BP	6.090909090909091	1.0	0.09051222	1.0
SMAD6	4.212121212121212	1.3452563711804457e-160	-0.08341961	1.0
KIAA1377	4.015151515151516	1.8150337481646768e-190	-0.17584087	1.0
INPP5K	8.045454545454545	1.0	-0.041911107	1.0
SLC2A2	4.166666666666667	2.1673241151360944e-167	-0.07459374	1.0
ENTPD2	8.015151515151516	1.0	-0.06330414	1.0
CCT3	4.545454545454546	4.834723743239444e-113	-0.10774925	1.0
PPP3CB	4.893939393939394	2.282999105755518e-69	-0.12031229	1.0
SESN2	5.9393939393939394	0.29042308693009067	-0.056363996	1.0
PARP3	4.7727272727272725	1.0830356453634325e-83	-0.053750183	1.0
ADCY1	6.075757575757576	1.0	0.09353969	1.0
SMARCC1	3.893939393939394	2.855528363833788e-209	0.06755645	1.0
LIFR	4.787878787878788	7.589866940626278e-82	0.04416929	1.0
PDE3B	3.893939393939394	2.855528363833788e-209	0.20585296	0.1935489447377483
ARHGAP33	4.893939393939394	2.282999105755518e-69	0.1482843	1.0
UNC13D	6.121212121212121	1.0	0.07660814	1.0
MATN3	8.651515151515152	1.0	-0.06093203	1.0
LDHD	5.53030303030303	1.9631201286694676e-14	-0.05946014	1.0
CCDC174	7.424242424242424	1.0	-0.046560157	1.0
DDX56	6.196969696969697	1.0	-0.066146605	1.0
PVRL1	5.181818181818182	6.9932454275569265e-40	-0.104657896	1.0
AMY1A	5.621212121212121	6.787535082773471e-10	-0.06843732	1.0
PLEKHA8	5.9393939393939394	0.29042308693009067	-0.070209175	1.0
DES	6.878787878787879	1.0	-0.059609078	1.0
ATXN10	8.954545454545455	1.0	-0.040301006	1.0
TFAP2B	5.03030303030303	1.5255864629947634e-54	-0.068671025	1.0
TCHP	4.666666666666667	5.190235199322125e-97	-0.100144714	1.0
MAP3K7	3.878787878787879	1.2284127079251473e-211	-0.18516792	1.0
RADIL	6.045454545454546	1.0	0.07257858	1.0
KPNA3	4.212121212121212	1.3452563711804457e-160	-0.13059904	1.0
FIZ1	5.5606060606060606	8.070067712540837e-13	-0.07175973	1.0
TRIM17	6.181818181818182	1.0	-0.049074244	1.0
DDX19A	5.4393939393939394	7.15071135886857e-20	-0.039920423	1.0
SUCLA2	8.212121212121213	1.0	-0.050134342	1.0
ARID2	4.378787878787879	2.851091925485961e-136	0.23479214	2.5534295561941348e-11
ATR	3.8484848484848486	2.263719495264942e-216	0.18430984	1.0
USP28	4.621212121212121	6.241076737412368e-103	0.15610315	1.0
NACC1	4.621212121212121	6.241076737412368e-103	-0.035133813	1.0
EPOR	4.166666666666667	2.1673241151360944e-167	-0.09500494	1.0
KREMEN1	14.712121212121213	1.0	-0.04229243	1.0
USP8	4.106060606060606	1.5042150568912314e-176	0.043252442	1.0
FBLN5	10.136363636363637	1.0	-0.050454423	1.0
CTTN	4.045454545454546	8.293864890908537e-186	-0.15733972	1.0
PIAS4	3.378787878787879	6.379369191543004e-291	-0.14410251	1.0
GPBP1L1	5.242424242424242	1.363714314520086e-34	-0.044007886	1.0
NOVA1	5.742424242424242	2.8116884309810437e-05	0.018122574	1.0
MATN4	7.651515151515151	1.0	-0.06058077	1.0
ZIC2	4.9393939393939394	2.8876096295366594e-64	-0.10947652	1.0
CHRNA3	5.878787878787879	0.04703166165001248	-0.064932235	1.0
PFKFB2	3.8181818181818183	3.9384120538611244e-221	0.08621731	1.0
STXBP5	6.287878787878788	1.0	0.07584312	1.0
SMARCD2	6.96969696969697	1.0	-0.06692285	1.0
ACACB	6.121212121212121	1.0	0.38007975	3.936433375967273e-197
CPM	15.0	1.0	-0.04073687	1.0
ZBTB7B	5.2272727272727275	7.038927224180759e-36	-0.07358909	1.0
KDM5D	6.242424242424242	1.0	0.20929985	0.05107821735350176
ROBO1	5.257575757575758	2.532355208930679e-33	0.053361397	1.0
MAP3K9	5.378787878787879	5.596677988813906e-24	0.112484455	1.0
GRK4	4.7727272727272725	1.0830356453634325e-83	-0.08626871	1.0
CHRM4	5.863636363636363	0.026010289548509757	-0.05459134	1.0
TAPBP	8.136363636363637	1.0	-0.058689043	1.0
ASIC2	5.196969696969697	1.5845634300765288e-38	-0.110297106	1.0
XPO6	4.878787878787879	4.201267031456755e-71	0.09175179	1.0
NCKAP1	4.666666666666667	5.190235199322125e-97	0.036515236	1.0
HBP1	4.212121212121212	1.3452563711804457e-160	0.012869152	1.0
TRIM27	4.454545454545454	1.4842317088682658e-125	-0.11439955	1.0
CLSTN1	5.015151515151516	4.0682418292930166e-56	0.24851683	5.261097854307279e-20
ERC1	5.484848484848484	4.837331664837387e-17	0.0576718	1.0
FBXL6	4.318181818181818	5.3259981484645446e-145	-0.06278466	1.0
GPT	6.075757575757576	1.0	-0.03478399	1.0
SHB	4.181818181818182	4.0396039921142017e-165	0.008095302	1.0
TBC1D8	5.5606060606060606	8.070067712540837e-13	0.09008259	1.0
TEK	4.409090909090909	5.914786475214866e-132	-0.014477084	1.0
ZNF446	7.242424242424242	1.0	-0.06488426	1.0
ATP6V1H	5.909090909090909	0.1300519624973496	-0.05526025	1.0
PNPLA2	4.742424242424242	2.0112480802320904e-87	-0.059640553	1.0
NCAPG2	5.090909090909091	1.923470993656941e-48	0.101656556	1.0
TOR1AIP2	6.606060606060606	1.0	-0.0447898	1.0
IPO11	5.590909090909091	2.632737875380154e-11	0.03733154	1.0
KPNA5	4.348484848484849	1.2952202012909316e-140	-0.0871949	1.0
CRY2	5.818181818181818	0.0031247077582926205	-0.117360935	1.0
SOCS5	4.393939393939394	4.1588243918237506e-134	-0.08478664	1.0
ZMIZ1	6.287878787878788	1.0	0.13449398	1.0
AP4M1	15.0	1.0	-0.0473774	1.0
NLK	4.166666666666667	2.1673241151360944e-167	-0.10296652	1.0
KRT8	3.742424242424242	4.647503459395832e-233	-0.032372545	1.0
PMPCB	5.712121212121212	2.8086318893086953e-06	-0.07594919	1.0
WIPF3	6.151515151515151	1.0	-0.058909	1.0
HRG	6.757575757575758	1.0	-0.13486609	1.0
HSF2	4.151515151515151	1.1446109044602285e-169	-0.09038639	1.0
CHRNA5	7.878787878787879	1.0	-0.052128278	1.0
TBCE	4.818181818181818	3.3485901111930753e-78	-0.07363102	1.0
SNX2	4.2727272727272725	1.2235597067539176e-151	-0.12078202	1.0
SLC1A3	4.818181818181818	3.3485901111930753e-78	-0.085542224	1.0
FAM214B	5.5	3.7842004657943047e-16	-0.04744004	1.0
PIP5K1B	5.0606060606060606	1.868647141764226e-51	-0.09292302	1.0
ICAM1	5.666666666666667	5.7023465843776827e-08	-0.12589146	1.0
C7orf25	8.075757575757576	1.0	-0.06277444	1.0
KCNF1	15.0	1.0	-0.08365884	1.0
CLIP2	5.2727272727272725	4.464690473874677e-32	0.19591989	1.0
SERGEF	7.0606060606060606	1.0	-0.053564608	1.0
DYNC1LI1	5.196969696969697	1.5845634300765288e-38	-0.08796189	1.0
DKC1	4.909090909090909	1.1939958588792523e-67	-0.11338902	1.0
TXK	4.287878787878788	2.0335762994395374e-149	-0.051835917	1.0
CHD6	4.787878787878788	7.589866940626278e-82	0.31277013	5.643027147868631e-90
ZCCHC7	4.606060606060606	6.280766027761081e-105	-0.06164743	1.0
TIMM44	15.0	1.0	-0.053776648	1.0
NFIL3	5.9393939393939394	0.29042308693009067	-0.052428287	1.0
CSRNP2	4.515151515151516	3.593818462139579e-117	-0.06478076	1.0
LSR	4.363636363636363	1.9296931071479538e-138	-0.0136725865	1.0
FDXR	4.348484848484849	1.2952202012909316e-140	-0.09860377	1.0
CCDC7	5.242424242424242	1.363714314520086e-34	-0.040788457	1.0
SPINT1	8.621212121212121	1.0	-0.07064663	1.0
COLQ	15.0	1.0	-0.03251912	1.0
UQCRC1	6.53030303030303	1.0	-0.06830558	1.0
FASN	5.166666666666667	2.93824026063579e-41	0.35033315	4.471921234454524e-147
UBXN4	8.0	1.0	-0.061151374	1.0
NR6A1	6.136363636363637	1.0	-0.05261569	1.0
EIF2B4	4.666666666666667	5.190235199322125e-97	-0.10942473	1.0
MGAM	4.621212121212121	6.241076737412368e-103	0.25205913	1.1892628893962985e-22
XIRP1	4.848484848484849	1.2797706148193189e-74	0.26011002	2.972651955214669e-29
SHOC2	4.166666666666667	2.1673241151360944e-167	-0.10043183	1.0
SLC2A1	6.818181818181818	1.0	-0.04581071	1.0
NTNG2	5.242424242424242	1.363714314520086e-34	-0.05733021	1.0
FAM160A2	7.303030303030303	1.0	0.03359357	1.0
TRDN	8.227272727272727	1.0	-0.061624095	1.0
MAN2A2	4.333333333333333	8.36973431338001e-143	0.07574427	1.0
PRKAG3	15.0	1.0	-0.04280399	1.0
ACVR1	4.136363636363637	5.900348408278667e-172	-0.20523505	1.0
GNL3	3.9242424242424243	1.4883845906973111e-204	-0.09414972	1.0
SEC16B	9.015151515151516	1.0	0.070914425	1.0
FAR1	6.5	1.0	-0.0636628	1.0
AFF4	4.5606060606060606	5.400493616127032e-111	0.078191504	1.0
CCT8	4.96969696969697	5.9836842956166486e-61	-0.06279383	1.0
NUP62	4.53030303030303	4.226910827537424e-115	-0.19676566	1.0
APEX2	4.878787878787879	4.201267031456755e-71	-0.0530811	1.0
TTC17	4.7272727272727275	2.5869665633246372e-89	0.11451615	1.0
PAK2	3.5757575757575757	1.664769427632275e-259	-0.13731456	1.0
KIAA1683	5.151515151515151	1.1784022048920932e-42	0.069895	1.0
TH	3.6515151515151514	1.916297134297963e-247	0.027636845	1.0
ALDH7A1	6.348484848484849	1.0	-0.06166665	1.0
LAG3	4.606060606060606	6.280766027761081e-105	-0.03624343	1.0
AIRE	4.2727272727272725	1.2235597067539176e-151	-0.017287351	1.0
SYT9	7.333333333333333	1.0	-0.0025024475	1.0
TRAF3IP3	5.545454545454546	1.2939466289206966e-13	-0.07589217	1.0
DMP1	6.151515151515151	1.0	-0.07870405	1.0
ZNF382	5.5606060606060606	8.070067712540837e-13	-0.08554152	1.0
KCNV1	15.0	1.0	-0.062123712	1.0
FOXC1	4.621212121212121	6.241076737412368e-103	-0.064373314	1.0
SRCIN1	4.984848484848484	2.5536481937036903e-59	0.07234363	1.0
NFIB	6.742424242424242	1.0	-0.07348355	1.0
LARS	5.090909090909091	1.923470993656941e-48	0.090477146	1.0
CCT2	4.242424242424242	4.2660456775394e-156	0.0013678281	1.0
SLC12A1	15.0	1.0	0.06873891	1.0
STAM2	4.257575757575758	7.351715149052645e-154	-0.1473532	1.0
CYP2C19	15.0	1.0	-0.054312795	1.0
CYP2C9	15.0	1.0	-0.054312795	1.0
KPNA6	3.772727272727273	2.8003122703195513e-228	-0.10314817	1.0
ZNF350	4.045454545454546	8.293864890908537e-186	-0.07268571	1.0
CPE	6.984848484848484	1.0	-0.04945257	1.0
ISYNA1	4.53030303030303	4.226910827537424e-115	-0.075933464	1.0
MYBPC1	5.833333333333333	0.0067181671876451274	0.057038587	1.0
CSF1	5.106060606060606	5.774871996982557e-47	-0.10157426	1.0
GMEB2	4.075757575757576	3.621754795530252e-181	0.018870948	1.0
KCNG1	15.0	1.0	-0.03510989	1.0
FGR	4.136363636363637	5.900348408278667e-172	-0.04646716	1.0
THBS2	7.53030303030303	1.0	0.042048838	1.0
CNDP2	5.712121212121212	2.8086318893086953e-06	-0.052959412	1.0
F8	9.121212121212121	1.0	0.25466883	1.058355630865162e-24
GIN1	6.0606060606060606	1.0	-0.07582177	1.0
FUT4	8.212121212121213	1.0	-0.08049434	1.0
FXR1	4.712121212121212	3.234126539505369e-91	-0.10200612	1.0
PTPRO	4.575757575757576	5.853914984634287e-109	0.061390422	1.0
ADRA1B	5.666666666666667	5.7023465843776827e-08	-0.12698746	1.0
SIN3B	4.136363636363637	5.900348408278667e-172	0.017349916	1.0
CCDC88A	4.045454545454546	8.293864890908537e-186	0.2539511	3.9539674392846904e-24
N4BP3	4.2727272727272725	1.2235597067539176e-151	-0.028513156	1.0
AHNAK	6.969230769230769	1.0	0.4187767	1.601175177363894e-265
SEC24C	7.454545454545454	1.0	0.10409202	1.0
NUP133	5.409090909090909	7.050991745134946e-22	0.08046185	1.0
STK35	4.090909090909091	7.431731658940583e-179	0.0187368	1.0
ARHGEF18	5.0606060606060606	1.868647141764226e-51	0.066201985	1.0
STIP1	4.181818181818182	4.0396039921142017e-165	-0.120166205	1.0
SV2B	6.53030303030303	1.0	-0.07861073	1.0
HTRA1	5.818181818181818	0.0031247077582926205	-0.06450918	1.0
FBXO33	4.515151515151516	3.593818462139579e-117	-0.075503595	1.0
MSANTD2	6.7727272727272725	1.0	-0.039560083	1.0
STXBP4	5.287878787878788	7.485477606395389e-31	-0.09106932	1.0
THUMPD3	7.878787878787879	1.0	-0.060680564	1.0
F10	7.7272727272727275	1.0	-0.14569543	1.0
ERF	3.893939393939394	2.855528363833788e-209	-0.053117443	1.0
VIPAS39	10.0	1.0	-0.029530415	1.0
KIAA0240	8.287878787878787	1.0	0.11279668	1.0
BTBD2	3.8636363636363638	5.309754525883307e-214	-0.16675565	1.0
ARAP1	5.954545454545454	0.4021808346106391	0.0647794	1.0
SCN4A	5.863636363636363	0.026010289548509757	0.21686837	0.0007655614818618327
NUP210	4.212121212121212	1.3452563711804457e-160	0.23392972	7.388612613444474e-11
RAG2	5.4393939393939394	7.15071135886857e-20	-0.046331927	1.0
CR2	5.9393939393939394	0.29042308693009067	0.018811837	1.0
SYNRG	6.303030303030303	1.0	0.17787947	1.0
CCT4	4.575757575757576	5.853914984634287e-109	-0.07903744	1.0
PAK1	3.3333333333333335	3.5939709682917378e-298	-0.16778038	1.0
GRB14	4.0606060606060606	1.739805437553857e-183	-0.07575343	1.0
SNTB1	5.575757575757576	4.742374516777844e-12	-0.15036494	1.0
SBF1	4.909090909090909	1.1939958588792523e-67	0.21609896	0.0012732324292144882
KLHL2	7.4393939393939394	1.0	-0.050745953	1.0
TULP2	5.242424242424242	1.363714314520086e-34	-0.06459342	1.0
LIN9	4.378787878787879	2.851091925485961e-136	-0.057406887	1.0
ITGA2	5.96969696969697	0.5313972993119761	0.020318827	1.0
ULK1	7.621212121212121	1.0	0.0599333	1.0
MBTPS2	5.7727272727272725	0.0002205579338264052	-0.07423395	1.0
HSF1	3.409090909090909	4.198102680920517e-286	-0.12224696	1.0
SNW1	3.772727272727273	2.8003122703195513e-228	-0.08965168	1.0
WDR16	4.348484848484849	1.2952202012909316e-140	-0.0896469	1.0
MBD1	3.9696969696969697	1.7009092593290584e-197	-0.10379224	1.0
ATP2B1	4.363636363636363	1.9296931071479538e-138	0.15025964	1.0
SLC7A5	15.0	1.0	-0.06449033	1.0
SYTL1	4.545454545454546	4.834723743239444e-113	-0.1126319	1.0
ACBD3	4.803030303030303	5.12655010797389e-80	-0.05563849	1.0
RAI1	4.409090909090909	5.914786475214866e-132	0.20073247	0.7532518948075786
NARS	5.151515151515151	1.1784022048920932e-42	-0.08306602	1.0
PLCB3	4.651515151515151	5.700658646082387e-99	0.018609863	1.0
CELF1	8.0	1.0	-0.06188558	1.0
IFIT5	6.2727272727272725	1.0	-0.05550271	1.0
WARS	6.606060606060606	1.0	-0.050344598	1.0
ANLN	6.757575757575758	1.0	0.073922545	1.0
PGD	7.878787878787879	1.0	-0.058271103	1.0
OS9	5.621212121212121	6.787535082773471e-10	-0.095829055	1.0
NFX1	8.242424242424242	1.0	0.046781134	1.0
PAN2	5.196969696969697	1.5845634300765288e-38	0.03699771	1.0
SLC16A2	4.787878787878788	7.589866940626278e-82	-0.07428054	1.0
SEC31A	9.015151515151516	1.0	0.05910031	1.0
SLC7A7	15.0	1.0	-0.06655941	1.0
CARD8	5.121212121212121	1.65394062595959e-45	-0.09625378	1.0
PRKCA	3.4393939393939394	2.874829087237775e-281	-0.21581933	1.0
SNX1	4.742424242424242	2.0112480802320904e-87	-0.096199356	1.0
PLXNA1	5.575757575757576	4.742374516777844e-12	0.1718842	1.0
RPS6KA5	3.621212121212121	2.8697289860358173e-252	-0.16252978	1.0
GPR135	7.303030303030303	1.0	-0.06940151	1.0
GP5	7.090909090909091	1.0	-0.10647396	1.0
IK	4.166666666666667	2.1673241151360944e-167	-0.1223195	1.0
CHRNE	15.0	1.0	-0.0615549	1.0
CLEC4F	5.151515151515151	1.1784022048920932e-42	-0.06065561	1.0
CALCRL	15.0	1.0	-0.06692016	1.0
SLC17A7	5.333333333333333	2.600528747744788e-27	-0.08622581	1.0
TSC1	3.6769230769230767	2.137497926820889e-243	0.096609585	1.0
SLC22A24	5.242424242424242	1.363714314520086e-34	-0.07007916	1.0
SLC37A1	6.984848484848484	1.0	-0.06300417	1.0
EHD2	5.090909090909091	1.923470993656941e-48	-0.11706489	1.0
TBC1D3C	6.484848484848484	1.0	-0.088773005	1.0
PLEKHG4	5.348484848484849	3.543656868901738e-26	0.08593713	1.0
BAIAP2	4.5606060606060606	5.400493616127032e-111	-0.094275355	1.0
PIP5K1A	4.878787878787879	4.201267031456755e-71	-0.15957463	1.0
KLHL3	5.878787878787879	0.04703166165001248	-0.1290448	1.0
SLC22A3	7.863636363636363	1.0	-0.08757657	1.0
CCT5	5.075757575757576	6.148878058809979e-50	-0.13302256	1.0
PLCB1	4.2727272727272725	1.2235597067539176e-151	0.04891884	1.0
IGSF9	5.545454545454546	1.2939466289206966e-13	0.0950205	1.0
ARIH2	5.090909090909091	1.923470993656941e-48	-0.105975114	1.0
TENM1	4.166666666666667	2.1673241151360944e-167	0.33004266	3.6928846128605306e-115
TTF2	4.757575757575758	1.4989734955504187e-85	0.027426828	1.0
PPM1G	5.96969696969697	0.5313972993119761	-0.11374678	1.0
AMH	4.409090909090909	5.914786475214866e-132	-0.11282422	1.0
CTSF	15.0	1.0	-0.05615307	1.0
PGM5	7.090909090909091	1.0	-0.11062869	1.0
PUF60	4.46969696969697	1.931907190857211e-123	-0.16841349	1.0
TAF2	4.893939393939394	2.282999105755518e-69	-0.026503079	1.0
SREBF1	3.621212121212121	2.8697289860358173e-252	0.11257573	1.0
FH	15.0	1.0	-0.06452815	1.0
DYNC1LI2	7.0606060606060606	1.0	-0.052745968	1.0
ZNF10	4.712121212121212	3.234126539505369e-91	-0.108565375	1.0
TESK2	4.287878787878788	2.0335762994395374e-149	-0.10658238	1.0
SLC16A8	5.621212121212121	6.787535082773471e-10	-0.07300715	1.0
RNF168	5.106060606060606	5.774871996982557e-47	-0.12057413	1.0
ARID3B	4.393939393939394	4.1588243918237506e-134	-0.03416303	1.0
TNKS2	7.681818181818182	1.0	0.043443244	1.0
SEC61A1	10.106060606060606	1.0	-0.052954376	1.0
BAIAP3	6.53030303030303	1.0	0.11904399	1.0
PAK3	4.0606060606060606	1.739805437553857e-183	-0.09107093	1.0
BMPR1A	5.090909090909091	1.923470993656941e-48	-0.17325869	1.0
CDY1	5.136363636363637	4.541988465132742e-44	-0.10998552	1.0
ITPR3	5.515151515151516	2.804737320536277e-15	0.25705504	1.1861271116569425e-26
CWF19L1	8.0	1.0	-0.0790625	1.0
FANCC	4.0606060606060606	1.739805437553857e-183	-0.18328159	1.0
CAMKV	7.393939393939394	1.0	-0.060643826	1.0
FGFRL1	6.984848484848484	1.0	-0.060153842	1.0
API5	6.984848484848484	1.0	-0.060153842	1.0
NEFL	3.757575757575758	1.1434317634623256e-230	-0.11195827	1.0
MYO5A	5.378787878787879	5.596677988813906e-24	0.18628399	1.0
MELK	4.257575757575758	7.351715149052645e-154	-0.13660467	1.0
MUC13	15.0	1.0	-0.052429944	1.0
AGAP2	4.5606060606060606	5.400493616127032e-111	0.08587581	1.0
CBS	5.424242424242424	7.304939763549693e-21	-0.07650323	1.0
ATP6AP1	7.878787878787879	1.0	-0.05777589	1.0
GRK7	5.393939393939394	6.482752192123682e-23	-0.090016544	1.0
PDIA3	5.818181818181818	0.0031247077582926205	-0.10772006	1.0
THBD	8.196969696969697	1.0	-0.13721612	1.0
IL1RL1	4.96969696969697	5.9836842956166486e-61	-0.13567732	1.0
EHD3	7.833333333333333	1.0	-0.09278481	1.0
DLG5	5.393939393939394	6.482752192123682e-23	0.20299411	0.4516109770608543
SLC7A10	15.0	1.0	-0.07272211	1.0
EGF	4.318181818181818	5.3259981484645446e-145	0.01319284	1.0
EIF3D	5.545454545454546	1.2939466289206966e-13	-0.13153094	1.0
KCNA10	7.166666666666667	1.0	-0.06751719	1.0
HIPK1	3.8333333333333335	9.335542196331431e-219	0.013310107	1.0
WAPAL	6.4393939393939394	1.0	0.07221649	1.0
OTUD5	5.46969696969697	5.8303237583507375e-18	-0.10733698	1.0
PPP2R3B	5.015151515151516	4.0682418292930166e-56	-0.10157346	1.0
MBTPS1	6.7727272727272725	1.0	0.042566232	1.0
ICAM3	5.106060606060606	5.774871996982557e-47	-0.17503546	1.0
FZD2	5.712121212121212	2.8086318893086953e-06	-0.08661311	1.0
ZNF675	5.0	1.0403022436148605e-57	-0.10585821	1.0
TANC1	4.7727272727272725	1.0830356453634325e-83	0.1545804	1.0
TAOK2	4.166666666666667	2.1673241151360944e-167	0.0042219665	1.0
EYA1	4.909090909090909	1.1939958588792523e-67	-0.13346396	1.0
HERC1	5.106060606060606	5.774871996982557e-47	0.37659883	4.000478008665825e-191
ANAPC1	5.515151515151516	2.804737320536277e-15	0.19926973	0.9808903163431708
SLC38A2	7.090909090909091	1.0	-0.06285226	1.0
ZNF205	4.848484848484849	1.2797706148193189e-74	0.0013540048	1.0
MAST2	4.848484848484849	1.2797706148193189e-74	0.29124978	7.480653058829916e-62
JAG1	5.151515151515151	1.1784022048920932e-42	0.017060807	1.0
SIGLEC5	5.757575757575758	8.110867378945913e-05	-0.080127165	1.0
CDC6	4.409090909090909	5.914786475214866e-132	-0.20207842	1.0
CELF2	15.0	1.0	-0.068834074	1.0
PAX7	6.893939393939394	1.0	-0.024379581	1.0
CPN2	11.151515151515152	1.0	-0.07732003	1.0
CETP	8.909090909090908	1.0	-0.057473447	1.0
EFS	4.348484848484849	1.2952202012909316e-140	-0.0794039	1.0
LGI1	5.287878787878788	7.485477606395389e-31	-0.08346307	1.0
TROVE2	5.984848484848484	0.6713958573583418	-0.08552369	1.0
THAP4	5.53030303030303	1.9631201286694676e-14	-0.10506011	1.0
CFHR5	10.151515151515152	1.0	-0.09587079	1.0
SLC22A5	5.863636363636363	0.026010289548509757	-0.11307499	1.0
CYBB	4.393939393939394	4.1588243918237506e-134	-0.15491906	1.0
CBX4	4.106060606060606	1.5042150568912314e-176	-0.12054438	1.0
RIC8A	6.045454545454546	1.0	-0.10092545	1.0
SH2D3A	4.409090909090909	5.914786475214866e-132	-0.0960175	1.0
ITSN1	4.378787878787879	2.851091925485961e-136	-0.026522646	1.0
SACS	5.090909090909091	1.923470993656941e-48	0.33715057	4.390183815224494e-126
PRCP	9.378787878787879	1.0	-0.067595206	1.0
NPR2	8.333333333333334	1.0	0.031513296	1.0
IGF2BP1	4.196969696969697	7.408854155105656e-163	-0.06016716	1.0
CPNE2	5.090909090909091	1.923470993656941e-48	-0.13419765	1.0
ZNF250	4.984848484848484	2.5536481937036903e-59	-0.17394707	1.0
HIPK3	4.090909090909091	7.431731658940583e-179	-0.038502086	1.0
SLC1A6	5.787878787878788	0.0005657379213339365	-0.09802074	1.0
GUCY2C	7.863636363636363	1.0	0.023996098	1.0
SNTB2	5.575757575757576	4.742374516777844e-12	-0.097124316	1.0
MMRN1	8.242424242424242	1.0	0.05315331	1.0
BACE1	15.0	1.0	-0.05859817	1.0
KCNMA1	6.954545454545454	1.0	0.01677653	1.0
CASP8AP2	4.333333333333333	8.36973431338001e-143	0.19541802	1.0
KCNA3	5.545454545454546	1.2939466289206966e-13	-0.102862105	1.0
PPFIA1	4.515151515151516	3.593818462139579e-117	0.007955516	1.0
CDK16	4.015151515151516	1.8150337481646768e-190	0.013349216	1.0
HABP2	8.06060606060606	1.0	-0.12811618	1.0
CHRNG	15.0	1.0	-0.07079893	1.0
CHRND	15.0	1.0	-0.07079893	1.0
WASF1	4.151515151515151	1.1446109044602285e-169	-0.14479463	1.0
PDZK1	6.848484848484849	1.0	-0.16081427	1.0
AATF	3.893939393939394	2.855528363833788e-209	-0.13061522	1.0
SH2B3	4.53030303030303	4.226910827537424e-115	0.013139777	1.0
SENP3	4.121212121212121	2.993933330416968e-174	-0.07108001	1.0
UPF3A	6.7272727272727275	1.0	0.039068643	1.0
SLC16A1	6.2272727272727275	1.0	-0.05949575	1.0
CGN	4.333333333333333	8.36973431338001e-143	0.05508688	1.0
ANXA11	8.106060606060606	1.0	-0.058414035	1.0
RGS14	6.075757575757576	1.0	-0.1121208	1.0
GLUD2	8.0	1.0	-0.08754403	1.0
SMG7	6.348484848484849	1.0	0.13933952	1.0
APBA3	4.651515151515151	5.700658646082387e-99	-0.07944048	1.0
CKAP5	4.590909090909091	6.15075884339598e-107	0.19676551	1.0
PRKAA2	5.121212121212121	1.65394062595959e-45	-0.07383774	1.0
BAG3	4.196969696969697	7.408854155105656e-163	-0.119405404	1.0
PPFIA3	4.666666666666667	5.190235199322125e-97	0.015067262	1.0
MLLT3	4.7727272727272725	1.0830356453634325e-83	-0.123160176	1.0
PTBP1	4.742424242424242	2.0112480802320904e-87	-0.18348245	1.0
ARHGAP29	4.7272727272727275	2.5869665633246372e-89	0.034546863	1.0
ADRA1D	6.378787878787879	1.0	-0.10962923	1.0
TNIP1	4.575757575757576	5.853914984634287e-109	-0.09962854	1.0
CAMTA2	5.015151515151516	4.0682418292930166e-56	0.05850524	1.0
TFE3	3.9696969696969697	1.7009092593290584e-197	-0.12565422	1.0
SESN1	5.9393939393939394	0.29042308693009067	-0.092678405	1.0
CACNB2	4.53030303030303	4.226910827537424e-115	-0.119879104	1.0
IFIT3	15.0	1.0	-0.06999006	1.0
CHRNA7	4.7727272727272725	1.0830356453634325e-83	0.01387792	1.0
VPS45	8.257575757575758	1.0	-0.12941481	1.0
WHSC2	6.46969696969697	1.0	-0.0792675	1.0
ZNF8	3.878787878787879	1.2284127079251473e-211	0.037386272	1.0
MNT	4.4393939393939394	1.1179237737721773e-127	-0.1356304	1.0
PRPF4	5.96969696969697	0.5313972993119761	-0.084700294	1.0
FZD7	5.651515151515151	1.3838745592303982e-08	-0.08492182	1.0
LCT	5.909090909090909	0.1300519624973496	0.18690538	1.0
TIMELESS	6.0606060606060606	1.0	0.0065318425	1.0
COBRA1	3.8636363636363638	5.309754525883307e-214	-0.034915075	1.0
EBF1	4.242424242424242	4.2660456775394e-156	-0.13206676	1.0
KRT10	3.696969696969697	3.006258229506499e-240	-0.004604929	1.0
KLHL35	4.484848484848484	2.430993042715581e-121	-0.06485338	1.0
SFI1	5.409090909090909	7.050991745134946e-22	0.0227818	1.0
SF1	4.621212121212121	6.241076737412368e-103	-0.13275643	1.0
PDP1	7.863636363636363	1.0	-0.09230687	1.0
NT5C2	5.46969696969697	5.8303237583507375e-18	-0.13830832	1.0
GMEB1	3.727272727272727	1.8809940959048096e-235	0.018415626	1.0
PLEKHA4	4.454545454545454	1.4842317088682658e-125	-0.056270044	1.0
RLF	4.651515151515151	5.700658646082387e-99	0.13528791	1.0
TCF7L1	4.196969696969697	7.408854155105656e-163	-0.06680832	1.0
SGOL2	4.454545454545454	1.4842317088682658e-125	0.027151119	1.0
PTPN3	5.196969696969697	1.5845634300765288e-38	-0.08430101	1.0
IKZF4	4.484848484848484	2.430993042715581e-121	-0.16291675	1.0
SHROOM3	5.2727272727272725	4.464690473874677e-32	0.18216655	1.0
DSCAM	4.333333333333333	8.36973431338001e-143	0.20118198	0.6883230934333789
PARP2	4.636363636363637	6.063285131315225e-101	-0.16387576	1.0
RAPH1	5.7727272727272725	0.0002205579338264052	0.055652704	1.0
SLK	4.348484848484849	1.2952202012909316e-140	0.09390429	1.0
ENOX2	5.318181818181818	1.8111998406309878e-28	-0.110859066	1.0
NPHS1	4.287878787878788	2.0335762994395374e-149	0.055757698	1.0
BRAP	5.257575757575758	2.532355208930679e-33	-0.12636971	1.0
LTBP3	6.7727272727272725	1.0	0.008839045	1.0
HDLBP	5.712121212121212	2.8086318893086953e-06	0.010549364	1.0
IPO5	5.242424242424242	1.363714314520086e-34	-0.078790754	1.0
BTBD3	15.0	1.0	0.20401597	0.34240704345320966
SWAP70	4.7727272727272725	1.0830356453634325e-83	-0.10157722	1.0
GTPBP3	15.0	1.0	-0.06711443	1.0
CDC25B	3.4393939393939394	2.874829087237775e-281	-0.027688181	1.0
TTLL5	4.636363636363637	6.063285131315225e-101	0.048368134	1.0
ANKRD13A	5.454545454545454	6.638801559632507e-19	-0.10100897	1.0
MAP4K4	4.833333333333333	2.107807229110395e-76	0.07077642	1.0
CDON	4.181818181818182	4.0396039921142017e-165	0.025440719	1.0
PLXND1	7.196969696969697	1.0	0.21173099	0.01611095977496298
CRY1	5.333333333333333	2.600528747744788e-27	-0.15019616	1.0
PLCG2	4.318181818181818	5.3259981484645446e-145	-0.07168874	1.0
SYK	3.878787878787879	1.2284127079251473e-211	-0.1687736	1.0
P4HB	7.712121212121212	1.0	-0.095678024	1.0
LTBP4	5.242424242424242	1.363714314520086e-34	0.1835922	1.0
DYRK1B	3.9545454545454546	7.665781365813323e-200	-0.14461306	1.0
SLC1A2	5.651515151515151	1.3838745592303982e-08	-0.09742791	1.0
SMC1A	4.121212121212121	2.993933330416968e-174	0.0013497404	1.0
NID1	6.242424242424242	1.0	-0.094951876	1.0
TRPM6	5.287878787878788	7.485477606395389e-31	0.17503771	1.0
NPTXR	15.0	1.0	-0.06490857	1.0
KLC1	4.666666666666667	5.190235199322125e-97	-0.1341778	1.0
GLCCI1	5.787878787878788	0.0005657379213339365	-0.08642083	1.0
CCDC158	5.803030303030303	0.0013690958295525335	-0.01142518	1.0
HNRNPL	4.712121212121212	3.234126539505369e-91	-0.17122774	1.0
DCP1A	8.606060606060606	1.0	-0.12810135	1.0
LZTS1	4.181818181818182	4.0396039921142017e-165	-0.093377784	1.0
SENP2	4.090909090909091	7.431731658940583e-179	-0.095961735	1.0
FKBP10	9.136363636363637	1.0	-0.10250707	1.0
ASB2	4.7272727272727275	2.5869665633246372e-89	-0.108384416	1.0
PC	15.0	1.0	0.018631738	1.0
VARS	4.924242424242424	5.985953570968111e-66	0.037839606	1.0
PIAS2	3.8181818181818183	3.9384120538611244e-221	-0.121176384	1.0
SIK3	4.378787878787879	2.851091925485961e-136	0.06986557	1.0
DIAPH1	5.606060606060606	1.3777219093908933e-10	0.022650525	1.0
STK39	15.0	1.0	-0.1143567	1.0
VPS33A	8.0	1.0	-0.13678318	1.0
AKAP12	4.409090909090909	5.914786475214866e-132	0.16777122	1.0
GATA6	4.2727272727272725	1.2235597067539176e-151	-0.11025037	1.0
LGALS3BP	6.090909090909091	1.0	-0.12695076	1.0
INPPL1	4.090909090909091	7.431731658940583e-179	0.05570084	1.0
DSP	4.484848484848484	2.430993042715581e-121	0.1838871	1.0
CPNE4	4.787878787878788	7.589866940626278e-82	-0.1478782	1.0
EYA3	4.7727272727272725	1.0830356453634325e-83	-0.13888466	1.0
GLUD1	15.0	1.0	-0.091129035	1.0
TRIP4	3.712121212121212	7.49123416449061e-238	0.025911829	1.0
GLMN	5.075757575757576	6.148878058809979e-50	-0.120363146	1.0
EGR4	4.7727272727272725	1.0830356453634325e-83	-0.08117632	1.0
KIF22	5.075757575757576	6.148878058809979e-50	-0.13398299	1.0
TBCD	5.515151515151516	2.804737320536277e-15	-0.014706234	1.0
ARID5A	5.151515151515151	1.1784022048920932e-42	-0.08028273	1.0
HMGXB4	4.393939393939394	4.1588243918237506e-134	-0.094440885	1.0
ARID4B	4.636363636363637	6.063285131315225e-101	0.011243621	1.0
BEGAIN	5.287878787878788	7.485477606395389e-31	-0.19394918	1.0
NRP2	6.242424242424242	1.0	-0.14896685	1.0
PXN	3.5303030303030303	9.616322325664552e-267	-0.17723437	1.0
NDOR1	5.651515151515151	1.3838745592303982e-08	-0.11305197	1.0
CHD9	3.893939393939394	2.855528363833788e-209	0.29176068	1.7971740137139915e-62
TAF1B	3.909090909090909	6.631144541376156e-207	-0.14619935	1.0
DMBT1	9.651515151515152	1.0	0.12104664	1.0
ARSA	15.0	1.0	-0.06351087	1.0
CFI	8.151515151515152	1.0	-0.12499129	1.0
TNFRSF8	4.878787878787879	4.201267031456755e-71	-0.15388577	1.0
ECD	4.2727272727272725	1.2235597067539176e-151	-0.07163386	1.0
EZR	4.136363636363637	5.900348408278667e-172	-0.21980572	1.0
DIS3L2	4.454545454545454	1.4842317088682658e-125	-0.100819364	1.0
RUFY1	4.848484848484849	1.2797706148193189e-74	-0.13447879	1.0
PLXNA2	15.0	1.0	0.11132935	1.0
NEK1	4.621212121212121	6.241076737412368e-103	0.031561762	1.0
ZNF354A	5.090909090909091	1.923470993656941e-48	-0.12884413	1.0
FLNC	5.2727272727272725	4.464690473874677e-32	0.3173473	1.911262487265623e-96
C1orf116	5.7727272727272725	0.0002205579338264052	-0.09953057	1.0
SORCS1	15.0	1.0	0.074623846	1.0
GPI	6.621212121212121	1.0	-0.092411675	1.0
PPP2R5D	4.409090909090909	5.914786475214866e-132	-0.16153146	1.0
SPTLC2	7.196969696969697	1.0	-0.09155871	1.0
MMP16	6.409090909090909	1.0	-0.13166155	1.0
PGM1	5.893939393939394	0.08040728585071569	-0.115923025	1.0
TOMM70A	4.181818181818182	4.0396039921142017e-165	-0.08394547	1.0
FRMD5	6.46969696969697	1.0	-0.09264934	1.0
SACM1L	6.348484848484849	1.0	-0.12979408	1.0
DICER1	7.0	1.0	0.10033974	1.0
ZNF559	5.4393939393939394	7.15071135886857e-20	-0.0895175	1.0
RAF1	3.378787878787879	6.379369191543004e-291	-0.20157008	1.0
PPM1D	3.9393939393939394	3.3887978519689985e-202	-0.14131932	1.0
FAM21C	5.151515151515151	1.1784022048920932e-42	0.048929565	1.0
LPA	7.287878787878788	1.0	0.12088414	1.0
PKLR	6.212121212121212	1.0	-0.09076739	1.0
NFRKB	4.46969696969697	1.931907190857211e-123	0.050887454	1.0
PTCH2	15.0	1.0	-0.01344701	1.0
XRCC6	3.5	1.434207471176549e-271	-0.20565149	1.0
CSTF2	4.333333333333333	8.36973431338001e-143	-0.18571764	1.0
MYO6	4.5606060606060606	5.400493616127032e-111	0.023770235	1.0
ARNTL2	5.651515151515151	1.3838745592303982e-08	-0.097366944	1.0
LAMA5	6.181818181818182	1.0	0.34090555	5.677863047804088e-132
PRKCI	3.6818181818181817	1.1853923178705118e-242	-0.17388597	1.0
BCR	3.712121212121212	7.49123416449061e-238	0.02156287	1.0
SOCS7	4.212121212121212	1.3452563711804457e-160	-0.0563574	1.0
PTPN9	8.621212121212121	1.0	-0.10694415	1.0
IGFALS	6.545454545454546	1.0	-0.14088036	1.0
DCAF10	7.393939393939394	1.0	-0.08708851	1.0
TTN	5.409090909090909	7.050991745134946e-22	-0.12841892	1.0
PPP1R18	4.515151515151516	3.593818462139579e-117	-0.10119135	1.0
COL20A1	5.924242424242424	0.19929500119739843	0.027850848	1.0
EIF4B	4.242424242424242	4.2660456775394e-156	-0.15081854	1.0
ZNF440	5.378787878787879	5.596677988813906e-24	-0.113089085	1.0
RAB11FIP1	6.409090909090909	1.0	0.0029363842	1.0
RFX5	4.606060606060606	6.280766027761081e-105	-0.14431283	1.0
REV1	5.121212121212121	1.65394062595959e-45	5.242048e-06	1.0
SEC24B	7.454545454545454	1.0	0.024152238	1.0
CAMSAP3	8.287878787878787	1.0	0.024182802	1.0
KLHL12	6.4393939393939394	1.0	-0.11316383	1.0
LMNB2	4.363636363636363	1.9296931071479538e-138	-0.11668255	1.0
IL1RL2	6.303030303030303	1.0	-0.09617872	1.0
MTMR9	15.0	1.0	-0.103063785	1.0
NOL8	15.0	1.0	0.004717701	1.0
DNAJC1	15.0	1.0	-0.07300967	1.0
SLC6A3	4.348484848484849	1.2952202012909316e-140	-0.13338359	1.0
GBP3	5.833333333333333	0.0067181671876451274	-0.08570927	1.0
KIAA1217	4.681818181818182	4.566391540340071e-95	-0.018473964	1.0
HEXB	15.0	1.0	-0.089752585	1.0
CTNNBL1	5.787878787878788	0.0005657379213339365	-0.102479264	1.0
ARAF	4.106060606060606	1.5042150568912314e-176	-0.17449836	1.0
NUMBL	4.2272727272727275	2.4241998747786866e-158	-0.098410435	1.0
MCOLN1	5.454545454545454	6.638801559632507e-19	-0.10087188	1.0
GNE	4.424242424242424	8.234322370316294e-130	-0.13587068	1.0
STARD9	6.984848484848484	1.0	0.3502626	5.816875084463687e-147
NCAN	5.393939393939394	6.482752192123682e-23	-0.0048080925	1.0
UBASH3A	4.484848484848484	2.430993042715581e-121	-0.10040994	1.0
COIL	4.348484848484849	1.2952202012909316e-140	-0.22016224	1.0
ABCB4	6.53030303030303	1.0	0.013604388	1.0
REXO1	5.681818181818182	2.220023745055577e-07	0.033083264	1.0
KLHL20	4.787878787878788	7.589866940626278e-82	-0.11245687	1.0
NTN1	4.924242424242424	5.985953570968111e-66	-0.13410595	1.0
DOCK8	4.348484848484849	1.2952202012909316e-140	0.0073013217	1.0
SLC22A1	6.015151515151516	0.9432481883172866	-0.0967415	1.0
KRT9	4.454545454545454	1.4842317088682658e-125	-0.09312289	1.0
TRIOBP	4.696969696969697	3.895072545540908e-93	0.31933334	2.673334806551832e-99
USP47	6.454545454545454	1.0	0.0010131333	1.0
TESK1	4.287878787878788	2.0335762994395374e-149	-0.14193827	1.0
NR1D1	4.651515151515151	5.700658646082387e-99	-0.115637206	1.0
MLPH	5.954545454545454	0.4021808346106391	-0.12792175	1.0
COL7A1	6.545454545454546	1.0	0.17992659	1.0
IFFO1	6.9393939393939394	1.0	-0.10267657	1.0
MAGI1	4.287878787878788	2.0335762994395374e-149	-0.005064318	1.0
DTX2	5.151515151515151	1.1784022048920932e-42	-0.14763662	1.0
GPC1	7.106060606060606	1.0	-0.02825811	1.0
DCP1B	6.909090909090909	1.0	-0.15476774	1.0
ASH1L	4.878787878787879	4.201267031456755e-71	0.25544545	2.4958568692807733e-25
CRTC3	4.363636363636363	1.9296931071479538e-138	-0.061285913	1.0
SORCS3	9.575757575757576	1.0	0.00674288	1.0
LILRB2	6.818181818181818	1.0	-0.15702762	1.0
MYBPC3	5.636363636363637	3.1603395062496015e-09	0.043467786	1.0
NTN3	6.333333333333333	1.0	-0.071848	1.0
ANKRD13D	5.409090909090909	7.050991745134946e-22	-0.08330644	1.0
LMNA	4.136363636363637	5.900348408278667e-172	-0.2116758	1.0
IL28RA	15.0	1.0	-0.0657849	1.0
FBXO21	7.166666666666667	1.0	-0.1260932	1.0
CACHD1	7.287878787878788	1.0	0.04674117	1.0
GALNT14	15.0	1.0	-0.08681095	1.0
EPN3	5.106060606060606	5.774871996982557e-47	-0.12564565	1.0
ALG9	5.136363636363637	4.541988465132742e-44	-0.11554233	1.0
MAG	6.53030303030303	1.0	-0.12592407	1.0
GPR125	5.893939393939394	0.08040728585071569	0.043577068	1.0
NEDD4	4.166666666666667	2.1673241151360944e-167	-0.12798186	1.0
IVL	11.030303030303031	1.0	-0.10722015	1.0
PLS3	7.106060606060606	1.0	-0.11028086	1.0
LBR	5.4393939393939394	7.15071135886857e-20	-0.14763008	1.0
MYBBP1A	3.9696969696969697	1.7009092593290584e-197	0.026916968	1.0
SLC6A2	5.2727272727272725	4.464690473874677e-32	-0.13352549	1.0
ETS2	3.8333333333333335	9.335542196331431e-219	-0.1276558	1.0
ANO8	6.696969696969697	1.0	0.012756525	1.0
STXBP1	5.515151515151516	2.804737320536277e-15	-0.12632039	1.0
KCNA5	4.2272727272727275	2.4241998747786866e-158	-0.094846345	1.0
HSPA1A	3.515151515151515	3.8831092435112124e-269	-0.21779835	1.0
ZNF335	4.621212121212121	6.241076737412368e-103	0.029533831	1.0
FOXP1	15.0	1.0	-0.11099488	1.0
ARSE	4.909090909090909	1.1939958588792523e-67	-0.115680955	1.0
CARM1	4.0	8.378388133182956e-193	-0.060878415	1.0
ARMCX2	4.696969696969697	3.895072545540908e-93	-0.09668283	1.0
RNGTT	5.681818181818182	2.220023745055577e-07	-0.11000972	1.0
MEN1	3.8636363636363638	5.309754525883307e-214	-0.1293043	1.0
KBTBD10	5.606060606060606	1.3777219093908933e-10	-0.1051395	1.0
RPA1	4.575757575757576	5.853914984634287e-109	-0.2288479	1.0
ICK	4.545454545454546	4.834723743239444e-113	-0.091151	1.0
TOX4	5.151515151515151	1.1784022048920932e-42	-0.09292503	1.0
CNTNAP3	6.196969696969697	1.0	0.055324953	1.0
NPR3	6.333333333333333	1.0	-0.09639189	1.0
SHC4	4.7272727272727275	2.5869665633246372e-89	-0.06921781	1.0
CCDC22	5.7727272727272725	0.0002205579338264052	-0.12414538	1.0
SLC6A9	4.4393939393939394	1.1179237737721773e-127	-0.12661321	1.0
C9	7.393939393939394	1.0	-0.090641454	1.0
DDX5	3.712121212121212	7.49123416449061e-238	-0.06994207	1.0
GALNT12	15.0	1.0	-0.09861956	1.0
SOS2	4.136363636363637	5.900348408278667e-172	-0.02442158	1.0
GSPT2	5.712121212121212	2.8086318893086953e-06	-0.14458379	1.0
MAPK8IP3	3.893939393939394	2.855528363833788e-209	-0.05945176	1.0
CCDC116	5.181818181818182	6.9932454275569265e-40	-0.06325834	1.0
KLHL8	4.833333333333333	2.107807229110395e-76	-0.10624434	1.0
GGA2	5.484848484848484	4.837331664837387e-17	-0.19517453	1.0
CTPS2	7.393939393939394	1.0	-0.10495501	1.0
TRIP12	15.0	1.0	0.16073129	1.0
NXF2	4.909090909090909	1.1939958588792523e-67	-0.16293769	1.0
PRKAA1	15.0	1.0	-0.10023559	1.0
MAN1C1	4.757575757575758	1.4989734955504187e-85	-0.102529936	1.0
IRS2	4.287878787878788	2.0335762994395374e-149	-0.0759196	1.0
DEF6	4.515151515151516	3.593818462139579e-117	-0.05364749	1.0
REL	3.909090909090909	6.631144541376156e-207	-0.13837786	1.0
DROSHA	4.424242424242424	8.234322370316294e-130	0.020828959	1.0
RTN4	5.848484848484849	0.01364731693088985	-0.054048415	1.0
GDPD2	6.090909090909091	1.0	-0.12843503	1.0
TAF6L	5.257575757575758	2.532355208930679e-33	-0.13072424	1.0
ZDHHC17	6.378787878787879	1.0	-0.13781862	1.0
FSIP1	15.0	1.0	-0.034463674	1.0
FBXL4	5.863636363636363	0.026010289548509757	-0.110860005	1.0
IRAK2	4.878787878787879	4.201267031456755e-71	-0.20895274	1.0
ZNF74	5.045454545454546	5.449835677091945e-53	-0.14173353	1.0
UBQLN2	5.136363636363637	4.541988465132742e-44	-0.16945854	1.0
ITK	4.333333333333333	8.36973431338001e-143	-0.07236283	1.0
RYK	10.712121212121213	1.0	-0.1271041	1.0
GSPT1	4.833333333333333	2.107807229110395e-76	-0.15638946	1.0
FZD9	9.712121212121213	1.0	-0.12140323	1.0
GTPBP4	4.363636363636363	1.9296931071479538e-138	-0.06908513	1.0
CHAT	4.121212121212121	2.993933330416968e-174	-0.07664304	1.0
PABPC4	4.787878787878788	7.589866940626278e-82	-0.14427345	1.0
ABCB11	6.53030303030303	1.0	0.0024614627	1.0
LMO7	4.363636363636363	1.9296931071479538e-138	-0.005188802	1.0
IVNS1ABP	4.287878787878788	2.0335762994395374e-149	-0.12311645	1.0
RAD21	5.712121212121212	2.8086318893086953e-06	-0.14833191	1.0
FLRT3	5.242424242424242	1.363714314520086e-34	-0.12397992	1.0
ATG16L1	9.909090909090908	1.0	-0.099060014	1.0
GAD1	4.575757575757576	5.853914984634287e-109	-0.13323952	1.0
CANX	6.378787878787879	1.0	-0.12171978	1.0
MINK1	4.136363636363637	5.900348408278667e-172	0.013739178	1.0
MCMBP	4.848484848484849	1.2797706148193189e-74	-0.12360213	1.0
HNF1A	3.696969696969697	3.006258229506499e-240	-0.11777709	1.0
RECQL	4.666666666666667	5.190235199322125e-97	-0.15668073	1.0
KLC2	4.181818181818182	4.0396039921142017e-165	-0.10242876	1.0
MAN1A2	4.757575757575758	1.4989734955504187e-85	-0.10557059	1.0
DPYSL5	5.924242424242424	0.19929500119739843	-0.107063174	1.0
FRMD6	5.287878787878788	7.485477606395389e-31	-0.110330015	1.0
SNRNP200	5.606060606060606	1.3777219093908933e-10	0.117102355	1.0
TBC1D4	5.287878787878788	7.485477606395389e-31	-0.03663895	1.0
NTN4	5.46969696969697	5.8303237583507375e-18	-0.09984029	1.0
MPL	4.621212121212121	6.241076737412368e-103	-0.12791008	1.0
CAPN2	5.196969696969697	1.5845634300765288e-38	-0.15798838	1.0
PHF21A	4.393939393939394	4.1588243918237506e-134	-0.11189727	1.0
HSPA1B	3.9696969696969697	1.7009092593290584e-197	-0.16487509	1.0
CLK3	4.348484848484849	1.2952202012909316e-140	-0.12352102	1.0
PIAS3	3.5	1.434207471176549e-271	-0.09216176	1.0
GPR50	6.2272727272727275	1.0	-0.12685665	1.0
HACL1	15.0	1.0	-0.09141967	1.0
PICALM	4.212121212121212	1.3452563711804457e-160	-0.1662007	1.0
PLK1	4.166666666666667	2.1673241151360944e-167	-0.25272778	1.0
MED13L	7.4393939393939394	1.0	0.1149143	1.0
EDEM2	6.803030303030303	1.0	-0.09396267	1.0
KCNQ4	5.803030303030303	0.0013690958295525335	-0.123317644	1.0
C19orf57	5.257575757575758	2.532355208930679e-33	-0.17004141	1.0
MLL	4.681818181818182	4.566391540340071e-95	0.2289666	2.1209611588734063e-08
ERVW-1	15.0	1.0	-0.08204253	1.0
RNPEP	4.893939393939394	2.282999105755518e-69	-0.1301976	1.0
TNKS	6.681818181818182	1.0	-0.03463711	1.0
ADAMTS13	7.424242424242424	1.0	0.008047624	1.0
C6orf165	5.409090909090909	7.050991745134946e-22	-0.13432123	1.0
NID2	6.7727272727272725	1.0	-0.006063473	1.0
ATL2	15.0	1.0	-0.09030046	1.0
TNFRSF21	5.545454545454546	1.2939466289206966e-13	-0.12780564	1.0
MCAM	4.348484848484849	1.2952202012909316e-140	-0.09198126	1.0
LIMK1	4.181818181818182	4.0396039921142017e-165	-0.2039839	1.0
PODXL2	7.9393939393939394	1.0	-0.10196183	1.0
DCAF8	15.0	1.0	-0.09208217	1.0
NAIP	4.575757575757576	5.853914984634287e-109	-0.02062476	1.0
CCDC67	15.0	1.0	-0.09475153	1.0
CBFA2T3	4.363636363636363	1.9296931071479538e-138	-0.14213385	1.0
POLA2	4.757575757575758	1.4989734955504187e-85	-0.20311062	1.0
ENG	6.5606060606060606	1.0	-0.20508136	1.0
STRBP	5.287878787878788	7.485477606395389e-31	-0.14610972	1.0
TKT	6.212121212121212	1.0	-0.11165173	1.0
TLE2	4.454545454545454	1.4842317088682658e-125	-0.08550246	1.0
ZSWIM2	6.015151515151516	0.9432481883172866	-0.11480746	1.0
PLK3	3.621212121212121	2.8697289860358173e-252	-0.164954	1.0
TCF4	3.803030303030303	1.6541955466014821e-223	-0.19154252	1.0
YLPM1	5.424242424242424	7.304939763549693e-21	0.14426722	1.0
KATNB1	4.5	2.987526822932176e-119	-0.13541183	1.0
PDIA4	7.454545454545454	1.0	-0.12501405	1.0
MYO9B	6.757575757575758	1.0	0.106506154	1.0
XRCC1	4.5	2.987526822932176e-119	-0.17726013	1.0
CUL4A	4.742424242424242	2.0112480802320904e-87	-0.18161738	1.0
PTPRE	4.166666666666667	2.1673241151360944e-167	-0.057279635	1.0
ARID1B	4.338461538461538	4.659427775588465e-142	0.07964054	1.0
LCP1	5.257575757575758	2.532355208930679e-33	-0.15225248	1.0
ELF4	4.151515151515151	1.1446109044602285e-169	-0.17520727	1.0
KCND1	5.696969696969697	8.135574001437365e-07	-0.14442971	1.0
MTMR6	15.0	1.0	-0.10108241	1.0
MMP24	8.166666666666666	1.0	-0.12902702	1.0
FSHR	4.2727272727272725	1.2235597067539176e-151	-0.1717298	1.0
SPG20	4.424242424242424	8.234322370316294e-130	-0.16267426	1.0
PCM1	5.5	3.7842004657943047e-16	-0.08189547	1.0
FAF1	3.8636363636363638	5.309754525883307e-214	-0.11097684	1.0
CNGA2	5.03030303030303	1.5255864629947634e-54	-0.12488356	1.0
MAP3K3	3.893939393939394	2.855528363833788e-209	-0.17033862	1.0
DYNC1I2	4.984848484848484	2.5536481937036903e-59	-0.14119065	1.0
RHPN1	5.5606060606060606	8.070067712540837e-13	-0.13032375	1.0
MEX3D	4.954545454545454	1.3430778973097058e-62	-0.13799095	1.0
TMEM57	4.757575757575758	1.4989734955504187e-85	-0.11385553	1.0
MPP4	6.681818181818182	1.0	-0.100435674	1.0
RALBP1	4.106060606060606	1.5042150568912314e-176	-0.12833452	1.0
WNK2	5.151515151515151	1.1784022048920932e-42	0.11931121	1.0
NGLY1	5.651515151515151	1.3838745592303982e-08	-0.1255571	1.0
EFHC1	5.424242424242424	7.304939763549693e-21	-0.07499653	1.0
ODF2L	6.242424242424242	1.0	-0.119968675	1.0
SPTBN1	3.8181818181818183	3.9384120538611244e-221	0.1792597	1.0
DUSP16	3.984848484848485	3.796242806180348e-195	-0.12672184	1.0
XPNPEP1	4.590909090909091	6.15075884339598e-107	-0.10507682	1.0
ABHD16A	6.742424242424242	1.0	-0.1066182	1.0
DBF4	5.409090909090909	7.050991745134946e-22	-0.1665852	1.0
AKAP10	5.757575757575758	8.110867378945913e-05	-0.15218768	1.0
VPS33B	9.0	1.0	-0.09805221	1.0
PLCE1	4.787878787878788	7.589866940626278e-82	0.08805682	1.0
PTPRB	5.106060606060606	5.774871996982557e-47	0.052854434	1.0
GTPBP1	6.409090909090909	1.0	-0.13511945	1.0
MMP15	6.409090909090909	1.0	-0.13511945	1.0
PTH2R	15.0	1.0	-0.08011292	1.0
RRN3	4.893939393939394	2.282999105755518e-69	-0.13897127	1.0
ZNF609	5.151515151515151	1.1784022048920932e-42	0.004971587	1.0
VASN	6.7727272727272725	1.0	-0.1655674	1.0
DIXDC1	4.484848484848484	2.430993042715581e-121	-0.14923322	1.0
SRPK1	4.515151515151516	3.593818462139579e-117	-0.23785804	1.0
ADD3	4.4393939393939394	1.1179237737721773e-127	-0.090777166	1.0
PTPRK	4.030769230769231	4.6121262767503796e-188	-0.048773702	1.0
TRAK1	4.5606060606060606	5.400493616127032e-111	-0.16151541	1.0
RAP1GAP	4.2727272727272725	1.2235597067539176e-151	-0.17292039	1.0
DYNC1I1	5.0	1.0403022436148605e-57	-0.15824534	1.0
THOP1	5.954545454545454	0.4021808346106391	-0.15528452	1.0
FXR2	4.5	2.987526822932176e-119	-0.24865797	1.0
RAD17	4.7272727272727275	2.5869665633246372e-89	-0.19856165	1.0
IL10RA	15.0	1.0	-0.08557859	1.0
THOC5	4.393939393939394	4.1588243918237506e-134	-0.12407789	1.0
ZWILCH	15.0	1.0	-0.041712195	1.0
TRMT1	6.015151515151516	0.9432481883172866	-0.12348601	1.0
LZTS2	4.7272727272727275	2.5869665633246372e-89	-0.16744484	1.0
C8A	8.393939393939394	1.0	-0.107757986	1.0
CRMP1	4.2272727272727275	2.4241998747786866e-158	-0.24364677	1.0
PTPRG	5.712121212121212	2.8086318893086953e-06	0.0049532717	1.0
EPM2AIP1	15.0	1.0	-0.10135737	1.0
TRIM32	5.878787878787879	0.04703166165001248	-0.13043877	1.0
SLCO1A2	5.863636363636363	0.026010289548509757	-0.15568827	1.0
ADCK3	7.333333333333333	1.0	-0.12606329	1.0
ARHGEF4	4.651515151515151	5.700658646082387e-99	-0.13988316	1.0
AMFR	5.621212121212121	6.787535082773471e-10	-0.15384276	1.0
RASGRP3	4.242424242424242	4.2660456775394e-156	-0.12661214	1.0
FOXO3	3.5606060606060606	6.279138206492591e-262	-0.05069717	1.0
TXLNB	6.287878787878788	1.0	-0.15429349	1.0
ADRBK1	4.03030303030303	3.9142803071732094e-188	-0.2268018	1.0
TBC1D17	5.4393939393939394	7.15071135886857e-20	-0.1345019	1.0
ILF3	4.5	2.987526822932176e-119	-0.19022404	1.0
NIN	4.0	8.378388133182956e-193	0.05762607	1.0
CASKIN1	5.075757575757576	6.148878058809979e-50	0.0032758433	1.0
LNX2	4.7727272727272725	1.0830356453634325e-83	-0.13214676	1.0
RGS12	5.2727272727272725	4.464690473874677e-32	-0.05596119	1.0
NINL	4.666666666666667	5.190235199322125e-97	-0.1547836	1.0
CKAP2	4.363636363636363	1.9296931071479538e-138	-0.08865485	1.0
NCOA2	3.621212121212121	2.8697289860358173e-252	-0.119156	1.0
FBXL5	5.863636363636363	0.026010289548509757	-0.12852655	1.0
FEM1A	5.242424242424242	1.363714314520086e-34	-0.12466106	1.0
RAVER2	5.742424242424242	2.8116884309810437e-05	-0.12323868	1.0
KIAA0232	7.393939393939394	1.0	-0.019566586	1.0
MPP5	5.681818181818182	2.220023745055577e-07	-0.1527079	1.0
COL9A3	7.409090909090909	1.0	-0.14577855	1.0
AKAP8	4.2727272727272725	1.2235597067539176e-151	-0.14411369	1.0
NAV1	6.287878787878788	1.0	0.11546457	1.0
NUFIP2	4.333333333333333	8.36973431338001e-143	-0.1271746	1.0
ELL	7.090909090909091	1.0	-0.12517452	1.0
CEP63	5.515151515151516	2.804737320536277e-15	-0.16683316	1.0
DHX58	6.196969696969697	1.0	-0.13676324	1.0
WRN	3.9242424242424243	1.4883845906973111e-204	-0.078668825	1.0
TBR1	6.196969696969697	1.0	-0.100686975	1.0
SYNCRIP	6.333333333333333	1.0	-0.15104277	1.0
RARS	5.545454545454546	1.2939466289206966e-13	-0.14482264	1.0
RAB3GAP2	15.0	1.0	0.015444188	1.0
LRRC4C	15.0	1.0	-0.13100928	1.0
COL1A1	5.651515151515151	1.3838745592303982e-08	-0.1240442	1.0
EDEM1	7.378787878787879	1.0	-0.10908658	1.0
SAMD4B	4.363636363636363	1.9296931071479538e-138	-0.09151701	1.0
P2RX7	15.0	1.0	-0.0960735	1.0
NEO1	5.333333333333333	2.600528747744788e-27	-0.017526876	1.0
TUBGCP4	5.0	1.0403022436148605e-57	-0.19312178	1.0
NEK8	4.484848484848484	2.430993042715581e-121	-0.1142963	1.0
ALOX12	5.545454545454546	1.2939466289206966e-13	-0.142876	1.0
POLA1	4.484848484848484	2.430993042715581e-121	-0.055231687	1.0
NOLC1	3.9393939393939394	3.3887978519689985e-202	-0.13334656	1.0
NKTR	6.106060606060606	1.0	-0.023909159	1.0
RAD54L2	3.878787878787879	1.2284127079251473e-211	0.015179249	1.0
KY	6.2727272727272725	1.0	-0.09181904	1.0
AHRR	4.696969696969697	3.895072545540908e-93	-0.1298255	1.0
MTMR7	15.0	1.0	-0.11377215	1.0
UBQLN4	4.409090909090909	5.914786475214866e-132	-0.27432176	1.0
GMPS	5.090909090909091	1.923470993656941e-48	-0.13604811	1.0
NUP153	4.303030303030303	3.33264627763135e-147	-0.11340753	1.0
SH3BP1	4.181818181818182	4.0396039921142017e-165	-0.082497895	1.0
TRIM9	4.5606060606060606	5.400493616127032e-111	-0.14330284	1.0
GGA3	6.363636363636363	1.0	-0.19596025	1.0
PRDM2	3.9242424242424243	1.4883845906973111e-204	0.02761829	1.0
EXOC5	4.787878787878788	7.589866940626278e-82	-0.16250084	1.0
TMEM214	7.0606060606060606	1.0	-0.14357258	1.0
FZD6	12.712121212121213	1.0	-0.14432931	1.0
CECR2	6.121212121212121	1.0	-0.053574793	1.0
ZNF518A	5.075757575757576	6.148878058809979e-50	-0.021113507	1.0
CRTC2	4.181818181818182	4.0396039921142017e-165	-0.1421914	1.0
HIC1	4.378787878787879	2.851091925485961e-136	-0.13935703	1.0
GEMIN5	5.424242424242424	7.304939763549693e-21	-0.11723585	1.0
ALOX12B	5.136363636363637	4.541988465132742e-44	-0.15064506	1.0
SH2D3C	3.757575757575758	1.1434317634623256e-230	-0.123673774	1.0
BCL9L	4.196969696969697	7.408854155105656e-163	-0.0062708813	1.0
NADSYN1	6.378787878787879	1.0	-0.15057759	1.0
L3MBTL2	5.0606060606060606	1.868647141764226e-51	-0.15680434	1.0
PLK2	5.4393939393939394	7.15071135886857e-20	-0.14192666	1.0
PEG10	5.196969696969697	1.5845634300765288e-38	-0.1646024	1.0
GGCX	8.227272727272727	1.0	-0.19474196	1.0
ACHE	15.0	1.0	-0.10993507	1.0
KIF3A	4.757575757575758	1.4989734955504187e-85	-0.15699744	1.0
PTPRD	4.515151515151516	3.593818462139579e-117	-0.07008277	1.0
SLC9A6	6.257575757575758	1.0	-0.14444171	1.0
ZBTB48	5.196969696969697	1.5845634300765288e-38	-0.15681127	1.0
INTS10	4.378787878787879	2.851091925485961e-136	-0.112309724	1.0
KCNQ1	5.424242424242424	7.304939763549693e-21	-0.15136851	1.0
HIVEP3	5.045454545454546	5.449835677091945e-53	0.07117313	1.0
UVRAG	8.0	1.0	-0.16270998	1.0
SYN1	3.742424242424242	4.647503459395832e-233	-0.14097549	1.0
MRE11A	4.257575757575758	7.351715149052645e-154	-0.18395686	1.0
POLR3E	15.0	1.0	-0.13638021	1.0
NFATC2	3.772727272727273	2.8003122703195513e-228	-0.17055492	1.0
TPR	3.8181818181818183	3.9384120538611244e-221	0.0772582	1.0
TGM2	4.893939393939394	2.282999105755518e-69	-0.18586043	1.0
MAPK6	4.2727272727272725	1.2235597067539176e-151	-0.15387459	1.0
APBB1	4.287878787878788	2.0335762994395374e-149	-0.1845897	1.0
MMP9	6.575757575757576	1.0	-0.22088684	1.0
ZNF263	6.393939393939394	1.0	-0.14240898	1.0
LRCH4	6.575757575757576	1.0	-0.13181582	1.0
C2CD2L	5.333333333333333	2.600528747744788e-27	-0.12161567	1.0
IL1RAPL1	6.136363636363637	1.0	-0.14406344	1.0
BBS2	4.7727272727272725	1.0830356453634325e-83	-0.14926367	1.0
BRD3	5.409090909090909	7.050991745134946e-22	-0.15323825	1.0
SLC15A1	7.863636363636363	1.0	-0.14435263	1.0
HUNK	6.409090909090909	1.0	-0.14753595	1.0
CASC3	5.666666666666667	5.7023465843776827e-08	-0.15794848	1.0
MAD1L1	4.454545454545454	1.4842317088682658e-125	-0.2025096	1.0
ABCB8	5.121212121212121	1.65394062595959e-45	-0.15759407	1.0
DCLRE1C	4.121212121212121	2.993933330416968e-174	-0.12800564	1.0
TBX2	5.409090909090909	7.050991745134946e-22	-0.14713323	1.0
APP	4.545454545454546	4.834723743239444e-113	-0.24130498	1.0
MTIF2	5.0606060606060606	1.868647141764226e-51	-0.14248762	1.0
HMMR	4.090909090909091	7.431731658940583e-179	-0.16605262	1.0
COL10A1	6.742424242424242	1.0	-0.1400177	1.0
ANKRD6	4.757575757575758	1.4989734955504187e-85	-0.15123096	1.0
ZFYVE16	5.075757575757576	6.148878058809979e-50	-0.06007169	1.0
NGEF	5.833333333333333	0.0067181671876451274	-0.14762111	1.0
ZNF408	5.333333333333333	2.600528747744788e-27	-0.19053318	1.0
SRPR	15.0	1.0	-0.021492587	1.0
ZNF334	8.606060606060606	1.0	-0.13329872	1.0
CDC42BPG	4.606060606060606	6.280766027761081e-105	-0.022297148	1.0
EFCAB4B	5.151515151515151	1.1784022048920932e-42	-0.1527569	1.0
ELMO2	5.287878787878788	7.485477606395389e-31	-0.1355386	1.0
SP1	3.4242424242424243	1.1600838694801925e-283	-0.20318654	1.0
MBD5	6.181818181818182	1.0	-0.029413674	1.0
EXOC8	5.257575757575758	2.532355208930679e-33	-0.19086415	1.0
CCNT1	3.8636363636363638	5.309754525883307e-214	-0.20785043	1.0
ZBTB17	3.742424242424242	4.647503459395832e-233	-0.15768541	1.0
DGKA	4.303030303030303	3.33264627763135e-147	-0.1575887	1.0
EEF2K	4.03030303030303	3.9142803071732094e-188	-0.18157391	1.0
NCAPD2	15.0	1.0	0.05734941	1.0
DMWD	8.257575757575758	1.0	-0.12649532	1.0
IL17RD	4.651515151515151	5.700658646082387e-99	-0.14993756	1.0
DPP3	4.5606060606060606	5.400493616127032e-111	-0.17029119	1.0
TRPM2	6.515151515151516	1.0	-0.009696677	1.0
TBK1	4.121212121212121	2.993933330416968e-174	-0.19707805	1.0
RFX2	6.03030303030303	1.0	-0.12699774	1.0
FCRL3	5.242424242424242	1.363714314520086e-34	-0.1288364	1.0
ABCF3	5.5606060606060606	8.070067712540837e-13	-0.15953733	1.0
ABCA2	5.2727272727272725	4.464690473874677e-32	0.059698638	1.0
TF	6.545454545454546	1.0	-0.19392648	1.0
GARS	4.787878787878788	7.589866940626278e-82	-0.17255178	1.0
GNPAT	8.090909090909092	1.0	-0.1359792	1.0
ZBED1	8.181818181818182	1.0	-0.13779736	1.0
IFI16	3.712121212121212	7.49123416449061e-238	-0.14310357	1.0
MAP1B	4.7272727272727275	2.5869665633246372e-89	0.009301205	1.0
TAP2	7.712121212121212	1.0	-0.16743623	1.0
TJP1	5.015151515151516	4.0682418292930166e-56	-0.09429216	1.0
RPS6KA2	3.8181818181818183	3.9384120538611244e-221	-0.1426859	1.0
EPB41	4.333333333333333	8.36973431338001e-143	-0.22177257	1.0
RFX3	6.03030303030303	1.0	-0.12927935	1.0
DVL2	4.303030303030303	3.33264627763135e-147	-0.24470492	1.0
ZNF219	5.924242424242424	0.19929500119739843	-0.1390768	1.0
DTL	5.7727272727272725	0.0002205579338264052	-0.15120712	1.0
SKI	3.8181818181818183	3.9384120538611244e-221	-0.11982238	1.0
NLN	7.96969696969697	1.0	-0.14134613	1.0
PSD	7.212121212121212	1.0	-0.12327093	1.0
SGSM3	4.575757575757576	5.853914984634287e-109	-0.15552889	1.0
EVPL	10.030303030303031	1.0	-0.011949563	1.0
TXNRD1	15.0	1.0	-0.10823614	1.0
MFN1	5.621212121212121	6.787535082773471e-10	-0.15059757	1.0
DOT1L	6.075757575757576	1.0	-0.058484208	1.0
KHSRP	8.227272727272727	1.0	-0.15500183	1.0
F13A1	7.318181818181818	1.0	-0.1995299	1.0
ARHGAP24	4.833333333333333	2.107807229110395e-76	-0.15128383	1.0
SYNM	7.2272727272727275	1.0	-0.061927825	1.0
EXOC3	5.0606060606060606	1.868647141764226e-51	-0.17538124	1.0
LNX1	4.515151515151516	3.593818462139579e-117	-0.25589344	1.0
CTNNAL1	4.651515151515151	5.700658646082387e-99	-0.14533901	1.0
RAVER1	4.96969696969697	5.9836842956166486e-61	-0.16822931	1.0
ATP7A	7.666666666666667	1.0	-0.04780207	1.0
RABL6	5.075757575757576	6.148878058809979e-50	-0.14875291	1.0
RPS6KA3	3.4696969696969697	2.109479024419971e-276	-0.1506719	1.0
LRRN4	5.4393939393939394	7.15071135886857e-20	-0.13215423	1.0
SIX5	4.424242424242424	8.234322370316294e-130	-0.14323252	1.0
COMP	7.075757575757576	1.0	-0.18619445	1.0
ITCH	4.4393939393939394	1.1179237737721773e-127	-0.20476304	1.0
FZD8	11.712121212121213	1.0	-0.13879907	1.0
RB1CC1	4.712121212121212	3.234126539505369e-91	-0.030321432	1.0
PRKRIR	4.53030303030303	4.226910827537424e-115	-0.1854331	1.0
RASGRP1	4.863636363636363	7.461555813357348e-73	-0.1671781	1.0
LPHN1	5.03030303030303	1.5255864629947634e-54	0.007173055	1.0
DTX3L	5.136363636363637	4.541988465132742e-44	-0.17769957	1.0
SLIT1	6.2272727272727275	1.0	-0.026397988	1.0
SUSD1	5.075757575757576	6.148878058809979e-50	-0.14315437	1.0
FAM48A	4.121212121212121	2.993933330416968e-174	-0.10946323	1.0
PKP1	5.484848484848484	4.837331664837387e-17	-0.16217232	1.0
HIVEP2	7.545454545454546	1.0	0.06880143	1.0
ANKZF1	6.787878787878788	1.0	-0.16160595	1.0
NVL	5.181818181818182	6.9932454275569265e-40	-0.16309285	1.0
TCEB3B	4.984848484848484	2.5536481937036903e-59	-0.21039058	1.0
DZANK1	6.196969696969697	1.0	-0.139114	1.0
CHUK	3.3636363636363638	2.4699394528442936e-293	-0.17314057	1.0
PPIG	4.348484848484849	1.2952202012909316e-140	-0.15603042	1.0
TRIM46	15.0	1.0	-0.14125653	1.0
SLC26A6	7.848484848484849	1.0	-0.13698202	1.0
SNRK	4.196969696969697	7.408854155105656e-163	-0.1421818	1.0
PNN	5.015151515151516	4.0682418292930166e-56	-0.17883296	1.0
MYO9A	4.666666666666667	5.190235199322125e-97	0.030426748	1.0
DVL3	4.424242424242424	8.234322370316294e-130	-0.20880952	1.0
NSF	6.7272727272727275	1.0	-0.18055752	1.0
CNOT10	9.424242424242424	1.0	-0.15891139	1.0
MYCBP2	3.8181818181818183	3.9384120538611244e-221	0.2040675	0.33752369698525425
SEMA3B	7.106060606060606	1.0	-0.17288223	1.0
MOGS	5.757575757575758	8.110867378945913e-05	-0.14486709	1.0
IKBKB	3.5606060606060606	6.279138206492591e-262	-0.18370876	1.0
MIB2	5.454545454545454	6.638801559632507e-19	-0.15489759	1.0
C2orf44	8.090909090909092	1.0	-0.14244024	1.0
DNM1L	9.030303030303031	1.0	-0.14205337	1.0
HTATSF1	5.0	1.0403022436148605e-57	-0.1994327	1.0
ANAPC5	4.454545454545454	1.4842317088682658e-125	-0.13300069	1.0
MAGED4B	6.181818181818182	1.0	-0.15222092	1.0
TOP2B	3.6363636363636362	7.240515644060204e-250	-0.07466031	1.0
TLE4	4.575757575757576	5.853914984634287e-109	-0.17641738	1.0
LHCGR	6.409090909090909	1.0	-0.16837688	1.0
NSD1	3.8333333333333335	9.335542196331431e-219	0.12884226	1.0
FAP	7.015151515151516	1.0	-0.1761388	1.0
USP9Y	4.545454545454546	4.834723743239444e-113	0.04880295	1.0
FLNA	4.015151515151516	1.8150337481646768e-190	-0.10182618	1.0
NELL1	5.242424242424242	1.363714314520086e-34	-0.14715743	1.0
CHD8	4.196969696969697	7.408854155105656e-163	0.03183278	1.0
BAI1	5.53030303030303	1.9631201286694676e-14	-0.05376596	1.0
FGD4	4.848484848484849	1.2797706148193189e-74	-0.13419275	1.0
RPS6KA4	3.757575757575758	1.1434317634623256e-230	-0.12457495	1.0
CHPF	6.257575757575758	1.0	-0.16545	1.0
ABCD1	10.166666666666666	1.0	-0.17470463	1.0
SLC26A3	6.090909090909091	1.0	-0.14388524	1.0
SHROOM2	4.363636363636363	1.9296931071479538e-138	-0.020362929	1.0
LRP3	6.484848484848484	1.0	-0.16807781	1.0
FLNB	5.0	1.0403022436148605e-57	0.018978648	1.0
PCSK4	7.53030303030303	1.0	-0.1534561	1.0
RANBP9	4.0	8.378388133182956e-193	-0.19861233	1.0
PDZD4	6.196969696969697	1.0	-0.14219464	1.0
EIF4G1	4.803030303030303	5.12655010797389e-80	-0.13160133	1.0
RRP1B	7.0606060606060606	1.0	-0.1600358	1.0
BRSK1	4.2727272727272725	1.2235597067539176e-151	-0.16052768	1.0
STIM2	5.424242424242424	7.304939763549693e-21	-0.14890052	1.0
PLCD1	4.984848484848484	2.5536481937036903e-59	-0.19364782	1.0
TTC28	15.0	1.0	0.06606996	1.0
ABCC8	15.0	1.0	-0.06233633	1.0
MID2	6.5	1.0	-0.15894996	1.0
SV2A	7.181818181818182	1.0	-0.12675561	1.0
HECTD1	4.363636363636363	1.9296931071479538e-138	0.030484242	1.0
CUL5	3.9393939393939394	3.3887978519689985e-202	-0.21221086	1.0
PHEX	7.53030303030303	1.0	-0.15457892	1.0
PTPN22	4.257575757575758	7.351715149052645e-154	-0.09460965	1.0
USP1	4.46969696969697	1.931907190857211e-123	-0.15643899	1.0
CDK11A	4.303030303030303	3.33264627763135e-147	-0.19460133	1.0
RFX4	7.03030303030303	1.0	-0.11818413	1.0
SATB1	4.106060606060606	1.5042150568912314e-176	-0.14581765	1.0
DDX21	4.363636363636363	1.9296931071479538e-138	-0.13373291	1.0
ZNF41	4.015151515151516	1.8150337481646768e-190	-0.1262815	1.0
KIFAP3	4.575757575757576	5.853914984634287e-109	-0.2198309	1.0
E4F1	3.9242424242424243	1.4883845906973111e-204	-0.16586521	1.0
MFN2	8.378787878787879	1.0	-0.1638243	1.0
DLG1	4.893939393939394	2.282999105755518e-69	-0.23154645	1.0
SIK1	4.378787878787879	2.851091925485961e-136	-0.1599648	1.0
EPG5	5.075757575757576	6.148878058809979e-50	0.03952705	1.0
GPD2	15.0	1.0	-0.14051746	1.0
COG2	15.0	1.0	-0.14048341	1.0
ZNF585B	7.045454545454546	1.0	-0.1390089	1.0
TEP1	3.590909090909091	4.482079897318998e-257	0.018640315	1.0
STAT5A	3.6666666666666665	4.818447051986087e-245	-0.1676036	1.0
LRRFIP2	5.696969696969697	8.135574001437365e-07	-0.06241823	1.0
MAATS1	6.5606060606060606	1.0	-0.16056621	1.0
ACO2	5.090909090909091	1.923470993656941e-48	-0.15395078	1.0
PLCD3	4.803030303030303	5.12655010797389e-80	-0.14649437	1.0
PCSK7	5.484848484848484	4.837331664837387e-17	-0.17557752	1.0
AMOTL2	5.196969696969697	1.5845634300765288e-38	-0.2094275	1.0
CAPN1	5.075757575757576	6.148878058809979e-50	-0.17510939	1.0
PFKP	5.2727272727272725	4.464690473874677e-32	-0.15517582	1.0
BAI2	4.863636363636363	7.461555813357348e-73	-0.024766391	1.0
TFRC	8.424242424242424	1.0	-0.15776037	1.0
MARK3	5.606060606060606	1.3777219093908933e-10	-0.17572622	1.0
ITGB3	4.545454545454546	4.834723743239444e-113	-0.21064049	1.0
CEL	11.045454545454545	1.0	-0.15477812	1.0
SEMA4A	6.409090909090909	1.0	-0.14479703	1.0
CTTNBP2	5.045454545454546	5.449835677091945e-53	-0.047222722	1.0
NEB	5.545454545454546	1.2939466289206966e-13	-0.18109742	1.0
REPS1	4.590909090909091	6.15075884339598e-107	-0.16472666	1.0
DAZ1	15.0	1.0	-0.17651336	1.0
COL4A1	7.0606060606060606	1.0	-0.15128794	1.0
SCNN1D	6.106060606060606	1.0	-0.17739058	1.0
SIGLEC1	5.045454545454546	5.449835677091945e-53	-0.081685595	1.0
ENGASE	15.0	1.0	-0.13617541	1.0
ANKRD11	4.46969696969697	1.931907190857211e-123	0.01648463	1.0
TNFAIP3	3.9393939393939394	3.3887978519689985e-202	-0.1606958	1.0
LTK	4.348484848484849	1.2952202012909316e-140	-0.1524467	1.0
RSBN1	4.590909090909091	6.15075884339598e-107	-0.13919649	1.0
COL4A4	7.318181818181818	1.0	-0.121302694	1.0
PCDHA4	4.621212121212121	6.241076737412368e-103	-0.17185245	1.0
TSHR	5.409090909090909	7.050991745134946e-22	-0.21460254	1.0
PTPN23	7.0	1.0	-0.057199165	1.0
RB1	3.393939393939394	1.6648819910612663e-288	-0.22653662	1.0
CHD1	4.2727272727272725	1.2235597067539176e-151	-0.09223876	1.0
HNRNPU	3.9696969696969697	1.7009092593290584e-197	-0.16895752	1.0
PPP1R12C	5.151515151515151	1.1784022048920932e-42	-0.17876258	1.0
SHPRH	5.045454545454546	5.449835677091945e-53	-0.08900331	1.0
HID1	4.833333333333333	2.107807229110395e-76	-0.1601961	1.0
PIK3AP1	4.606060606060606	6.280766027761081e-105	-0.1264592	1.0
CDH15	4.96969696969697	5.9836842956166486e-61	-0.18661226	1.0
ZP2	15.0	1.0	-0.15227267	1.0
KIRREL3	6.181818181818182	1.0	-0.15062046	1.0
SEC23B	7.5606060606060606	1.0	-0.15169059	1.0
ASCC2	4.545454545454546	4.834723743239444e-113	-0.21933578	1.0
LRSAM1	7.242424242424242	1.0	-0.14684919	1.0
MAPK7	3.878787878787879	1.2284127079251473e-211	-0.20536573	1.0
PLAA	4.848484848484849	1.2797706148193189e-74	-0.18059295	1.0
NCBP1	5.575757575757576	4.742374516777844e-12	-0.20702952	1.0
USP54	4.878787878787879	4.201267031456755e-71	-0.05880252	1.0
SMURF1	3.787878787878788	6.691875806829089e-226	-0.25395355	1.0
PKP3	5.196969696969697	1.5845634300765288e-38	-0.17972371	1.0
AFAP1	4.03030303030303	3.9142803071732094e-188	-0.108815245	1.0
CDH9	15.0	1.0	-0.18774176	1.0
COL4A2	7.075757575757576	1.0	-0.13390052	1.0
EIF3B	5.7272727272727275	9.160567380971782e-06	-0.19396421	1.0
SHANK3	5.363636363636363	4.575487144392107e-25	-0.083202705	1.0
RBM5	5.045454545454546	5.449835677091945e-53	-0.1487923	1.0
EVI5L	6.53030303030303	1.0	-0.1554792	1.0
CDH6	15.0	1.0	-0.19351363	1.0
PDE5A	4.303030303030303	3.33264627763135e-147	-0.16164055	1.0
ZFYVE20	6.181818181818182	1.0	-0.19271614	1.0
KIFC3	5.181818181818182	6.9932454275569265e-40	-0.17586589	1.0
MCM8	5.515151515151516	2.804737320536277e-15	-0.17572507	1.0
ITPR1	4.575757575757576	5.853914984634287e-109	-0.094184324	1.0
TBL3	5.212121212121212	3.4266830986446446e-37	-0.18240738	1.0
LRP5	12.712121212121213	1.0	-0.08854714	1.0
FAM193B	5.045454545454546	5.449835677091945e-53	-0.1618809	1.0
WDR24	6.2727272727272725	1.0	-0.15717505	1.0
TFR2	7.53030303030303	1.0	-0.17221455	1.0
NRAP	4.787878787878788	7.589866940626278e-82	-0.08379955	1.0
TRRAP	3.8615384615384616	2.630959538683699e-214	0.01157117	1.0
BCL11A	4.742424242424242	2.0112480802320904e-87	-0.17256305	1.0
KIF3C	5.757575757575758	8.110867378945913e-05	-0.13276508	1.0
RASA3	4.545454545454546	4.834723743239444e-113	-0.16842492	1.0
MAP4K1	4.212121212121212	1.3452563711804457e-160	-0.14066899	1.0
LRP6	12.712121212121213	1.0	-0.085431695	1.0
ADAM17	5.181818181818182	6.9932454275569265e-40	-0.19834249	1.0
FER	3.787878787878788	6.691875806829089e-226	-0.13418406	1.0
NPAS2	4.106060606060606	1.5042150568912314e-176	-0.11265332	1.0
ZNF484	4.757575757575758	1.4989734955504187e-85	-0.14655218	1.0
EXOC6B	5.909090909090909	0.1300519624973496	-0.15384732	1.0
PPP1R9B	4.863636363636363	7.461555813357348e-73	-0.21687745	1.0
TACC3	4.484848484848484	2.430993042715581e-121	-0.19385803	1.0
SPON1	5.545454545454546	1.2939466289206966e-13	-0.1428572	1.0
MEP1A	7.5606060606060606	1.0	-0.1637451	1.0
ARHGEF15	3.984848484848485	3.796242806180348e-195	-0.19091402	1.0
RINT1	5.590909090909091	2.632737875380154e-11	-0.1275537	1.0
NLGN1	5.681818181818182	2.220023745055577e-07	-0.16831845	1.0
TAOK1	4.878787878787879	4.201267031456755e-71	-0.19711412	1.0
TRPV2	9.333333333333334	1.0	-0.14108501	1.0
SRRM2	4.212121212121212	1.3452563711804457e-160	0.019614404	1.0
ELAC2	5.318181818181818	1.8111998406309878e-28	-0.15083632	1.0
QARS	6.242424242424242	1.0	-0.1766406	1.0
CRNKL1	4.2272727272727275	2.4241998747786866e-158	-0.17632711	1.0
EPC1	5.2272727272727275	7.038927224180759e-36	-0.17466807	1.0
CACNA1B	6.636363636363637	1.0	0.028390093	1.0
STRN4	5.7727272727272725	0.0002205579338264052	-0.17561251	1.0
NLGN2	5.681818181818182	2.220023745055577e-07	-0.17647958	1.0
ZNF142	15.0	1.0	-0.077838324	1.0
TCEB3	6.681818181818182	1.0	-0.13931417	1.0
DNMT3B	4.196969696969697	7.408854155105656e-163	-0.19746418	1.0
RXFP2	15.0	1.0	-0.13284625	1.0
SMPD4	7.2272727272727275	1.0	-0.15817256	1.0
GRIPAP1	3.8333333333333335	9.335542196331431e-219	-0.14604639	1.0
NLGN3	5.621212121212121	6.787535082773471e-10	-0.18772107	1.0
TAP1	8.712121212121213	1.0	-0.16949795	1.0
KIF6	6.2727272727272725	1.0	-0.15991734	1.0
MAP1A	4.893939393939394	2.282999105755518e-69	-0.0256364	1.0
KCTD3	7.878787878787879	1.0	-0.16273956	1.0
APBA1	5.196969696969697	1.5845634300765288e-38	-0.19012217	1.0
ADAM15	4.106060606060606	1.5042150568912314e-176	-0.19009016	1.0
LZTR1	5.196969696969697	1.5845634300765288e-38	-0.15356208	1.0
MATR3	4.7272727272727275	2.5869665633246372e-89	-0.18901576	1.0
PRICKLE2	4.803030303030303	5.12655010797389e-80	-0.15883961	1.0
MAP7D1	4.818181818181818	3.3485901111930753e-78	-0.1507603	1.0
COL14A1	6.106060606060606	1.0	-0.10049216	1.0
TTC27	4.484848484848484	2.430993042715581e-121	-0.1524749	1.0
WDR44	7.015151515151516	1.0	-0.17689829	1.0
MUSK	15.0	1.0	-0.15961783	1.0
DSC1	5.106060606060606	5.774871996982557e-47	-0.18176267	1.0
MCM3	4.5606060606060606	5.400493616127032e-111	-0.2218647	1.0
GTF3C4	4.893939393939394	2.282999105755518e-69	-0.2026821	1.0
MAP3K11	3.8333333333333335	9.335542196331431e-219	-0.19093013	1.0
NIPBL	5.818181818181818	0.0031247077582926205	-0.011368613	1.0
CLOCK	5.348484848484849	3.543656868901738e-26	-0.17833221	1.0
SART1	8.075757575757576	1.0	-0.16125703	1.0
RALGDS	4.196969696969697	7.408854155105656e-163	-0.22800736	1.0
VAV3	4.181818181818182	4.0396039921142017e-165	-0.1332117	1.0
PARP9	6.136363636363637	1.0	-0.13934027	1.0
EEF2	3.787878787878788	6.691875806829089e-226	-0.20584124	1.0
DNM3	5.045454545454546	5.449835677091945e-53	-0.17530665	1.0
MSH5	7.166666666666667	1.0	-0.1663766	1.0
ACAP3	6.212121212121212	1.0	-0.17611004	1.0
ATP6V0A2	5.333333333333333	2.600528747744788e-27	-0.16437586	1.0
OSBPL3	4.212121212121212	1.3452563711804457e-160	-0.11850927	1.0
ITGB4	3.9545454545454546	7.665781365813323e-200	-0.08301951	1.0
ADAMTS4	8.015151515151516	1.0	-0.16995543	1.0
MICALL1	4.212121212121212	1.3452563711804457e-160	-0.1467917	1.0
RBBP8	3.8333333333333335	9.335542196331431e-219	-0.19393598	1.0
FURIN	15.0	1.0	-0.1734111	1.0
GTF3C3	4.53030303030303	4.226910827537424e-115	-0.19087736	1.0
MCM4	4.606060606060606	6.280766027761081e-105	-0.19466673	1.0
HMGCR	4.515151515151516	3.593818462139579e-117	-0.19309156	1.0
RASA4	15.0	1.0	-0.17536731	1.0
COG3	15.0	1.0	-0.15871276	1.0
KIF13B	5.666666666666667	5.7023465843776827e-08	-0.06834098	1.0
DOCK1	4.545454545454546	4.834723743239444e-113	-0.10620662	1.0
IFT172	7.53030303030303	1.0	-0.087943934	1.0
SIPA1L1	6.636363636363637	1.0	-0.08477866	1.0
PDCD11	4.318181818181818	5.3259981484645446e-145	-0.08559042	1.0
SHANK2	5.333333333333333	2.600528747744788e-27	-0.07085546	1.0
KCNH2	5.4393939393939394	7.15071135886857e-20	-0.18293202	1.0
DCAF6	3.6818181818181817	1.1853923178705118e-242	-0.11034388	1.0
KDM1A	4.666666666666667	5.190235199322125e-97	-0.19019066	1.0
ATG9A	5.257575757575758	2.532355208930679e-33	-0.11336286	1.0
NFKB2	3.8333333333333335	9.335542196331431e-219	-0.21912949	1.0
DZIP1	15.0	1.0	-0.16649583	1.0
USP13	5.7727272727272725	0.0002205579338264052	-0.20153475	1.0
TYRO3	4.2727272727272725	1.2235597067539176e-151	-0.14363918	1.0
AGAP1	5.454545454545454	6.638801559632507e-19	-0.18215644	1.0
PHIP	6.393939393939394	1.0	-0.10980671	1.0
FCHO1	4.287878787878788	2.0335762994395374e-149	-0.1636959	1.0
TLR3	5.0	1.0403022436148605e-57	-0.19531254	1.0
MYRIP	6.121212121212121	1.0	-0.1463046	1.0
GPRASP2	6.621212121212121	1.0	-0.18167593	1.0
EXOC1	5.909090909090909	0.1300519624973496	-0.16031802	1.0
DSC3	4.196969696969697	7.408854155105656e-163	-0.17585278	1.0
BAZ2A	4.378787878787879	2.851091925485961e-136	-0.10174698	1.0
BSN	6.515151515151516	1.0	0.10131809	1.0
TRPV1	8.333333333333334	1.0	-0.14233148	1.0
SND1	4.0	8.378388133182956e-193	-0.19755012	1.0
AKAP11	4.196969696969697	7.408854155105656e-163	-0.12939076	1.0
ZFP106	4.803030303030303	5.12655010797389e-80	-0.081952125	1.0
DNAJC6	4.9393939393939394	2.8876096295366594e-64	-0.17165023	1.0
MORC4	4.803030303030303	5.12655010797389e-80	-0.15733746	1.0
SAFB	4.515151515151516	3.593818462139579e-117	-0.21748292	1.0
ICAM5	4.636363636363637	6.063285131315225e-101	-0.20537515	1.0
ACTN4	4.575757575757576	5.853914984634287e-109	-0.22227947	1.0
FRYL	4.242424242424242	4.2660456775394e-156	-0.017329447	1.0
WFS1	6.2272727272727275	1.0	-0.17397264	1.0
FAM115A	5.106060606060606	5.774871996982557e-47	-0.18820156	1.0
TAOK3	4.96969696969697	5.9836842956166486e-61	-0.14635782	1.0
TRAK2	5.651515151515151	1.3838745592303982e-08	-0.17994496	1.0
ESYT2	6.5	1.0	-0.16821943	1.0
MAP3K14	4.045454545454546	8.293864890908537e-186	-0.23773842	1.0
PSMD1	4.242424242424242	4.2660456775394e-156	-0.17319548	1.0
CASK	5.196969696969697	1.5845634300765288e-38	-0.21865155	1.0
FAM120B	5.045454545454546	5.449835677091945e-53	-0.14482073	1.0
PLK4	4.0	8.378388133182956e-193	-0.16800731	1.0
ANK1	6.492307692307692	1.0	-0.13274024	1.0
WWP1	4.287878787878788	2.0335762994395374e-149	-0.19943115	1.0
CLCA1	4.954545454545454	1.3430778973097058e-62	-0.17558374	1.0
NEFM	5.03030303030303	1.5255864629947634e-54	-0.17110826	1.0
TRPC3	5.121212121212121	1.65394062595959e-45	-0.20017572	1.0
ENPP1	4.666666666666667	5.190235199322125e-97	-0.15284513	1.0
SLC8A1	4.151515151515151	1.1446109044602285e-169	-0.16409706	1.0
MYH7	5.545454545454546	1.2939466289206966e-13	-0.120178424	1.0
SCN5A	4.909090909090909	1.1939958588792523e-67	-0.12805195	1.0
PRPF6	3.803030303030303	1.6541955466014821e-223	-0.18284053	1.0
TJP3	6.015151515151516	0.9432481883172866	-0.19896919	1.0
AP2A2	4.575757575757576	5.853914984634287e-109	-0.20978291	1.0
HK2	5.878787878787879	0.04703166165001248	-0.16724224	1.0
PKD1	3.8181818181818183	3.9384120538611244e-221	0.014310668	1.0
DAG1	6.787878787878788	1.0	-0.18819657	1.0
TEX10	4.893939393939394	2.282999105755518e-69	-0.15661468	1.0
TRIO	4.454545454545454	1.4842317088682658e-125	-0.02748146	1.0
KCNB1	15.0	1.0	-0.20294999	1.0
ERAP1	4.666666666666667	5.190235199322125e-97	-0.18089023	1.0
PPP4R1	4.636363636363637	6.063285131315225e-101	-0.17616463	1.0
C17orf70	10.727272727272727	1.0	-0.16951112	1.0
NCOA7	3.984848484848485	3.796242806180348e-195	-0.15034378	1.0
EIF3C	5.863636363636363	0.026010289548509757	-0.21412204	1.0
RASIP1	4.696969696969697	3.895072545540908e-93	-0.20430815	1.0
GANAB	5.2272727272727275	7.038927224180759e-36	-0.20176588	1.0
TMEM67	8.0	1.0	-0.1776855	1.0
ZNF638	5.106060606060606	5.774871996982557e-47	-0.12235153	1.0
AP1B1	4.696969696969697	3.895072545540908e-93	-0.21040058	1.0
PWP2	8.0	1.0	-0.17191502	1.0
PPP1R12A	4.242424242424242	4.2660456775394e-156	-0.17107397	1.0
TRPC6	6.106060606060606	1.0	-0.17738783	1.0
SCN8A	6.121212121212121	1.0	-0.123420164	1.0
ZNRF3	6.196969696969697	1.0	-0.15907165	1.0
PPP6R2	5.151515151515151	1.1784022048920932e-42	-0.15580845	1.0
PPP1R10	4.515151515151516	3.593818462139579e-117	-0.15780237	1.0
GLIS3	5.924242424242424	0.19929500119739843	-0.16397467	1.0
C6	11.151515151515152	1.0	-0.18876798	1.0
NOTCH4	3.9242424242424243	1.4883845906973111e-204	-0.12279069	1.0
MAP3K13	4.515151515151516	3.593818462139579e-117	-0.19213206	1.0
SYNPO	5.287878787878788	7.485477606395389e-31	-0.1542314	1.0
CHTF18	4.863636363636363	7.461555813357348e-73	-0.19106495	1.0
MATN2	6.651515151515151	1.0	-0.21075228	1.0
GRIK4	6.212121212121212	1.0	-0.17652708	1.0
ZFC3H1	5.348484848484849	3.543656868901738e-26	-0.09832214	1.0
GABBR2	5.712121212121212	2.8086318893086953e-06	-0.19309463	1.0
NEDD4L	5.0606060606060606	1.868647141764226e-51	-0.21484524	1.0
GMIP	4.924242424242424	5.985953570968111e-66	-0.18024974	1.0
DLGAP2	5.651515151515151	1.3838745592303982e-08	-0.19854319	1.0
PRPF40A	4.424242424242424	8.234322370316294e-130	-0.24776424	1.0
PCSK6	5.212121212121212	3.4266830986446446e-37	-0.087121546	1.0
ERC2	5.515151515151516	2.804737320536277e-15	-0.17657521	1.0
CEP350	5.909090909090909	0.1300519624973496	-0.023608899	1.0
EPHA2	4.303030303030303	3.33264627763135e-147	-0.21158625	1.0
CLCA2	4.954545454545454	1.3430778973097058e-62	-0.14184877	1.0
HELZ	8.045454545454545	1.0	-0.0878812	1.0
ERN1	4.166666666666667	2.1673241151360944e-167	-0.19400994	1.0
NR3C2	3.712121212121212	7.49123416449061e-238	-0.18870132	1.0
USO1	5.363636363636363	4.575487144392107e-25	-0.21321219	1.0
DLGAP3	4.666666666666667	5.190235199322125e-97	-0.1703879	1.0
MPDZ	5.4393939393939394	7.15071135886857e-20	-0.14775242	1.0
HK3	15.0	1.0	-0.17910631	1.0
ARHGEF2	3.9242424242424243	1.4883845906973111e-204	-0.14823999	1.0
DHX16	5.348484848484849	3.543656868901738e-26	-0.18499044	1.0
RNF111	3.984848484848485	3.796242806180348e-195	-0.17837065	1.0
TTC3	5.075757575757576	6.148878058809979e-50	-0.09752441	1.0
EPHA4	5.2272727272727275	7.038927224180759e-36	-0.21935473	1.0
ZFPM1	4.393939393939394	4.1588243918237506e-134	-0.19892898	1.0
PARG	4.348484848484849	1.2952202012909316e-140	-0.15159492	1.0
EIF4ENIF1	5.303030303030303	1.1955487594189794e-29	-0.21162657	1.0
RECK	7.575757575757576	1.0	-0.15022646	1.0
MIB1	4.621212121212121	6.241076737412368e-103	-0.19923759	1.0
NUP214	4.878787878787879	4.201267031456755e-71	-0.15747745	1.0
EPHB3	4.7727272727272725	1.0830356453634325e-83	-0.17131771	1.0
INTS4	7.393939393939394	1.0	-0.17187995	1.0
PLCL2	4.515151515151516	3.593818462139579e-117	-0.19327126	1.0
AARS	6.075757575757576	1.0	-0.17445135	1.0
MERTK	4.424242424242424	8.234322370316294e-130	-0.17480604	1.0
PEX6	5.075757575757576	6.148878058809979e-50	-0.1965797	1.0
DOCK9	4.757575757575758	1.4989734955504187e-85	-0.09281251	1.0
ARHGAP4	5.2727272727272725	4.464690473874677e-32	-0.17150158	1.0
R3HDM2	5.151515151515151	1.1784022048920932e-42	-0.15911002	1.0
AARS2	6.2272727272727275	1.0	-0.16940092	1.0
SRCAP	4.257575757575758	7.351715149052645e-154	-0.025899222	1.0
MYH9	5.363636363636363	4.575487144392107e-25	-0.08513343	1.0
CARD14	5.151515151515151	1.1784022048920932e-42	-0.19701248	1.0
ITGA9	4.454545454545454	1.4842317088682658e-125	-0.21223965	1.0
PHC1	5.287878787878788	7.485477606395389e-31	-0.22277778	1.0
PKD2	15.0	1.0	-0.17777458	1.0
COL6A1	6.0606060606060606	1.0	-0.20102952	1.0
SEMA6A	4.984848484848484	2.5536481937036903e-59	-0.19819781	1.0
KIF5A	4.515151515151516	3.593818462139579e-117	-0.19990292	1.0
TMEM132A	4.287878787878788	2.0335762994395374e-149	-0.19917406	1.0
MMS19	3.984848484848485	3.796242806180348e-195	-0.17423058	1.0
ITGA2B	5.454545454545454	6.638801559632507e-19	-0.21801797	1.0
SKIV2L2	6.757575757575758	1.0	-0.23718558	1.0
TNK2	3.9696969696969697	1.7009092593290584e-197	-0.23522115	1.0
IGHMBP2	7.878787878787879	1.0	-0.17815991	1.0
NCAPG	5.0	1.0403022436148605e-57	-0.171242	1.0
ITGAV	5.045454545454546	5.449835677091945e-53	-0.24660076	1.0
PIK3CD	4.712121212121212	3.234126539505369e-91	-0.22207823	1.0
RAG1	4.46969696969697	1.931907190857211e-123	-0.19849119	1.0
KIAA2026	5.151515151515151	1.1784022048920932e-42	-0.09791315	1.0
SNX19	8.121212121212121	1.0	-0.16029775	1.0
MAN2B1	4.757575757575758	1.4989734955504187e-85	-0.16183689	1.0
KCNH1	15.0	1.0	-0.18630502	1.0
BUB1B	4.666666666666667	5.190235199322125e-97	-0.22816223	1.0
RBL1	3.8333333333333335	9.335542196331431e-219	-0.22966982	1.0
MPHOSPH9	5.242424242424242	1.363714314520086e-34	-0.17856874	1.0
GRIN3B	5.287878787878788	7.485477606395389e-31	-0.1809127	1.0
ITGA8	6.363636363636363	1.0	-0.21447045	1.0
GOLGB1	5.803030303030303	0.0013690958295525335	-0.08544731	1.0
NUMA1	5.909090909090909	0.1300519624973496	-0.098249465	1.0
CEBPZ	3.9545454545454546	7.665781365813323e-200	-0.19649151	1.0
HERC6	6.803030303030303	1.0	-0.1319547	1.0
SMARCA1	5.363636363636363	4.575487144392107e-25	-0.18207656	1.0
SUPT16H	5.5606060606060606	8.070067712540837e-13	-0.19338194	1.0
C15orf39	5.575757575757576	4.742374516777844e-12	-0.17782564	1.0
SIPA1	4.9393939393939394	2.8876096295366594e-64	-0.17705195	1.0
ATP2A3	4.5	2.987526822932176e-119	-0.16165642	1.0
MPRIP	4.166666666666667	2.1673241151360944e-167	-0.16158833	1.0
SGSM2	5.363636363636363	4.575487144392107e-25	-0.22300681	1.0
AP3B2	4.348484848484849	1.2952202012909316e-140	-0.20876561	1.0
PAXIP1	4.424242424242424	8.234322370316294e-130	-0.21484521	1.0
POP1	15.0	1.0	-0.22373246	1.0
MYO7A	7.121212121212121	1.0	-0.12745975	1.0
ADAMTSL4	5.166666666666667	2.93824026063579e-41	-0.22737592	1.0
GRIP1	4.075757575757576	3.621754795530252e-181	-0.1804555	1.0
ZBTB11	4.878787878787879	4.201267031456755e-71	-0.16156952	1.0
BUB1	4.242424242424242	4.2660456775394e-156	-0.19969681	1.0
HIRA	5.893939393939394	0.08040728585071569	-0.20573716	1.0
RNF31	4.863636363636363	7.461555813357348e-73	-0.201458	1.0
FRMD4B	7.196969696969697	1.0	-0.18033366	1.0
PARD3B	4.333333333333333	8.36973431338001e-143	-0.20071648	1.0
HDAC5	4.075757575757576	3.621754795530252e-181	-0.23593709	1.0
MYO1C	5.833333333333333	0.0067181671876451274	-0.16905077	1.0
HELB	5.333333333333333	2.600528747744788e-27	-0.18745458	1.0
ADCY7	4.378787878787879	2.851091925485961e-136	-0.16093166	1.0
CP	15.0	1.0	-0.18814765	1.0
CACNA1E	4.515151515151516	3.593818462139579e-117	-0.10707396	1.0
GRIN3A	4.757575757575758	1.4989734955504187e-85	-0.19838043	1.0
SH3PXD2A	4.257575757575758	7.351715149052645e-154	-0.18390343	1.0
RET	3.9242424242424243	1.4883845906973111e-204	-0.1971999	1.0
GOLGA4	7.424242424242424	1.0	-0.12881926	1.0
GSE1	6.181818181818182	1.0	-0.19930756	1.0
CASC5	6.484848484848484	1.0	-0.14628226	1.0
PCDH8	5.409090909090909	7.050991745134946e-22	-0.16173038	1.0
MCF2L	4.590909090909091	6.15075884339598e-107	-0.1820147	1.0
DAB2IP	4.5	2.987526822932176e-119	-0.19757973	1.0
TMCO7	7.9393939393939394	1.0	-0.17271273	1.0
KNTC1	15.0	1.0	-0.08917739	1.0
GRIP2	5.318181818181818	1.8111998406309878e-28	-0.20739247	1.0
PELP1	3.6818181818181817	1.1853923178705118e-242	-0.12603952	1.0
MAML3	4.818181818181818	3.3485901111930753e-78	-0.20473056	1.0
FMNL2	5.424242424242424	7.304939763549693e-21	-0.15459329	1.0
XPO4	4.878787878787879	4.201267031456755e-71	-0.20819813	1.0
HERC4	7.803030303030303	1.0	-0.11752819	1.0
SMG5	5.818181818181818	0.0031247077582926205	-0.085177004	1.0
NAV2	4.393939393939394	4.1588243918237506e-134	-0.14724612	1.0
LAMB3	7.287878787878788	1.0	-0.215417	1.0
ANKS1A	4.333333333333333	8.36973431338001e-143	-0.16371202	1.0
ADCY6	5.7727272727272725	0.0002205579338264052	-0.15795663	1.0
WWC1	5.757575757575758	8.110867378945913e-05	-0.21785614	1.0
ATP2B4	5.636363636363637	3.1603395062496015e-09	-0.19866212	1.0
CEP250	4.181818181818182	4.0396039921142017e-165	-0.13585353	1.0
CD163	4.409090909090909	5.914786475214866e-132	-0.16002154	1.0
GUCY2D	15.0	1.0	-0.20511231	1.0
ATP2B2	5.666666666666667	5.7023465843776827e-08	-0.19445321	1.0
WDR6	6.484848484848484	1.0	-0.19694097	1.0
TRERF1	4.166666666666667	2.1673241151360944e-167	-0.16607147	1.0
PCDH17	5.409090909090909	7.050991745134946e-22	-0.16578385	1.0
APAF1	4.181818181818182	4.0396039921142017e-165	-0.22832805	1.0
PLCG1	3.8484848484848486	2.263719495264942e-216	-0.22939825	1.0
EIF5B	4.924242424242424	5.985953570968111e-66	-0.19197291	1.0
GRIN2C	5.606060606060606	1.3777219093908933e-10	-0.20683552	1.0
DHX38	4.893939393939394	2.282999105755518e-69	-0.19896649	1.0
DGKD	5.545454545454546	1.2939466289206966e-13	-0.2002649	1.0
SMARCC2	6.015151515151516	0.9432481883172866	-0.18606418	1.0
ARHGEF10L	5.446153846153846	1.9512154753131114e-19	-0.21999843	1.0
RECQL4	6.242424242424242	1.0	-0.17466047	1.0
SPTBN4	6.2153846153846155	1.0	-0.15698712	1.0
NOMO3	5.409090909090909	7.050991745134946e-22	-0.18378541	1.0
PHLDB2	4.363636363636363	1.9296931071479538e-138	-0.17589636	1.0
EVC2	4.757575757575758	1.4989734955504187e-85	-0.1699885	1.0
FLII	4.696969696969697	3.895072545540908e-93	-0.1719949	1.0
POLRMT	15.0	1.0	-0.20200609	1.0
RBP3	5.151515151515151	1.1784022048920932e-42	-0.17507605	1.0
IRS4	4.393939393939394	4.1588243918237506e-134	-0.17085412	1.0
RASAL2	4.242424242424242	4.2660456775394e-156	-0.18497196	1.0
NOMO1	7.409090909090909	1.0	-0.16312131	1.0
CEP192	6.984848484848484	1.0	-0.12885344	1.0
SCAP	4.666666666666667	5.190235199322125e-97	-0.223363	1.0
SYMPK	4.181818181818182	4.0396039921142017e-165	-0.18383488	1.0
GRIN2D	3.803030303030303	1.6541955466014821e-223	-0.24203132	1.0
UBE2O	5.590909090909091	2.632737875380154e-11	-0.20528321	1.0
MTR	5.2727272727272725	4.464690473874677e-32	-0.1776347	1.0
TRPS1	4.954545454545454	1.3430778973097058e-62	-0.1877117	1.0
CRB2	4.757575757575758	1.4989734955504187e-85	-0.1726971	1.0
OBSCN	5.5	3.7842004657943047e-16	-0.20629914	1.0
IGF1R	3.8333333333333335	9.335542196331431e-219	-0.2045202	1.0
SMC4	15.0	1.0	-0.17387211	1.0
KTN1	4.590909090909091	6.15075884339598e-107	-0.19572756	1.0
EHMT1	7.333333333333333	1.0	-0.17940226	1.0
MED23	6.742424242424242	1.0	-0.21407236	1.0
SCAF1	5.409090909090909	7.050991745134946e-22	-0.17040968	1.0
CDHR2	5.848484848484849	0.01364731693088985	-0.14797665	1.0
NUP155	15.0	1.0	-0.17921627	1.0
ATAD2	3.984848484848485	3.796242806180348e-195	-0.18474865	1.0
UTY	5.151515151515151	1.1784022048920932e-42	-0.1883514	1.0
NPAT	4.257575757575758	7.351715149052645e-154	-0.18559195	1.0
SNAPC4	4.5	2.987526822932176e-119	-0.22010866	1.0
COL3A1	5.621212121212121	6.787535082773471e-10	-0.21645164	1.0
COL17A1	4.318181818181818	5.3259981484645446e-145	-0.22396019	1.0
HTT	3.409090909090909	4.198102680920517e-286	-0.21172403	1.0
ADCY10	7.333333333333333	1.0	-0.20536269	1.0
VPRBP	4.7727272727272725	1.0830356453634325e-83	-0.17859228	1.0
MRC1	4.696969696969697	3.895072545540908e-93	-0.17870164	1.0
ARHGEF12	5.363636363636363	4.575487144392107e-25	-0.22352621	1.0
PLA2R1	7.833333333333333	1.0	-0.21151595	1.0
REV3L	5.090909090909091	1.923470993656941e-48	-0.17016646	1.0
COL18A1	7.181818181818182	1.0	-0.20649008	1.0
BAZ1A	3.9393939393939394	3.3887978519689985e-202	-0.20150414	1.0
CLASP2	5.7272727272727275	9.160567380971782e-06	-0.20642531	1.0
CUX2	4.212121212121212	1.3452563711804457e-160	-0.16940418	1.0
NISCH	5.318181818181818	1.8111998406309878e-28	-0.1809273	1.0
MED1	3.757575757575758	1.1434317634623256e-230	-0.22458757	1.0
MAST1	4.818181818181818	3.3485901111930753e-78	-0.19454604	1.0
ABCC2	6.090909090909091	1.0	-0.21217772	1.0
MEGF6	5.242424242424242	1.363714314520086e-34	-0.19621058	1.0
WDR7	15.0	1.0	-0.17098641	1.0
CCDC141	6.121212121212121	1.0	-0.17858768	1.0
RUSC2	15.0	1.0	-0.15836358	1.0
RELN	5.166666666666667	2.93824026063579e-41	-0.18678372	1.0
PIK3C2A	4.424242424242424	8.234322370316294e-130	-0.17822495	1.0
C4A	11.151515151515152	1.0	-0.20569676	1.0
C4B	10.181818181818182	1.0	-0.21908031	1.0
N4BP2	4.0	8.378388133182956e-193	-0.19909278	1.0
AKD1	4.7272727272727275	2.5869665633246372e-89	-0.18077365	1.0
PLXNB3	15.0	1.0	-0.15666595	1.0
MYH10	6.257575757575758	1.0	-0.19681728	1.0
MDC1	3.696969696969697	3.006258229506499e-240	-0.22251606	1.0
TNXB	6.287878787878788	1.0	-0.18018632	1.0
MYH14	6.196969696969697	1.0	-0.17963237	1.0
CCDC88C	5.106060606060606	5.774871996982557e-47	-0.18009849	1.0
ANKRD12	5.454545454545454	6.638801559632507e-19	-0.18572986	1.0
SHANK1	5.3076923076923075	2.778804503879932e-29	-0.23737833	1.0
DIDO1	4.7727272727272725	1.0830356453634325e-83	-0.22333972	1.0
EPPK1	4.4393939393939394	1.1179237737721773e-127	-0.08637539	1.0
BAHCC1	6.015151515151516	0.9432481883172866	-0.17426115	1.0
FSIP2	15.0	1.0	-0.17554034	1.0
SMG1	6.484848484848484	1.0	-0.20595515	1.0
PRKDC	3.5303030303030303	9.616322325664552e-267	-0.23861617	1.0
